,Unnamed: 0,id,ticker,created_at,full_text_preprocessed,user.verified,favorite_count,retweet_count,quality,entities.symbols,num_cashtags,query_params
37655,20021,1511420245621280775,$QQQ,Tue Apr 05 19:07:22 +0000 2022,where is next support for qqq,False,4,0,False,"[{'text': 'QQQ', 'indices': [26, 30]}]",1,query:$QQQ -$GME -$TSLA -$TWTR -$AMC -$SPY -$HMHC -$DWAC -$AMD -$SST -$AAPL -$AMZN -$NVDA -$TLRY -$NFLX -$PLTR -$FB -$BABA -$VIX -$SOFI -$TEAM -$RBLX -$RSX -$WISH -$OSU -filter:retweets since_id:1511131501156577280 until_date:2022-04-06 max_tweets:10000
12972,1872,1510289249790304263,$TSLA,Sat Apr 02 16:13:11 +0000 2022,congrats to the whole global smart hyper productive tsla team ,False,6,0,False,"[{'text': 'TSLA', 'indices': [55, 60]}]",1,query:$TSLA -$GME -$TWTR -$AMC -$SPY -$HMHC -$DWAC -$AMD -$SST -$AAPL -$AMZN -$NVDA -$TLRY -$NFLX -$QQQ -$PLTR -$FB -$BABA -$VIX -$SOFI -$TEAM -$RBLX -$RSX -$WISH -$OSU -filter:retweets since_id:1510044337538805762 until_date:2022-04-03 max_tweets:10000
1164,1164,1510311287108079620,$TSLA,Sat Apr 02 17:40:45 +0000 2022,tesla announces the date for its financial results amp earnings call for q tsla,False,48,5,False,"[{'text': 'TSLA', 'indices': [92, 97]}]",1,query:$TSLA -$GME -$TWTR -$AMC -$SPY -$HMHC -$DWAC -$AMD -$SST -$AAPL -$AMZN -$NVDA -$TLRY -$NFLX -$QQQ -$PLTR -$FB -$BABA -$VIX -$SOFI -$TEAM -$RBLX -$RSX -$WISH -$OSU -filter:retweets since_id:1510044337538805762 until_date:2022-04-03 max_tweets:10000
56094,16083,1511688005823737862,$NVDA,Wed Apr 06 12:51:21 +0000 2022,nvda cowards did it before openthey knew wed bank too hard,False,32,0,False,"[{'text': 'NVDA', 'indices': [0, 5]}]",1,query:$NVDA -$GME -$TSLA -$TWTR -$AMC -$SPY -$HMHC -$DWAC -$AMD -$SST -$AAPL -$AMZN -$TLRY -$NFLX -$QQQ -$PLTR -$FB -$BABA -$VIX -$SOFI -$TEAM -$RBLX -$RSX -$WISH -$OSU -filter:retweets since_id:1511493889013727239 until_date:2022-04-07 max_tweets:10000
57988,17977,1511778583555067920,$QQQ,Wed Apr 06 18:51:16 +0000 2022,qqq holding trend so far after craze,False,2,0,False,"[{'text': 'QQQ', 'indices': [0, 4]}]",1,query:$QQQ -$GME -$TSLA -$TWTR -$AMC -$SPY -$HMHC -$DWAC -$AMD -$SST -$AAPL -$AMZN -$NVDA -$TLRY -$NFLX -$PLTR -$FB -$BABA -$VIX -$SOFI -$TEAM -$RBLX -$RSX -$WISH -$OSU -filter:retweets since_id:1511493889013727239 until_date:2022-04-07 max_tweets:10000
38428,20794,1511346029114937364,$PLTR,Tue Apr 05 14:12:27 +0000 2022,pltr seeing stuff like this from means a lot to me teaching the short years i did in special education taught me lessons ill never forget,False,62,5,False,"[{'text': 'PLTR', 'indices': [0, 5]}]",1,query:$PLTR -$GME -$TSLA -$TWTR -$AMC -$SPY -$HMHC -$DWAC -$AMD -$SST -$AAPL -$AMZN -$NVDA -$TLRY -$NFLX -$QQQ -$FB -$BABA -$VIX -$SOFI -$TEAM -$RBLX -$RSX -$WISH -$OSU -filter:retweets since_id:1511131501156577280 until_date:2022-04-06 max_tweets:10000
54518,14507,1511688607895072774,$SST,Wed Apr 06 12:53:44 +0000 2022,sst still has a long way to go,False,4,2,False,"[{'text': 'SST', 'indices': [0, 4]}]",1,query:$SST -$GME -$TSLA -$TWTR -$AMC -$SPY -$HMHC -$DWAC -$AMD -$AAPL -$AMZN -$NVDA -$TLRY -$NFLX -$QQQ -$PLTR -$FB -$BABA -$VIX -$SOFI -$TEAM -$RBLX -$RSX -$WISH -$OSU -filter:retweets since_id:1511493889013727239 until_date:2022-04-07 max_tweets:10000
3281,3281,1510278645046251529,$AMC,Sat Apr 02 15:31:03 +0000 2022,amc banked hard on that  dip the other day not many stocks out there that can go  to  in a few hours on no news that was wild lets do it again next week credit to on this play the institutions told the story,False,26,4,False,"[{'text': 'AMC', 'indices': [0, 4]}]",1,query:$AMC -$GME -$TSLA -$TWTR -$SPY -$HMHC -$DWAC -$AMD -$SST -$AAPL -$AMZN -$NVDA -$TLRY -$NFLX -$QQQ -$PLTR -$FB -$BABA -$VIX -$SOFI -$TEAM -$RBLX -$RSX -$WISH -$OSU -filter:retweets since_id:1510044337538805762 until_date:2022-04-03 max_tweets:10000
52155,12144,1511671117735657472,$SPY,Wed Apr 06 11:44:14 +0000 2022,spy fresh new lows cometh out of the oven my children,False,3,0,False,"[{'text': 'SPY', 'indices': [0, 4]}]",1,query:$SPY -$GME -$TSLA -$TWTR -$AMC -$HMHC -$DWAC -$AMD -$SST -$AAPL -$AMZN -$NVDA -$TLRY -$NFLX -$QQQ -$PLTR -$FB -$BABA -$VIX -$SOFI -$TEAM -$RBLX -$RSX -$WISH -$OSU -filter:retweets since_id:1511493889013727239 until_date:2022-04-07 max_tweets:10000
38746,21112,1511395335972667397,$FB,Tue Apr 05 17:28:23 +0000 2022,mark z has really deep and comprehensive understanding for supporting freedom of expression and content moderation at a very large scale should talk to himfb,False,2,0,False,"[{'text': 'FB', 'indices': [170, 173]}]",1,query:$FB -$GME -$TSLA -$TWTR -$AMC -$SPY -$HMHC -$DWAC -$AMD -$SST -$AAPL -$AMZN -$NVDA -$TLRY -$NFLX -$QQQ -$PLTR -$BABA -$VIX -$SOFI -$TEAM -$RBLX -$RSX -$WISH -$OSU -filter:retweets since_id:1511131501156577280 until_date:2022-04-06 max_tweets:10000
43433,3422,1511777236470407175,$TWTR,Wed Apr 06 18:45:55 +0000 2022,when she hears you are long twtr,False,106,8,True,"[{'text': 'TWTR', 'indices': [28, 33]}]",1,query:$TWTR -$GME -$TSLA -$AMC -$SPY -$HMHC -$DWAC -$AMD -$SST -$AAPL -$AMZN -$NVDA -$TLRY -$NFLX -$QQQ -$PLTR -$FB -$BABA -$VIX -$SOFI -$TEAM -$RBLX -$RSX -$WISH -$OSU -filter:retweets since_id:1511493889013727239 until_date:2022-04-07 max_tweets:10000
26742,9108,1511477219885002754,$AMC,Tue Apr 05 22:53:45 +0000 2022,amc is one of the top trending stocks on stocktwits and twitter here are the latest numbers m twitter impressionsm stocktwits impressionslink in bio to see realtime social sentiment trends dont miss out,False,2,1,False,"[{'text': 'AMC', 'indices': [0, 4]}]",1,query:$AMC -$GME -$TSLA -$TWTR -$SPY -$HMHC -$DWAC -$AMD -$SST -$AAPL -$AMZN -$NVDA -$TLRY -$NFLX -$QQQ -$PLTR -$FB -$BABA -$VIX -$SOFI -$TEAM -$RBLX -$RSX -$WISH -$OSU -filter:retweets since_id:1511131501156577280 until_date:2022-04-06 max_tweets:10000
24690,7056,1511321743075459074,$TWTR,Tue Apr 05 12:35:57 +0000 2022,musk joining twitter board of directors twitter says elon musk cannot become beneficial owner of more than  of common stock while he is on boardtwtr,False,3,0,False,"[{'text': 'TWTR', 'indices': [154, 159]}]",1,query:$TWTR -$GME -$TSLA -$AMC -$SPY -$HMHC -$DWAC -$AMD -$SST -$AAPL -$AMZN -$NVDA -$TLRY -$NFLX -$QQQ -$PLTR -$FB -$BABA -$VIX -$SOFI -$TEAM -$RBLX -$RSX -$WISH -$OSU -filter:retweets since_id:1511131501156577280 until_date:2022-04-06 max_tweets:10000
35038,17404,1511343511748104215,$SST,Tue Apr 05 14:02:27 +0000 2022,sold  of my sst calls,False,2,0,False,"[{'text': 'SST', 'indices': [15, 19]}]",1,query:$SST -$GME -$TSLA -$TWTR -$AMC -$SPY -$HMHC -$DWAC -$AMD -$AAPL -$AMZN -$NVDA -$TLRY -$NFLX -$QQQ -$PLTR -$FB -$BABA -$VIX -$SOFI -$TEAM -$RBLX -$RSX -$WISH -$OSU -filter:retweets since_id:1511131501156577280 until_date:2022-04-06 max_tweets:10000
36164,18530,1511416379366330372,$AMZN,Tue Apr 05 18:52:00 +0000 2022,amazon amzn was sustainably operating profitable at b annual revenueswhy exactly does it take home delivery businesses tens of billions worth of sales to be fake profitable ie adjusted ebitda positiveindustry cohort currently b sales for b operating loss,False,15,2,False,"[{'text': 'AMZN', 'indices': [7, 12]}]",1,query:$AMZN -$GME -$TSLA -$TWTR -$AMC -$SPY -$HMHC -$DWAC -$AMD -$SST -$AAPL -$NVDA -$TLRY -$NFLX -$QQQ -$PLTR -$FB -$BABA -$VIX -$SOFI -$TEAM -$RBLX -$RSX -$WISH -$OSU -filter:retweets since_id:1511131501156577280 until_date:2022-04-06 max_tweets:10000
50650,10639,1511754097543815176,$SPY,Wed Apr 06 17:13:58 +0000 2022,too many people calling for markets to drop usually goes the other way spy,False,3,0,False,"[{'text': 'spy', 'indices': [72, 76]}]",1,query:$SPY -$GME -$TSLA -$TWTR -$AMC -$HMHC -$DWAC -$AMD -$SST -$AAPL -$AMZN -$NVDA -$TLRY -$NFLX -$QQQ -$PLTR -$FB -$BABA -$VIX -$SOFI -$TEAM -$RBLX -$RSX -$WISH -$OSU -filter:retweets since_id:1511493889013727239 until_date:2022-04-07 max_tweets:10000
44017,4006,1511720181252464649,$TWTR,Wed Apr 06 14:59:12 +0000 2022,fam we winning yet twtr,False,4,0,False,"[{'text': 'TWTR', 'indices': [20, 25]}]",1,query:$TWTR -$GME -$TSLA -$AMC -$SPY -$HMHC -$DWAC -$AMD -$SST -$AAPL -$AMZN -$NVDA -$TLRY -$NFLX -$QQQ -$PLTR -$FB -$BABA -$VIX -$SOFI -$TEAM -$RBLX -$RSX -$WISH -$OSU -filter:retweets since_id:1511493889013727239 until_date:2022-04-07 max_tweets:10000
17775,141,1511437645142007810,$GME,Tue Apr 05 20:16:30 +0000 2022,hmmm this etf holds a decent chunk of gme,False,12,0,False,"[{'text': 'GME', 'indices': [39, 43]}]",1,query:$GME -$TSLA -$TWTR -$AMC -$SPY -$HMHC -$DWAC -$AMD -$SST -$AAPL -$AMZN -$NVDA -$TLRY -$NFLX -$QQQ -$PLTR -$FB -$BABA -$VIX -$SOFI -$TEAM -$RBLX -$RSX -$WISH -$OSU -filter:retweets since_id:1511131501156577280 until_date:2022-04-06 max_tweets:10000
7351,809,1510654927747616778,$TSLA,Sun Apr 03 16:26:16 +0000 2022,this is fascism why isnt elon musk complaining like he did in california i guess he is complete china bootlicker bow down to china elon tsla,False,8,2,False,"[{'text': 'TSLA', 'indices': [149, 154]}]",1,query:$TSLA -$GME -$TWTR -$AMC -$SPY -$HMHC -$DWAC -$AMD -$SST -$AAPL -$AMZN -$NVDA -$TLRY -$NFLX -$QQQ -$PLTR -$FB -$BABA -$VIX -$SOFI -$TEAM -$RBLX -$RSX -$WISH -$OSU -filter:retweets since_id:1510406725421072388 until_date:2022-04-04 max_tweets:10000
41018,1007,1511799442155839489,$TSLA,Wed Apr 06 20:14:09 +0000 2022,didnt hold today but no worries we got the largest most innovative robotonwheels producing factory in the world opening tomorrow giga texas tsla,False,60,2,False,"[{'text': 'TSLA', 'indices': [159, 164]}]",1,query:$TSLA -$GME -$TWTR -$AMC -$SPY -$HMHC -$DWAC -$AMD -$SST -$AAPL -$AMZN -$NVDA -$TLRY -$NFLX -$QQQ -$PLTR -$FB -$BABA -$VIX -$SOFI -$TEAM -$RBLX -$RSX -$WISH -$OSU -filter:retweets since_id:1511493889013727239 until_date:2022-04-07 max_tweets:10000
27858,10224,1511390664206036992,$AMC,Tue Apr 05 17:09:49 +0000 2022,amc i forecast a big rip in i see it in the clouds new kind of ta,False,160,12,True,"[{'text': 'AMC', 'indices': [0, 4]}]",1,query:$AMC -$GME -$TSLA -$TWTR -$SPY -$HMHC -$DWAC -$AMD -$SST -$AAPL -$AMZN -$NVDA -$TLRY -$NFLX -$QQQ -$PLTR -$FB -$BABA -$VIX -$SOFI -$TEAM -$RBLX -$RSX -$WISH -$OSU -filter:retweets since_id:1511131501156577280 until_date:2022-04-06 max_tweets:10000
31203,13569,1511396408657649664,$SPY,Tue Apr 05 17:32:38 +0000 2022,spy p,False,4,0,False,"[{'text': 'SPY', 'indices': [0, 4]}]",1,query:$SPY -$GME -$TSLA -$TWTR -$AMC -$HMHC -$DWAC -$AMD -$SST -$AAPL -$AMZN -$NVDA -$TLRY -$NFLX -$QQQ -$PLTR -$FB -$BABA -$VIX -$SOFI -$TEAM -$RBLX -$RSX -$WISH -$OSU -filter:retweets since_id:1511131501156577280 until_date:2022-04-06 max_tweets:10000
45535,5524,1511818097488973828,$AMC,Wed Apr 06 21:28:17 +0000 2022,amc  in the past you spoke about companys stocks buy sell and completely opposite happened now you are talking about marketsscary does it mean market crash and there will be no market,False,12,0,False,"[{'text': 'AMC', 'indices': [16, 20]}]",1,query:$AMC -$GME -$TSLA -$TWTR -$SPY -$HMHC -$DWAC -$AMD -$SST -$AAPL -$AMZN -$NVDA -$TLRY -$NFLX -$QQQ -$PLTR -$FB -$BABA -$VIX -$SOFI -$TEAM -$RBLX -$RSX -$WISH -$OSU -filter:retweets since_id:1511493889013727239 until_date:2022-04-07 max_tweets:10000
9582,3040,1510609869459505156,$SPY,Sun Apr 03 13:27:13 +0000 2022,spy to the moonnnnn,False,3,0,False,"[{'text': 'SPY', 'indices': [15, 19]}]",1,query:$SPY -$GME -$TSLA -$TWTR -$AMC -$HMHC -$DWAC -$AMD -$SST -$AAPL -$AMZN -$NVDA -$TLRY -$NFLX -$QQQ -$PLTR -$FB -$BABA -$VIX -$SOFI -$TEAM -$RBLX -$RSX -$WISH -$OSU -filter:retweets since_id:1510406725421072388 until_date:2022-04-04 max_tweets:10000
59178,19167,1511727049228046337,$FB,Wed Apr 06 15:26:29 +0000 2022,stock to watch fbcurling today may see buyers step inholding ma support well looking for entry at  if buyers step inneeds to fill gap upubs raised pt to  maintain buy ratingjust waiting for fed minutes,False,3,1,False,"[{'text': 'fb', 'indices': [15, 18]}]",1,query:$FB -$GME -$TSLA -$TWTR -$AMC -$SPY -$HMHC -$DWAC -$AMD -$SST -$AAPL -$AMZN -$NVDA -$TLRY -$NFLX -$QQQ -$PLTR -$BABA -$VIX -$SOFI -$TEAM -$RBLX -$RSX -$WISH -$OSU -filter:retweets since_id:1511493889013727239 until_date:2022-04-07 max_tweets:10000
28559,10925,1511343399584026634,$AMC,Tue Apr 05 14:02:00 +0000 2022,so at what point does it rip all these mfrs saying its gonna rip today amc yall wouldnt be doing that to gain followers would ya,False,11,0,False,"[{'text': 'AMC', 'indices': [79, 83]}]",1,query:$AMC -$GME -$TSLA -$TWTR -$SPY -$HMHC -$DWAC -$AMD -$SST -$AAPL -$AMZN -$NVDA -$TLRY -$NFLX -$QQQ -$PLTR -$FB -$BABA -$VIX -$SOFI -$TEAM -$RBLX -$RSX -$WISH -$OSU -filter:retweets since_id:1511131501156577280 until_date:2022-04-06 max_tweets:10000
53437,13426,1511531937659338752,$DWAC,Wed Apr 06 02:31:11 +0000 2022,if unbans trump dwac will hit single digits,False,3,0,False,"[{'text': 'DWAC', 'indices': [27, 32]}]",1,query:$DWAC -$GME -$TSLA -$TWTR -$AMC -$SPY -$HMHC -$AMD -$SST -$AAPL -$AMZN -$NVDA -$TLRY -$NFLX -$QQQ -$PLTR -$FB -$BABA -$VIX -$SOFI -$TEAM -$RBLX -$RSX -$WISH -$OSU -filter:retweets since_id:1511493889013727239 until_date:2022-04-07 max_tweets:10000
32195,14561,1511343293375864847,$SPY,Tue Apr 05 14:01:35 +0000 2022,spy   stranger things have happened,False,2,0,False,"[{'text': 'SPY', 'indices': [0, 4]}]",1,query:$SPY -$GME -$TSLA -$TWTR -$AMC -$HMHC -$DWAC -$AMD -$SST -$AAPL -$AMZN -$NVDA -$TLRY -$NFLX -$QQQ -$PLTR -$FB -$BABA -$VIX -$SOFI -$TEAM -$RBLX -$RSX -$WISH -$OSU -filter:retweets since_id:1511131501156577280 until_date:2022-04-06 max_tweets:10000
7356,814,1510653507807981568,$TSLA,Sun Apr 03 16:20:37 +0000 2022,the only folks permanently short tsla have to the ones that think it will go to zero even now after quarter after quarter of record output and earningsive been wrong before but not this wrong i will never understand,False,19,2,False,"[{'text': 'TSLA', 'indices': [33, 38]}]",1,query:$TSLA -$GME -$TWTR -$AMC -$SPY -$HMHC -$DWAC -$AMD -$SST -$AAPL -$AMZN -$NVDA -$TLRY -$NFLX -$QQQ -$PLTR -$FB -$BABA -$VIX -$SOFI -$TEAM -$RBLX -$RSX -$WISH -$OSU -filter:retweets since_id:1510406725421072388 until_date:2022-04-04 max_tweets:10000
38476,20842,1511311742198063112,$PLTR,Tue Apr 05 11:56:12 +0000 2022,pltr  stock based compensation has bn yes billion still unrecognised sbc mn rsu in y mny mn options in y mnygtmn sbc at least in   of revenuesno fud just accounting be awarety for hint,False,8,3,False,"[{'text': 'PLTR', 'indices': [0, 5]}]",1,query:$PLTR -$GME -$TSLA -$TWTR -$AMC -$SPY -$HMHC -$DWAC -$AMD -$SST -$AAPL -$AMZN -$NVDA -$TLRY -$NFLX -$QQQ -$FB -$BABA -$VIX -$SOFI -$TEAM -$RBLX -$RSX -$WISH -$OSU -filter:retweets since_id:1511131501156577280 until_date:2022-04-06 max_tweets:10000
36482,18848,1511434492875059200,$NVDA,Tue Apr 05 20:03:58 +0000 2022,nvda finishes down  to ,True,15,1,True,"[{'text': 'NVDA', 'indices': [0, 5]}]",1,query:$NVDA -$GME -$TSLA -$TWTR -$AMC -$SPY -$HMHC -$DWAC -$AMD -$SST -$AAPL -$AMZN -$TLRY -$NFLX -$QQQ -$PLTR -$FB -$BABA -$VIX -$SOFI -$TEAM -$RBLX -$RSX -$WISH -$OSU -filter:retweets since_id:1511131501156577280 until_date:2022-04-06 max_tweets:10000
47725,7714,1511583663074557952,$AMC,Wed Apr 06 05:56:43 +0000 2022,the community is scared and ken griffin sees itif you cant fight for your money you dont stand a chance against people like ken griffinbuying puts is not the way to win  putting pressure is the only wayamc,False,19,3,False,"[{'text': 'amc', 'indices': [220, 224]}]",1,query:$AMC -$GME -$TSLA -$TWTR -$SPY -$HMHC -$DWAC -$AMD -$SST -$AAPL -$AMZN -$NVDA -$TLRY -$NFLX -$QQQ -$PLTR -$FB -$BABA -$VIX -$SOFI -$TEAM -$RBLX -$RSX -$WISH -$OSU -filter:retweets since_id:1511493889013727239 until_date:2022-04-07 max_tweets:10000
59331,19320,1511498945478168577,$FB,Wed Apr 06 00:20:05 +0000 2022,long fb always,False,13,0,False,"[{'text': 'FB', 'indices': [18, 21]}]",1,query:$FB -$GME -$TSLA -$TWTR -$AMC -$SPY -$HMHC -$DWAC -$AMD -$SST -$AAPL -$AMZN -$NVDA -$TLRY -$NFLX -$QQQ -$PLTR -$BABA -$VIX -$SOFI -$TEAM -$RBLX -$RSX -$WISH -$OSU -filter:retweets since_id:1511493889013727239 until_date:2022-04-07 max_tweets:10000
369,369,1510060623597506561,$GME,Sat Apr 02 01:04:42 +0000 2022,ryan cohen is the chairman for gme,False,4,0,False,"[{'text': 'GME', 'indices': [45, 49]}]",1,query:$GME -$TSLA -$TWTR -$AMC -$SPY -$HMHC -$DWAC -$AMD -$SST -$AAPL -$AMZN -$NVDA -$TLRY -$NFLX -$QQQ -$PLTR -$FB -$BABA -$VIX -$SOFI -$TEAM -$RBLX -$RSX -$WISH -$OSU -filter:retweets since_id:1510044337538805762 until_date:2022-04-03 max_tweets:10000
13875,2775,1510400293678174212,$AMC,Sat Apr 02 23:34:26 +0000 2022,amc setup is looking really good for bulls ngl,False,5,1,False,"[{'text': 'AMC', 'indices': [117, 121]}]",1,query:$AMC -$GME -$TSLA -$TWTR -$SPY -$HMHC -$DWAC -$AMD -$SST -$AAPL -$AMZN -$NVDA -$TLRY -$NFLX -$QQQ -$PLTR -$FB -$BABA -$VIX -$SOFI -$TEAM -$RBLX -$RSX -$WISH -$OSU -filter:retweets since_id:1510044337538805762 until_date:2022-04-03 max_tweets:10000
58338,18327,1511724257981652993,$QQQ,Wed Apr 06 15:15:24 +0000 2022,qqq follow up,True,47,5,True,"[{'text': 'qqq', 'indices': [0, 4]}]",1,query:$QQQ -$GME -$TSLA -$TWTR -$AMC -$SPY -$HMHC -$DWAC -$AMD -$SST -$AAPL -$AMZN -$NVDA -$TLRY -$NFLX -$PLTR -$FB -$BABA -$VIX -$SOFI -$TEAM -$RBLX -$RSX -$WISH -$OSU -filter:retweets since_id:1511493889013727239 until_date:2022-04-07 max_tweets:10000
50668,10657,1511753112108863490,$SPY,Wed Apr 06 17:10:03 +0000 2022,picked up some spy calls for apr looking for a move back to the monthly high off the opex pattern,False,24,0,False,"[{'text': 'SPY', 'indices': [15, 19]}]",1,query:$SPY -$GME -$TSLA -$TWTR -$AMC -$HMHC -$DWAC -$AMD -$SST -$AAPL -$AMZN -$NVDA -$TLRY -$NFLX -$QQQ -$PLTR -$FB -$BABA -$VIX -$SOFI -$TEAM -$RBLX -$RSX -$WISH -$OSU -filter:retweets since_id:1511493889013727239 until_date:2022-04-07 max_tweets:10000
2897,2897,1510376332429041667,$AMC,Sat Apr 02 21:59:13 +0000 2022,how everyone should be when amc hits ,False,3,0,False,"[{'text': 'AMC', 'indices': [28, 32]}]",1,query:$AMC -$GME -$TSLA -$TWTR -$SPY -$HMHC -$DWAC -$AMD -$SST -$AAPL -$AMZN -$NVDA -$TLRY -$NFLX -$QQQ -$PLTR -$FB -$BABA -$VIX -$SOFI -$TEAM -$RBLX -$RSX -$WISH -$OSU -filter:retweets since_id:1510044337538805762 until_date:2022-04-03 max_tweets:10000
47876,7865,1511553914814054401,$AMC,Wed Apr 06 03:58:31 +0000 2022,st rule you never buy puts against your company amc,False,20,1,False,"[{'text': 'amc', 'indices': [57, 61]}]",1,query:$AMC -$GME -$TSLA -$TWTR -$SPY -$HMHC -$DWAC -$AMD -$SST -$AAPL -$AMZN -$NVDA -$TLRY -$NFLX -$QQQ -$PLTR -$FB -$BABA -$VIX -$SOFI -$TEAM -$RBLX -$RSX -$WISH -$OSU -filter:retweets since_id:1511493889013727239 until_date:2022-04-07 max_tweets:10000
46970,6959,1511706884729974790,$AMC,Wed Apr 06 14:06:22 +0000 2022,amc dang crypto is getting railroaded,False,14,1,False,"[{'text': 'AMC', 'indices': [5, 9]}]",1,query:$AMC -$GME -$TSLA -$TWTR -$SPY -$HMHC -$DWAC -$AMD -$SST -$AAPL -$AMZN -$NVDA -$TLRY -$NFLX -$QQQ -$PLTR -$FB -$BABA -$VIX -$SOFI -$TEAM -$RBLX -$RSX -$WISH -$OSU -filter:retweets since_id:1511493889013727239 until_date:2022-04-07 max_tweets:10000
3875,3875,1510078805276168192,$AMC,Sat Apr 02 02:16:57 +0000 2022,any hedge shill out here tripping off rogue traders literature and dd understand rogue knows math and wordswe dont need no fukin sec never did we only needed us this rogue gamma is coming to wrek hedge fund worlds your hamptons beach house will be ours amc,False,145,8,True,"[{'text': 'AMC', 'indices': [271, 275]}]",1,query:$AMC -$GME -$TSLA -$TWTR -$SPY -$HMHC -$DWAC -$AMD -$SST -$AAPL -$AMZN -$NVDA -$TLRY -$NFLX -$QQQ -$PLTR -$FB -$BABA -$VIX -$SOFI -$TEAM -$RBLX -$RSX -$WISH -$OSU -filter:retweets since_id:1510044337538805762 until_date:2022-04-03 max_tweets:10000
7937,1395,1510472968178085890,$TSLA,Sun Apr 03 04:23:13 +0000 2022,rent checks came in st of every month you know im plowing  into tesla this week whether up or down thats the business model  passive incomes  auto invests into teslathis is also called investing discipline that many of you lacklfg tsla,False,90,3,False,"[{'text': 'TSLA', 'indices': [265, 270]}]",1,query:$TSLA -$GME -$TWTR -$AMC -$SPY -$HMHC -$DWAC -$AMD -$SST -$AAPL -$AMZN -$NVDA -$TLRY -$NFLX -$QQQ -$PLTR -$FB -$BABA -$VIX -$SOFI -$TEAM -$RBLX -$RSX -$WISH -$OSU -filter:retweets since_id:1510406725421072388 until_date:2022-04-04 max_tweets:10000
34935,17301,1511353501762338827,$SST,Tue Apr 05 14:42:09 +0000 2022,im still holding and i still dont think this is over sst,False,5,0,False,"[{'text': 'SST', 'indices': [54, 58]}]",1,query:$SST -$GME -$TSLA -$TWTR -$AMC -$SPY -$HMHC -$DWAC -$AMD -$AAPL -$AMZN -$NVDA -$TLRY -$NFLX -$QQQ -$PLTR -$FB -$BABA -$VIX -$SOFI -$TEAM -$RBLX -$RSX -$WISH -$OSU -filter:retweets since_id:1511131501156577280 until_date:2022-04-06 max_tweets:10000
6609,67,1510701885639913472,$GME,Sun Apr 03 19:32:51 +0000 2022,furthermore insider sales in amc faaar exceeds the insider sales in gamestop gme you know i like to take things with a grain of salt but watching your analysis over the year about the stonks you heavily favor amc imovery similar to how msm favors amc as well,False,32,2,False,"[{'text': 'GME', 'indices': [91, 95]}]",1,query:$GME -$TSLA -$TWTR -$AMC -$SPY -$HMHC -$DWAC -$AMD -$SST -$AAPL -$AMZN -$NVDA -$TLRY -$NFLX -$QQQ -$PLTR -$FB -$BABA -$VIX -$SOFI -$TEAM -$RBLX -$RSX -$WISH -$OSU -filter:retweets since_id:1510406725421072388 until_date:2022-04-04 max_tweets:10000
44018,4007,1511720158167023617,$TWTR,Wed Apr 06 14:59:06 +0000 2022,the party has just beguntwtr,False,9,3,False,"[{'text': 'TWTR', 'indices': [26, 31]}]",1,query:$TWTR -$GME -$TSLA -$AMC -$SPY -$HMHC -$DWAC -$AMD -$SST -$AAPL -$AMZN -$NVDA -$TLRY -$NFLX -$QQQ -$PLTR -$FB -$BABA -$VIX -$SOFI -$TEAM -$RBLX -$RSX -$WISH -$OSU -filter:retweets since_id:1511493889013727239 until_date:2022-04-07 max_tweets:10000
2296,2296,1510250766656811008,$TSLA,Sat Apr 02 13:40:16 +0000 2022,the last time he spoke about this was during his berlin speech where he said theyre growing at  now and are going to accelerate that going forward wow people have no clue whats in store for them those who missed the other runs will miss this too gt tsla,False,25,3,False,"[{'text': 'TSLA', 'indices': [306, 311]}]",1,query:$TSLA -$GME -$TWTR -$AMC -$SPY -$HMHC -$DWAC -$AMD -$SST -$AAPL -$AMZN -$NVDA -$TLRY -$NFLX -$QQQ -$PLTR -$FB -$BABA -$VIX -$SOFI -$TEAM -$RBLX -$RSX -$WISH -$OSU -filter:retweets since_id:1510044337538805762 until_date:2022-04-03 max_tweets:10000
30499,12865,1511428560673820677,$SPY,Tue Apr 05 19:40:24 +0000 2022,spy easy put day this is the best market makers gift they give you a min cross over intra day and you ride that joint all the homies are up today too printed  and counting still thats not including the last  move we just got not long ago play the ,False,8,0,False,"[{'text': 'spy', 'indices': [0, 4]}]",1,query:$SPY -$GME -$TSLA -$TWTR -$AMC -$HMHC -$DWAC -$AMD -$SST -$AAPL -$AMZN -$NVDA -$TLRY -$NFLX -$QQQ -$PLTR -$FB -$BABA -$VIX -$SOFI -$TEAM -$RBLX -$RSX -$WISH -$OSU -filter:retweets since_id:1511131501156577280 until_date:2022-04-06 max_tweets:10000
7954,1412,1510468898721832961,$TSLA,Sun Apr 03 04:07:03 +0000 2022,tesla tsla plans to resume production at its shanghai plant from april  reuters,False,121,11,True,"[{'text': 'TSLA', 'indices': [6, 11]}]",1,query:$TSLA -$GME -$TWTR -$AMC -$SPY -$HMHC -$DWAC -$AMD -$SST -$AAPL -$AMZN -$NVDA -$TLRY -$NFLX -$QQQ -$PLTR -$FB -$BABA -$VIX -$SOFI -$TEAM -$RBLX -$RSX -$WISH -$OSU -filter:retweets since_id:1510406725421072388 until_date:2022-04-04 max_tweets:10000
26461,8827,1511141710117892098,$TWTR,Tue Apr 05 00:40:34 +0000 2022,there are decades  where nothing happens and there is a day  where decades happen twtr,False,24,2,False,"[{'text': 'TWTR', 'indices': [106, 111]}]",1,query:$TWTR -$GME -$TSLA -$AMC -$SPY -$HMHC -$DWAC -$AMD -$SST -$AAPL -$AMZN -$NVDA -$TLRY -$NFLX -$QQQ -$PLTR -$FB -$BABA -$VIX -$SOFI -$TEAM -$RBLX -$RSX -$WISH -$OSU -filter:retweets since_id:1511131501156577280 until_date:2022-04-06 max_tweets:10000
13766,2666,1510054923983110151,$TSLA,Sat Apr 02 00:42:03 +0000 2022,how else do i explain letting my tsla p swing go from green to red af this morning my dumbass be tweeting instead of taking profits smh,False,2,0,False,"[{'text': 'TSLA', 'indices': [33, 38]}]",1,query:$TSLA -$GME -$TWTR -$AMC -$SPY -$HMHC -$DWAC -$AMD -$SST -$AAPL -$AMZN -$NVDA -$TLRY -$NFLX -$QQQ -$PLTR -$FB -$BABA -$VIX -$SOFI -$TEAM -$RBLX -$RSX -$WISH -$OSU -filter:retweets since_id:1510044337538805762 until_date:2022-04-03 max_tweets:10000
11300,200,1510256805871452164,$GME,Sat Apr 02 14:04:16 +0000 2022,gme   scalpers delightbreak and for  break and  with false breakout potential at lose and ,False,4,0,False,"[{'text': 'GME', 'indices': [0, 4]}]",1,query:$GME -$TSLA -$TWTR -$AMC -$SPY -$HMHC -$DWAC -$AMD -$SST -$AAPL -$AMZN -$NVDA -$TLRY -$NFLX -$QQQ -$PLTR -$FB -$BABA -$VIX -$SOFI -$TEAM -$RBLX -$RSX -$WISH -$OSU -filter:retweets since_id:1510044337538805762 until_date:2022-04-03 max_tweets:10000
3948,3948,1510065099469639680,$AMC,Sat Apr 02 01:22:30 +0000 2022,amc stop think folks it is frustrating yes but we were  not too long ago hold strong,False,4,1,False,"[{'text': 'AMC', 'indices': [0, 4]}]",1,query:$AMC -$GME -$TSLA -$TWTR -$SPY -$HMHC -$DWAC -$AMD -$SST -$AAPL -$AMZN -$NVDA -$TLRY -$NFLX -$QQQ -$PLTR -$FB -$BABA -$VIX -$SOFI -$TEAM -$RBLX -$RSX -$WISH -$OSU -filter:retweets since_id:1510044337538805762 until_date:2022-04-03 max_tweets:10000
43975,3964,1511722040499347461,$TWTR,Wed Apr 06 15:06:35 +0000 2022,twtr that dip to  and rip was a nice opportunity this morning for a killer day trade,False,22,1,False,"[{'text': 'TWTR', 'indices': [0, 5]}]",1,query:$TWTR -$GME -$TSLA -$AMC -$SPY -$HMHC -$DWAC -$AMD -$SST -$AAPL -$AMZN -$NVDA -$TLRY -$NFLX -$QQQ -$PLTR -$FB -$BABA -$VIX -$SOFI -$TEAM -$RBLX -$RSX -$WISH -$OSU -filter:retweets since_id:1511493889013727239 until_date:2022-04-07 max_tweets:10000
23943,6309,1511331080980283403,$TWTR,Tue Apr 05 13:13:03 +0000 2022,twtr lets go,False,29,3,False,"[{'text': 'TWTR', 'indices': [0, 5]}]",1,query:$TWTR -$GME -$TSLA -$AMC -$SPY -$HMHC -$DWAC -$AMD -$SST -$AAPL -$AMZN -$NVDA -$TLRY -$NFLX -$QQQ -$PLTR -$FB -$BABA -$VIX -$SOFI -$TEAM -$RBLX -$RSX -$WISH -$OSU -filter:retweets since_id:1511131501156577280 until_date:2022-04-06 max_tweets:10000
17230,6130,1510292583901192194,$PLTR,Sat Apr 02 16:26:26 +0000 2022,ironically my portfolios pltr concentration is the opposite,False,11,0,False,"[{'text': 'PLTR', 'indices': [53, 58]}]",1,query:$PLTR -$GME -$TSLA -$TWTR -$AMC -$SPY -$HMHC -$DWAC -$AMD -$SST -$AAPL -$AMZN -$NVDA -$TLRY -$NFLX -$QQQ -$FB -$BABA -$VIX -$SOFI -$TEAM -$RBLX -$RSX -$WISH -$OSU -filter:retweets since_id:1510044337538805762 until_date:2022-04-03 max_tweets:10000
42409,2398,1511685686583246849,$TSLA,Wed Apr 06 12:42:08 +0000 2022,levels for tsla tesla today resistance    last  support    trade accordingly ,False,6,1,False,"[{'text': 'TSLA', 'indices': [11, 16]}]",1,query:$TSLA -$GME -$TWTR -$AMC -$SPY -$HMHC -$DWAC -$AMD -$SST -$AAPL -$AMZN -$NVDA -$TLRY -$NFLX -$QQQ -$PLTR -$FB -$BABA -$VIX -$SOFI -$TEAM -$RBLX -$RSX -$WISH -$OSU -filter:retweets since_id:1511493889013727239 until_date:2022-04-07 max_tweets:10000
34953,17319,1511349238101430272,$SST,Tue Apr 05 14:25:12 +0000 2022,sst locate button,False,6,1,False,"[{'text': 'SST', 'indices': [0, 4]}]",1,query:$SST -$GME -$TSLA -$TWTR -$AMC -$SPY -$HMHC -$DWAC -$AMD -$AAPL -$AMZN -$NVDA -$TLRY -$NFLX -$QQQ -$PLTR -$FB -$BABA -$VIX -$SOFI -$TEAM -$RBLX -$RSX -$WISH -$OSU -filter:retweets since_id:1511131501156577280 until_date:2022-04-06 max_tweets:10000
35999,18365,1511180647108333578,$AAPL,Tue Apr 05 03:15:17 +0000 2022,aapl close to t again,False,27,0,False,"[{'text': 'AAPL', 'indices': [0, 5]}]",1,query:$AAPL -$GME -$TSLA -$TWTR -$AMC -$SPY -$HMHC -$DWAC -$AMD -$SST -$AMZN -$NVDA -$TLRY -$NFLX -$QQQ -$PLTR -$FB -$BABA -$VIX -$SOFI -$TEAM -$RBLX -$RSX -$WISH -$OSU -filter:retweets since_id:1511131501156577280 until_date:2022-04-06 max_tweets:10000
13182,2082,1510285087216132105,$TSLA,Sat Apr 02 15:56:39 +0000 2022,breaking tesla inc  in q produced over vehicles and delivered over vehicles despite ongoing supply chain challenges and factory shutdowns tslaimpressive given all the negativity and shutdowns,False,586,40,True,"[{'text': 'tsla', 'indices': [159, 164]}]",1,query:$TSLA -$GME -$TWTR -$AMC -$SPY -$HMHC -$DWAC -$AMD -$SST -$AAPL -$AMZN -$NVDA -$TLRY -$NFLX -$QQQ -$PLTR -$FB -$BABA -$VIX -$SOFI -$TEAM -$RBLX -$RSX -$WISH -$OSU -filter:retweets since_id:1510044337538805762 until_date:2022-04-03 max_tweets:10000
34143,16509,1511427685934845958,$AMD,Tue Apr 05 19:36:55 +0000 2022,target achieved amd,False,4,2,False,"[{'text': 'AMD', 'indices': [18, 22]}]",1,query:$AMD -$GME -$TSLA -$TWTR -$AMC -$SPY -$HMHC -$DWAC -$SST -$AAPL -$AMZN -$NVDA -$TLRY -$NFLX -$QQQ -$PLTR -$FB -$BABA -$VIX -$SOFI -$TEAM -$RBLX -$RSX -$WISH -$OSU -filter:retweets since_id:1511131501156577280 until_date:2022-04-06 max_tweets:10000
39066,21432,1511139908714389507,$FB,Tue Apr 05 00:33:24 +0000 2022,fb gap from   pts looking juicy for a fillif and when the time cums,False,16,0,False,"[{'text': 'FB', 'indices': [0, 3]}]",1,query:$FB -$GME -$TSLA -$TWTR -$AMC -$SPY -$HMHC -$DWAC -$AMD -$SST -$AAPL -$AMZN -$NVDA -$TLRY -$NFLX -$QQQ -$PLTR -$BABA -$VIX -$SOFI -$TEAM -$RBLX -$RSX -$WISH -$OSU -filter:retweets since_id:1511131501156577280 until_date:2022-04-06 max_tweets:10000
45785,5774,1511794165910233099,$AMC,Wed Apr 06 19:53:11 +0000 2022,amc looking spicey on the m chart,False,2,0,False,"[{'text': 'AMC', 'indices': [5, 9]}]",1,query:$AMC -$GME -$TSLA -$TWTR -$SPY -$HMHC -$DWAC -$AMD -$SST -$AAPL -$AMZN -$NVDA -$TLRY -$NFLX -$QQQ -$PLTR -$FB -$BABA -$VIX -$SOFI -$TEAM -$RBLX -$RSX -$WISH -$OSU -filter:retweets since_id:1511493889013727239 until_date:2022-04-07 max_tweets:10000
2127,2127,1510283643431919623,$TSLA,Sat Apr 02 15:50:54 +0000 2022,then buy tsla calls and stop being poor,False,2,0,False,"[{'text': 'TSLA', 'indices': [46, 51]}]",1,query:$TSLA -$GME -$TWTR -$AMC -$SPY -$HMHC -$DWAC -$AMD -$SST -$AAPL -$AMZN -$NVDA -$TLRY -$NFLX -$QQQ -$PLTR -$FB -$BABA -$VIX -$SOFI -$TEAM -$RBLX -$RSX -$WISH -$OSU -filter:retweets since_id:1510044337538805762 until_date:2022-04-03 max_tweets:10000
24969,7335,1511319282583543808,$TWTR,Tue Apr 05 12:26:10 +0000 2022,twtr,False,5,0,False,"[{'text': 'TWTR', 'indices': [0, 5]}]",1,query:$TWTR -$GME -$TSLA -$AMC -$SPY -$HMHC -$DWAC -$AMD -$SST -$AAPL -$AMZN -$NVDA -$TLRY -$NFLX -$QQQ -$PLTR -$FB -$BABA -$VIX -$SOFI -$TEAM -$RBLX -$RSX -$WISH -$OSU -filter:retweets since_id:1511131501156577280 until_date:2022-04-06 max_tweets:10000
50257,10246,1511767423359275009,$SPY,Wed Apr 06 18:06:55 +0000 2022,scale spy jesussss idk if anyone caught but  ,False,4,0,False,"[{'text': 'SPY', 'indices': [6, 10]}]",1,query:$SPY -$GME -$TSLA -$TWTR -$AMC -$HMHC -$DWAC -$AMD -$SST -$AAPL -$AMZN -$NVDA -$TLRY -$NFLX -$QQQ -$PLTR -$FB -$BABA -$VIX -$SOFI -$TEAM -$RBLX -$RSX -$WISH -$OSU -filter:retweets since_id:1511493889013727239 until_date:2022-04-07 max_tweets:10000
57622,17611,1511533748289867776,$TLRY,Wed Apr 06 02:38:23 +0000 2022,tlry all you have to do is not suck tlry cmon man,False,2,0,False,"[{'text': 'TLRY', 'indices': [0, 5]}]",1,query:$TLRY -$GME -$TSLA -$TWTR -$AMC -$SPY -$HMHC -$DWAC -$AMD -$SST -$AAPL -$AMZN -$NVDA -$NFLX -$QQQ -$PLTR -$FB -$BABA -$VIX -$SOFI -$TEAM -$RBLX -$RSX -$WISH -$OSU -filter:retweets since_id:1511493889013727239 until_date:2022-04-07 max_tweets:10000
29339,11705,1511185343483158528,$AMC,Tue Apr 05 03:33:57 +0000 2022,amc short and distort is out in full force be aware dont be a gullible sheep no price targets no dates,False,15,1,False,"[{'text': 'amc', 'indices': [0, 4]}]",1,query:$AMC -$GME -$TSLA -$TWTR -$SPY -$HMHC -$DWAC -$AMD -$SST -$AAPL -$AMZN -$NVDA -$TLRY -$NFLX -$QQQ -$PLTR -$FB -$BABA -$VIX -$SOFI -$TEAM -$RBLX -$RSX -$WISH -$OSU -filter:retweets since_id:1511131501156577280 until_date:2022-04-06 max_tweets:10000
3201,3201,1510298111100563464,$AMC,Sat Apr 02 16:48:24 +0000 2022,it wasnt possible for you to buy over a million amc shares multiple times either but hey here we are now amirite,False,16,0,False,"[{'text': 'AMC', 'indices': [82, 86]}]",1,query:$AMC -$GME -$TSLA -$TWTR -$SPY -$HMHC -$DWAC -$AMD -$SST -$AAPL -$AMZN -$NVDA -$TLRY -$NFLX -$QQQ -$PLTR -$FB -$BABA -$VIX -$SOFI -$TEAM -$RBLX -$RSX -$WISH -$OSU -filter:retweets since_id:1510044337538805762 until_date:2022-04-03 max_tweets:10000
45079,5068,1511523533414879236,$TWTR,Wed Apr 06 01:57:47 +0000 2022,here is an underrated fact since bought largest stake in twtr that flight guy that tracks elon on twitter is fked lol,False,15,0,False,"[{'text': 'TWTR', 'indices': [67, 72]}]",1,query:$TWTR -$GME -$TSLA -$AMC -$SPY -$HMHC -$DWAC -$AMD -$SST -$AAPL -$AMZN -$NVDA -$TLRY -$NFLX -$QQQ -$PLTR -$FB -$BABA -$VIX -$SOFI -$TEAM -$RBLX -$RSX -$WISH -$OSU -filter:retweets since_id:1511493889013727239 until_date:2022-04-07 max_tweets:10000
35187,17553,1511335280300732417,$SST,Tue Apr 05 13:29:44 +0000 2022,sst gamma squeeze probability just went way up with the stock opening over ,False,10,0,False,"[{'text': 'SST', 'indices': [0, 4]}]",1,query:$SST -$GME -$TSLA -$TWTR -$AMC -$SPY -$HMHC -$DWAC -$AMD -$AAPL -$AMZN -$NVDA -$TLRY -$NFLX -$QQQ -$PLTR -$FB -$BABA -$VIX -$SOFI -$TEAM -$RBLX -$RSX -$WISH -$OSU -filter:retweets since_id:1511131501156577280 until_date:2022-04-06 max_tweets:10000
24946,7312,1511319698906001418,$TWTR,Tue Apr 05 12:27:49 +0000 2022,twitter inc  will appoint musk to companys board to serve as a class ii director  twtr,True,22,10,True,"[{'text': 'TWTR', 'indices': [85, 90]}]",1,query:$TWTR -$GME -$TSLA -$AMC -$SPY -$HMHC -$DWAC -$AMD -$SST -$AAPL -$AMZN -$NVDA -$TLRY -$NFLX -$QQQ -$PLTR -$FB -$BABA -$VIX -$SOFI -$TEAM -$RBLX -$RSX -$WISH -$OSU -filter:retweets since_id:1511131501156577280 until_date:2022-04-06 max_tweets:10000
15427,4327,1510335566226804747,$SPY,Sat Apr 02 19:17:14 +0000 2022,be honest do you use quarterly charts spy,False,4,1,False,"[{'text': 'SPY', 'indices': [39, 43]}]",1,query:$SPY -$GME -$TSLA -$TWTR -$AMC -$HMHC -$DWAC -$AMD -$SST -$AAPL -$AMZN -$NVDA -$TLRY -$NFLX -$QQQ -$PLTR -$FB -$BABA -$VIX -$SOFI -$TEAM -$RBLX -$RSX -$WISH -$OSU -filter:retweets since_id:1510044337538805762 until_date:2022-04-03 max_tweets:10000
43705,3694,1511741570294329345,$TWTR,Wed Apr 06 16:24:11 +0000 2022,i will never doubt  long twtr forever ,False,12,0,False,"[{'text': 'TWTR', 'indices': [36, 41]}]",1,query:$TWTR -$GME -$TSLA -$AMC -$SPY -$HMHC -$DWAC -$AMD -$SST -$AAPL -$AMZN -$NVDA -$TLRY -$NFLX -$QQQ -$PLTR -$FB -$BABA -$VIX -$SOFI -$TEAM -$RBLX -$RSX -$WISH -$OSU -filter:retweets since_id:1511493889013727239 until_date:2022-04-07 max_tweets:10000
40377,366,1511705146690002954,$GME,Wed Apr 06 13:59:27 +0000 2022,we will squeeze and then we will squeeze some more and again and again they want to bankrupt gme and we want their heads,False,2,0,False,"[{'text': 'GME', 'indices': [120, 124]}]",1,query:$GME -$TSLA -$TWTR -$AMC -$SPY -$HMHC -$DWAC -$AMD -$SST -$AAPL -$AMZN -$NVDA -$TLRY -$NFLX -$QQQ -$PLTR -$FB -$BABA -$VIX -$SOFI -$TEAM -$RBLX -$RSX -$WISH -$OSU -filter:retweets since_id:1511493889013727239 until_date:2022-04-07 max_tweets:10000
1118,1118,1510315049243619336,$TSLA,Sat Apr 02 17:55:42 +0000 2022,announcement of earnings date april  lt than weeks the earnings itself gigatexas opening this week and official stock split announcement by earnings or early may should limit downside anyway some consolidation is expected amp healthy after the recent big move tsla,False,2,0,False,"[{'text': 'TSLA', 'indices': [295, 300]}]",1,query:$TSLA -$GME -$TWTR -$AMC -$SPY -$HMHC -$DWAC -$AMD -$SST -$AAPL -$AMZN -$NVDA -$TLRY -$NFLX -$QQQ -$PLTR -$FB -$BABA -$VIX -$SOFI -$TEAM -$RBLX -$RSX -$WISH -$OSU -filter:retweets since_id:1510044337538805762 until_date:2022-04-03 max_tweets:10000
13409,2309,1510246671552241667,$TSLA,Sat Apr 02 13:24:00 +0000 2022,dont you mean your addicted the tsla,False,4,0,False,"[{'text': 'TSLA', 'indices': [47, 52]}]",1,query:$TSLA -$GME -$TWTR -$AMC -$SPY -$HMHC -$DWAC -$AMD -$SST -$AAPL -$AMZN -$NVDA -$TLRY -$NFLX -$QQQ -$PLTR -$FB -$BABA -$VIX -$SOFI -$TEAM -$RBLX -$RSX -$WISH -$OSU -filter:retweets since_id:1510044337538805762 until_date:2022-04-03 max_tweets:10000
34891,17257,1511365057778790411,$SST,Tue Apr 05 15:28:04 +0000 2022,sst this isnt over,False,9,4,False,"[{'text': 'SST', 'indices': [0, 4]}]",1,query:$SST -$GME -$TSLA -$TWTR -$AMC -$SPY -$HMHC -$DWAC -$AMD -$AAPL -$AMZN -$NVDA -$TLRY -$NFLX -$QQQ -$PLTR -$FB -$BABA -$VIX -$SOFI -$TEAM -$RBLX -$RSX -$WISH -$OSU -filter:retweets since_id:1511131501156577280 until_date:2022-04-06 max_tweets:10000
48154,8143,1511519535291150338,$AMC,Wed Apr 06 01:41:54 +0000 2022,amc be encouraged,False,149,11,True,"[{'text': 'AMC', 'indices': [5, 9]}]",1,query:$AMC -$GME -$TSLA -$TWTR -$SPY -$HMHC -$DWAC -$AMD -$SST -$AAPL -$AMZN -$NVDA -$TLRY -$NFLX -$QQQ -$PLTR -$FB -$BABA -$VIX -$SOFI -$TEAM -$RBLX -$RSX -$WISH -$OSU -filter:retweets since_id:1511493889013727239 until_date:2022-04-07 max_tweets:10000
35822,18188,1511339825311453193,$AAPL,Tue Apr 05 13:47:48 +0000 2022,price target for aapl today is  minimum  if we see m volume  if we hit m volume looking for that continued positive bullish sentiment on to hit  which helps with overall market liquidity lets get that cash flow so can go,False,2,0,False,"[{'text': 'AAPL', 'indices': [17, 22]}]",1,query:$AAPL -$GME -$TSLA -$TWTR -$AMC -$SPY -$HMHC -$DWAC -$AMD -$SST -$AMZN -$NVDA -$TLRY -$NFLX -$QQQ -$PLTR -$FB -$BABA -$VIX -$SOFI -$TEAM -$RBLX -$RSX -$WISH -$OSU -filter:retweets since_id:1511131501156577280 until_date:2022-04-06 max_tweets:10000
619,619,1510372649628667904,$TSLA,Sat Apr 02 21:44:35 +0000 2022,youre literally trying to compare the sales volume of rolex watches to the sales volume of casio watches common sense thinking is really a scarcity amongst tsla bears the bearish argument literally make zero sense nowadays,False,3,0,False,"[{'text': 'TSLA', 'indices': [178, 183]}]",1,query:$TSLA -$GME -$TWTR -$AMC -$SPY -$HMHC -$DWAC -$AMD -$SST -$AAPL -$AMZN -$NVDA -$TLRY -$NFLX -$QQQ -$PLTR -$FB -$BABA -$VIX -$SOFI -$TEAM -$RBLX -$RSX -$WISH -$OSU -filter:retweets since_id:1510044337538805762 until_date:2022-04-03 max_tweets:10000
55581,15570,1511701190098264066,$AMZN,Wed Apr 06 13:43:44 +0000 2022,amzn bagger here  per contract to kwant more bangers,False,99,3,False,"[{'text': 'AMZN', 'indices': [0, 5]}]",1,query:$AMZN -$GME -$TSLA -$TWTR -$AMC -$SPY -$HMHC -$DWAC -$AMD -$SST -$AAPL -$NVDA -$TLRY -$NFLX -$QQQ -$PLTR -$FB -$BABA -$VIX -$SOFI -$TEAM -$RBLX -$RSX -$WISH -$OSU -filter:retweets since_id:1511493889013727239 until_date:2022-04-07 max_tweets:10000
56508,16497,1511761297909723137,$TLRY,Wed Apr 06 17:42:35 +0000 2022,tilray brands inc traded m shares  above average volume tlry,False,2,2,False,"[{'text': 'TLRY', 'indices': [70, 75]}]",1,query:$TLRY -$GME -$TSLA -$TWTR -$AMC -$SPY -$HMHC -$DWAC -$AMD -$SST -$AAPL -$AMZN -$NVDA -$NFLX -$QQQ -$PLTR -$FB -$BABA -$VIX -$SOFI -$TEAM -$RBLX -$RSX -$WISH -$OSU -filter:retweets since_id:1511493889013727239 until_date:2022-04-07 max_tweets:10000
6145,6145,1510255302498832395,$PLTR,Sat Apr 02 13:58:17 +0000 2022,long run earnings power of pltr,False,18,0,False,"[{'text': 'PLTR', 'indices': [27, 32]}]",1,query:$PLTR -$GME -$TSLA -$TWTR -$AMC -$SPY -$HMHC -$DWAC -$AMD -$SST -$AAPL -$AMZN -$NVDA -$TLRY -$NFLX -$QQQ -$FB -$BABA -$VIX -$SOFI -$TEAM -$RBLX -$RSX -$WISH -$OSU -filter:retweets since_id:1510044337538805762 until_date:2022-04-03 max_tweets:10000
59118,19107,1511773886437810180,$FB,Wed Apr 06 18:32:36 +0000 2022,fb meta announced that theyll report q earnings on april  do you think the report will be good or bad,False,3,0,False,"[{'text': 'FB', 'indices': [0, 3]}]",1,query:$FB -$GME -$TSLA -$TWTR -$AMC -$SPY -$HMHC -$DWAC -$AMD -$SST -$AAPL -$AMZN -$NVDA -$TLRY -$NFLX -$QQQ -$PLTR -$BABA -$VIX -$SOFI -$TEAM -$RBLX -$RSX -$WISH -$OSU -filter:retweets since_id:1511493889013727239 until_date:2022-04-07 max_tweets:10000
8855,2313,1510512811176128521,$AMC,Sun Apr 03 07:01:32 +0000 2022,amc i was there and still hodling our spot on this beautiful piece of art,False,19,0,False,"[{'text': 'AMC', 'indices': [12, 16]}]",1,query:$AMC -$GME -$TSLA -$TWTR -$SPY -$HMHC -$DWAC -$AMD -$SST -$AAPL -$AMZN -$NVDA -$TLRY -$NFLX -$QQQ -$PLTR -$FB -$BABA -$VIX -$SOFI -$TEAM -$RBLX -$RSX -$WISH -$OSU -filter:retweets since_id:1510406725421072388 until_date:2022-04-04 max_tweets:10000
39338,21704,1511491364734873602,$VIX,Tue Apr 05 23:49:58 +0000 2022,if the vix skyrocketed and had a volatility event in quarter and it only does that   or even  of the time what are you going to do the next  of the time go long volatility yes yes you are,False,9,0,False,"[{'text': 'vix', 'indices': [7, 11]}]",1,query:$VIX -$GME -$TSLA -$TWTR -$AMC -$SPY -$HMHC -$DWAC -$AMD -$SST -$AAPL -$AMZN -$NVDA -$TLRY -$NFLX -$QQQ -$PLTR -$FB -$BABA -$SOFI -$TEAM -$RBLX -$RSX -$WISH -$OSU -filter:retweets since_id:1511131501156577280 until_date:2022-04-06 max_tweets:10000
50313,10302,1511766543893377028,$SPY,Wed Apr 06 18:03:25 +0000 2022,samp o pares losses hits session high after fed minutes spy,False,6,4,False,"[{'text': 'SPY', 'indices': [63, 67]}]",1,query:$SPY -$GME -$TSLA -$TWTR -$AMC -$HMHC -$DWAC -$AMD -$SST -$AAPL -$AMZN -$NVDA -$TLRY -$NFLX -$QQQ -$PLTR -$FB -$BABA -$VIX -$SOFI -$TEAM -$RBLX -$RSX -$WISH -$OSU -filter:retweets since_id:1511493889013727239 until_date:2022-04-07 max_tweets:10000
18429,795,1511488380814647300,$TSLA,Tue Apr 05 23:38:06 +0000 2022,if you can trade in ah trading and get more tsla may want to consider buying the diplooks like bog money stealth bought,False,6,0,False,"[{'text': 'TSLA', 'indices': [44, 49]}]",1,query:$TSLA -$GME -$TWTR -$AMC -$SPY -$HMHC -$DWAC -$AMD -$SST -$AAPL -$AMZN -$NVDA -$TLRY -$NFLX -$QQQ -$PLTR -$FB -$BABA -$VIX -$SOFI -$TEAM -$RBLX -$RSX -$WISH -$OSU -filter:retweets since_id:1511131501156577280 until_date:2022-04-06 max_tweets:10000
57316,17305,1511683406605737987,$TLRY,Wed Apr 06 12:33:04 +0000 2022,tlry is up  in premarket trading now,False,3,0,False,"[{'text': 'TLRY', 'indices': [0, 5]}]",1,query:$TLRY -$GME -$TSLA -$TWTR -$AMC -$SPY -$HMHC -$DWAC -$AMD -$SST -$AAPL -$AMZN -$NVDA -$NFLX -$QQQ -$PLTR -$FB -$BABA -$VIX -$SOFI -$TEAM -$RBLX -$RSX -$WISH -$OSU -filter:retweets since_id:1511493889013727239 until_date:2022-04-07 max_tweets:10000
39755,22121,1511332864469569538,$SOFI,Tue Apr 05 13:20:08 +0000 2022,sofi daily  minmostly call volumeup trending i could see it retesting the trend if it comes downwatching  and  for a bouncerejection or breakout,False,3,0,False,"[{'text': 'SOFI', 'indices': [0, 5]}]",1,query:$SOFI -$GME -$TSLA -$TWTR -$AMC -$SPY -$HMHC -$DWAC -$AMD -$SST -$AAPL -$AMZN -$NVDA -$TLRY -$NFLX -$QQQ -$PLTR -$FB -$BABA -$VIX -$TEAM -$RBLX -$RSX -$WISH -$OSU -filter:retweets since_id:1511131501156577280 until_date:2022-04-06 max_tweets:10000
14323,3223,1510290174277664770,$AMC,Sat Apr 02 16:16:52 +0000 2022,charles g is corrupt as those who use dark pools amp pfof a true capitalism purist understand that pfof although may be legal at the moment literally goes against competitive markets this guy is a wanna be elitist if we were irrelevant he wouldnt bother period amc,False,4,0,False,"[{'text': 'amc', 'indices': [273, 277]}]",1,query:$AMC -$GME -$TSLA -$TWTR -$SPY -$HMHC -$DWAC -$AMD -$SST -$AAPL -$AMZN -$NVDA -$TLRY -$NFLX -$QQQ -$PLTR -$FB -$BABA -$VIX -$SOFI -$TEAM -$RBLX -$RSX -$WISH -$OSU -filter:retweets since_id:1510044337538805762 until_date:2022-04-03 max_tweets:10000
53715,13704,1511763900781539339,$AMD,Wed Apr 06 17:52:55 +0000 2022,always go long amd when it gets this low closer to the better easy money,False,8,0,False,"[{'text': 'AMD', 'indices': [15, 19]}]",1,query:$AMD -$GME -$TSLA -$TWTR -$AMC -$SPY -$HMHC -$DWAC -$SST -$AAPL -$AMZN -$NVDA -$TLRY -$NFLX -$QQQ -$PLTR -$FB -$BABA -$VIX -$SOFI -$TEAM -$RBLX -$RSX -$WISH -$OSU -filter:retweets since_id:1511493889013727239 until_date:2022-04-07 max_tweets:10000
44760,4749,1511647487068712973,$TWTR,Wed Apr 06 10:10:20 +0000 2022,cnbc  musk start buying twitter since late jan on a daily basis twtr elons average cost seems to be around  senator karen  the crazy   can tax on the unrealized cap gain of nearly  billion already,False,5,0,False,"[{'text': 'TWTR', 'indices': [66, 71]}]",1,query:$TWTR -$GME -$TSLA -$AMC -$SPY -$HMHC -$DWAC -$AMD -$SST -$AAPL -$AMZN -$NVDA -$TLRY -$NFLX -$QQQ -$PLTR -$FB -$BABA -$VIX -$SOFI -$TEAM -$RBLX -$RSX -$WISH -$OSU -filter:retweets since_id:1511493889013727239 until_date:2022-04-07 max_tweets:10000
25366,7732,1511275445760798726,$TWTR,Tue Apr 05 09:31:59 +0000 2022,twtr mkm partners cuts to neutral from buy,False,121,16,True,"[{'text': 'TWTR', 'indices': [0, 5]}]",1,query:$TWTR -$GME -$TSLA -$AMC -$SPY -$HMHC -$DWAC -$AMD -$SST -$AAPL -$AMZN -$NVDA -$TLRY -$NFLX -$QQQ -$PLTR -$FB -$BABA -$VIX -$SOFI -$TEAM -$RBLX -$RSX -$WISH -$OSU -filter:retweets since_id:1511131501156577280 until_date:2022-04-06 max_tweets:10000
56188,16177,1511522038497742851,$NVDA,Wed Apr 06 01:51:51 +0000 2022,love how nvda has leveraged its ramp strength into new growth verticals like data center ai and robotics omniverse,False,6,0,False,"[{'text': 'NVDA', 'indices': [34, 39]}]",1,query:$NVDA -$GME -$TSLA -$TWTR -$AMC -$SPY -$HMHC -$DWAC -$AMD -$SST -$AAPL -$AMZN -$TLRY -$NFLX -$QQQ -$PLTR -$FB -$BABA -$VIX -$SOFI -$TEAM -$RBLX -$RSX -$WISH -$OSU -filter:retweets since_id:1511493889013727239 until_date:2022-04-07 max_tweets:10000
27783,10149,1511396838120722434,$AMC,Tue Apr 05 17:34:21 +0000 2022,last month let wall street short another amc shares at  utilization this is  of the legally issued float in one month on a stock that makes no sense to short so question is ,False,387,135,True,"[{'text': 'AMC', 'indices': [107, 111]}]",1,query:$AMC -$GME -$TSLA -$TWTR -$SPY -$HMHC -$DWAC -$AMD -$SST -$AAPL -$AMZN -$NVDA -$TLRY -$NFLX -$QQQ -$PLTR -$FB -$BABA -$VIX -$SOFI -$TEAM -$RBLX -$RSX -$WISH -$OSU -filter:retweets since_id:1511131501156577280 until_date:2022-04-06 max_tweets:10000
31103,13469,1511401870476156943,$SPY,Tue Apr 05 17:54:21 +0000 2022,spy new low of day on fed williams talks,False,12,0,False,"[{'text': 'SPY', 'indices': [0, 4]}]",1,query:$SPY -$GME -$TSLA -$TWTR -$AMC -$HMHC -$DWAC -$AMD -$SST -$AAPL -$AMZN -$NVDA -$TLRY -$NFLX -$QQQ -$PLTR -$FB -$BABA -$VIX -$SOFI -$TEAM -$RBLX -$RSX -$WISH -$OSU -filter:retweets since_id:1511131501156577280 until_date:2022-04-06 max_tweets:10000
42845,2834,1511534694407585795,$TSLA,Wed Apr 06 02:42:08 +0000 2022,elon paid a lot of money to be able to shut up the guy who tracks elons shady trips to mexico in his fossil fuel burning private jet tsla,False,36,8,False,"[{'text': 'TSLA', 'indices': [136, 141]}]",1,query:$TSLA -$GME -$TWTR -$AMC -$SPY -$HMHC -$DWAC -$AMD -$SST -$AAPL -$AMZN -$NVDA -$TLRY -$NFLX -$QQQ -$PLTR -$FB -$BABA -$VIX -$SOFI -$TEAM -$RBLX -$RSX -$WISH -$OSU -filter:retweets since_id:1511493889013727239 until_date:2022-04-07 max_tweets:10000
54225,14214,1511849461127000073,$SST,Wed Apr 06 23:32:54 +0000 2022,sst still on watch,False,3,0,False,"[{'text': 'SST', 'indices': [0, 4]}]",1,query:$SST -$GME -$TSLA -$TWTR -$AMC -$SPY -$HMHC -$DWAC -$AMD -$AAPL -$AMZN -$NVDA -$TLRY -$NFLX -$QQQ -$PLTR -$FB -$BABA -$VIX -$SOFI -$TEAM -$RBLX -$RSX -$WISH -$OSU -filter:retweets since_id:1511493889013727239 until_date:2022-04-07 max_tweets:10000
41710,1699,1511739687932776454,$TSLA,Wed Apr 06 16:16:43 +0000 2022,second of the day on tsla,False,17,1,False,"[{'text': 'TSLA', 'indices': [29, 34]}]",1,query:$TSLA -$GME -$TWTR -$AMC -$SPY -$HMHC -$DWAC -$AMD -$SST -$AAPL -$AMZN -$NVDA -$TLRY -$NFLX -$QQQ -$PLTR -$FB -$BABA -$VIX -$SOFI -$TEAM -$RBLX -$RSX -$WISH -$OSU -filter:retweets since_id:1511493889013727239 until_date:2022-04-07 max_tweets:10000
30241,12607,1511437956631904268,$SPY,Tue Apr 05 20:17:44 +0000 2022,spy   got rejected now  needs to hold as that is our most recent structurethat is the level i am watching,False,10,0,False,"[{'text': 'SPY', 'indices': [0, 4]}]",1,query:$SPY -$GME -$TSLA -$TWTR -$AMC -$HMHC -$DWAC -$AMD -$SST -$AAPL -$AMZN -$NVDA -$TLRY -$NFLX -$QQQ -$PLTR -$FB -$BABA -$VIX -$SOFI -$TEAM -$RBLX -$RSX -$WISH -$OSU -filter:retweets since_id:1511131501156577280 until_date:2022-04-06 max_tweets:10000
36658,19024,1511348046868721684,$NVDA,Tue Apr 05 14:20:28 +0000 2022,nvda  i want see this hold will go long if confirmed  weakness continues  will wait for entry above this gamma level,False,2,0,False,"[{'text': 'NVDA', 'indices': [0, 5]}]",1,query:$NVDA -$GME -$TSLA -$TWTR -$AMC -$SPY -$HMHC -$DWAC -$AMD -$SST -$AAPL -$AMZN -$TLRY -$NFLX -$QQQ -$PLTR -$FB -$BABA -$VIX -$SOFI -$TEAM -$RBLX -$RSX -$WISH -$OSU -filter:retweets since_id:1511131501156577280 until_date:2022-04-06 max_tweets:10000
56382,16371,1511793554435317765,$TLRY,Wed Apr 06 19:50:45 +0000 2022,tilray brands inc traded m shares  above average volume tlry,False,2,2,False,"[{'text': 'TLRY', 'indices': [70, 75]}]",1,query:$TLRY -$GME -$TSLA -$TWTR -$AMC -$SPY -$HMHC -$DWAC -$AMD -$SST -$AAPL -$AMZN -$NVDA -$NFLX -$QQQ -$PLTR -$FB -$BABA -$VIX -$SOFI -$TEAM -$RBLX -$RSX -$WISH -$OSU -filter:retweets since_id:1511493889013727239 until_date:2022-04-07 max_tweets:10000
15829,4729,1510137222988800001,$SPY,Sat Apr 02 06:09:05 +0000 2022,how about spy,False,2,0,False,"[{'text': 'SPY', 'indices': [22, 26]}]",1,query:$SPY -$GME -$TSLA -$TWTR -$AMC -$HMHC -$DWAC -$AMD -$SST -$AAPL -$AMZN -$NVDA -$TLRY -$NFLX -$QQQ -$PLTR -$FB -$BABA -$VIX -$SOFI -$TEAM -$RBLX -$RSX -$WISH -$OSU -filter:retweets since_id:1510044337538805762 until_date:2022-04-03 max_tweets:10000
37855,20221,1511379974175043593,$QQQ,Tue Apr 05 16:27:20 +0000 2022,great trading this morning  monster trade on qqq beautiful partials on the leg down amazing add off the pull back,False,7,0,False,"[{'text': 'QQQ', 'indices': [58, 62]}]",1,query:$QQQ -$GME -$TSLA -$TWTR -$AMC -$SPY -$HMHC -$DWAC -$AMD -$SST -$AAPL -$AMZN -$NVDA -$TLRY -$NFLX -$PLTR -$FB -$BABA -$VIX -$SOFI -$TEAM -$RBLX -$RSX -$WISH -$OSU -filter:retweets since_id:1511131501156577280 until_date:2022-04-06 max_tweets:10000
40055,44,1511820035249037317,$GME,Wed Apr 06 21:35:59 +0000 2022,ortex intraday k gme returnedk borrowed with rising avg  not much availability change afterhrs ibkr k available  fidelity k available ,False,74,2,False,"[{'text': 'GME', 'indices': [20, 24]}]",1,query:$GME -$TSLA -$TWTR -$AMC -$SPY -$HMHC -$DWAC -$AMD -$SST -$AAPL -$AMZN -$NVDA -$TLRY -$NFLX -$QQQ -$PLTR -$FB -$BABA -$VIX -$SOFI -$TEAM -$RBLX -$RSX -$WISH -$OSU -filter:retweets since_id:1511493889013727239 until_date:2022-04-07 max_tweets:10000
47886,7875,1511552669462274049,$AMC,Wed Apr 06 03:53:34 +0000 2022,hate to bust your bubble  but the secret weapon hasnt been a secret for a long time has been describing it for over a year we dont need to keep playing games or options we need to do his job amc,False,29,5,False,"[{'text': 'AMC', 'indices': [242, 246]}]",1,query:$AMC -$GME -$TSLA -$TWTR -$SPY -$HMHC -$DWAC -$AMD -$SST -$AAPL -$AMZN -$NVDA -$TLRY -$NFLX -$QQQ -$PLTR -$FB -$BABA -$VIX -$SOFI -$TEAM -$RBLX -$RSX -$WISH -$OSU -filter:retweets since_id:1511493889013727239 until_date:2022-04-07 max_tweets:10000
31392,13758,1511384718033436674,$SPY,Tue Apr 05 16:46:11 +0000 2022,the spy will move soon the second tightness of the bbs up odds are it will be to the downside now that the bo failed st support then ,False,16,1,False,"[{'text': 'SPY', 'indices': [4, 8]}]",1,query:$SPY -$GME -$TSLA -$TWTR -$AMC -$HMHC -$DWAC -$AMD -$SST -$AAPL -$AMZN -$NVDA -$TLRY -$NFLX -$QQQ -$PLTR -$FB -$BABA -$VIX -$SOFI -$TEAM -$RBLX -$RSX -$WISH -$OSU -filter:retweets since_id:1511131501156577280 until_date:2022-04-06 max_tweets:10000
25738,8104,1511191818049925124,$TWTR,Tue Apr 05 03:59:40 +0000 2022,twtr,False,2,0,False,"[{'text': 'TWTR', 'indices': [0, 5]}]",1,query:$TWTR -$GME -$TSLA -$AMC -$SPY -$HMHC -$DWAC -$AMD -$SST -$AAPL -$AMZN -$NVDA -$TLRY -$NFLX -$QQQ -$PLTR -$FB -$BABA -$VIX -$SOFI -$TEAM -$RBLX -$RSX -$WISH -$OSU -filter:retweets since_id:1511131501156577280 until_date:2022-04-06 max_tweets:10000
44983,4972,1511540941030854659,$TWTR,Wed Apr 06 03:06:58 +0000 2022,look guys elon musk was buying twtr shares almost every day and didnt tell us his fam via,True,32,3,True,"[{'text': 'TWTR', 'indices': [32, 37]}]",1,query:$TWTR -$GME -$TSLA -$AMC -$SPY -$HMHC -$DWAC -$AMD -$SST -$AAPL -$AMZN -$NVDA -$TLRY -$NFLX -$QQQ -$PLTR -$FB -$BABA -$VIX -$SOFI -$TEAM -$RBLX -$RSX -$WISH -$OSU -filter:retweets since_id:1511493889013727239 until_date:2022-04-07 max_tweets:10000
41684,1673,1511742155211132939,$TSLA,Wed Apr 06 16:26:31 +0000 2022,tsla chatter,False,7,0,False,"[{'text': 'TSLA', 'indices': [0, 5]}]",1,query:$TSLA -$GME -$TWTR -$AMC -$SPY -$HMHC -$DWAC -$AMD -$SST -$AAPL -$AMZN -$NVDA -$TLRY -$NFLX -$QQQ -$PLTR -$FB -$BABA -$VIX -$SOFI -$TEAM -$RBLX -$RSX -$WISH -$OSU -filter:retweets since_id:1511493889013727239 until_date:2022-04-07 max_tweets:10000
57205,17194,1511689516448288768,$TLRY,Wed Apr 06 12:57:21 +0000 2022,tlry did i hear dividends,False,2,0,False,"[{'text': 'TLRY', 'indices': [0, 5]}]",1,query:$TLRY -$GME -$TSLA -$TWTR -$AMC -$SPY -$HMHC -$DWAC -$AMD -$SST -$AAPL -$AMZN -$NVDA -$NFLX -$QQQ -$PLTR -$FB -$BABA -$VIX -$SOFI -$TEAM -$RBLX -$RSX -$WISH -$OSU -filter:retweets since_id:1511493889013727239 until_date:2022-04-07 max_tweets:10000
51955,11944,1511689674909233160,$SPY,Wed Apr 06 12:57:58 +0000 2022,spy thesis thesis breakout gt gt thesis breakout gt,False,3,0,False,"[{'text': 'SPY', 'indices': [0, 4]}]",1,query:$SPY -$GME -$TSLA -$TWTR -$AMC -$HMHC -$DWAC -$AMD -$SST -$AAPL -$AMZN -$NVDA -$TLRY -$NFLX -$QQQ -$PLTR -$FB -$BABA -$VIX -$SOFI -$TEAM -$RBLX -$RSX -$WISH -$OSU -filter:retweets since_id:1511493889013727239 until_date:2022-04-07 max_tweets:10000
53575,13564,1511796155340009484,$AMD,Wed Apr 06 20:01:05 +0000 2022,amd finishes down  to ,True,28,2,True,"[{'text': 'AMD', 'indices': [0, 4]}]",1,query:$AMD -$GME -$TSLA -$TWTR -$AMC -$SPY -$HMHC -$DWAC -$SST -$AAPL -$AMZN -$NVDA -$TLRY -$NFLX -$QQQ -$PLTR -$FB -$BABA -$VIX -$SOFI -$TEAM -$RBLX -$RSX -$WISH -$OSU -filter:retweets since_id:1511493889013727239 until_date:2022-04-07 max_tweets:10000
21995,4361,1511417402273193991,$TWTR,Tue Apr 05 18:56:04 +0000 2022,thats right musk made almost bn on his twtr mark because he willfully violated the lawhe should be fined x that and have a permeant damp injunction for this alone but countless other reasons,False,63,11,True,"[{'text': 'TWTR', 'indices': [43, 48]}]",1,query:$TWTR -$GME -$TSLA -$AMC -$SPY -$HMHC -$DWAC -$AMD -$SST -$AAPL -$AMZN -$NVDA -$TLRY -$NFLX -$QQQ -$PLTR -$FB -$BABA -$VIX -$SOFI -$TEAM -$RBLX -$RSX -$WISH -$OSU -filter:retweets since_id:1511131501156577280 until_date:2022-04-06 max_tweets:10000
40397,386,1511701605426647044,$GME,Wed Apr 06 13:45:23 +0000 2022,good morning to everyone especially the guy that starring in this movie lfg gme,False,3,0,False,"[{'text': 'GME', 'indices': [82, 86]}]",1,query:$GME -$TSLA -$TWTR -$AMC -$SPY -$HMHC -$DWAC -$AMD -$SST -$AAPL -$AMZN -$NVDA -$TLRY -$NFLX -$QQQ -$PLTR -$FB -$BABA -$VIX -$SOFI -$TEAM -$RBLX -$RSX -$WISH -$OSU -filter:retweets since_id:1511493889013727239 until_date:2022-04-07 max_tweets:10000
53664,13653,1511776847427616769,$AMD,Wed Apr 06 18:44:22 +0000 2022,averaged down on  amd c as it approached orl,False,2,0,False,"[{'text': 'AMD', 'indices': [22, 26]}]",1,query:$AMD -$GME -$TSLA -$TWTR -$AMC -$SPY -$HMHC -$DWAC -$SST -$AAPL -$AMZN -$NVDA -$TLRY -$NFLX -$QQQ -$PLTR -$FB -$BABA -$VIX -$SOFI -$TEAM -$RBLX -$RSX -$WISH -$OSU -filter:retweets since_id:1511493889013727239 until_date:2022-04-07 max_tweets:10000
17809,175,1511427483559612417,$GME,Tue Apr 05 19:36:07 +0000 2022,gme are killing us i thought market manipulation was a crime,False,5,0,False,"[{'text': 'GME', 'indices': [0, 4]}]",1,query:$GME -$TSLA -$TWTR -$AMC -$SPY -$HMHC -$DWAC -$AMD -$SST -$AAPL -$AMZN -$NVDA -$TLRY -$NFLX -$QQQ -$PLTR -$FB -$BABA -$VIX -$SOFI -$TEAM -$RBLX -$RSX -$WISH -$OSU -filter:retweets since_id:1511131501156577280 until_date:2022-04-06 max_tweets:10000
39641,22007,1511416213640990734,$SOFI,Tue Apr 05 18:51:20 +0000 2022,moffettnathanson initiated sofi technologies sofi at buy and a price target at,False,2,1,False,"[{'text': 'SOFI', 'indices': [45, 50]}]",1,query:$SOFI -$GME -$TSLA -$TWTR -$AMC -$SPY -$HMHC -$DWAC -$AMD -$SST -$AAPL -$AMZN -$NVDA -$TLRY -$NFLX -$QQQ -$PLTR -$FB -$BABA -$VIX -$TEAM -$RBLX -$RSX -$WISH -$OSU -filter:retweets since_id:1511131501156577280 until_date:2022-04-06 max_tweets:10000
27833,10199,1511392689513709571,$AMC,Tue Apr 05 17:17:52 +0000 2022,whos selling amc another day where shortly after the market opens the stock plummetseither paperhands or a ladder attacki guess we are all just going to continue to overlook this blatant fraud and manipulation,False,3,0,False,"[{'text': 'AMC', 'indices': [14, 18]}]",1,query:$AMC -$GME -$TSLA -$TWTR -$SPY -$HMHC -$DWAC -$AMD -$SST -$AAPL -$AMZN -$NVDA -$TLRY -$NFLX -$QQQ -$PLTR -$FB -$BABA -$VIX -$SOFI -$TEAM -$RBLX -$RSX -$WISH -$OSU -filter:retweets since_id:1511131501156577280 until_date:2022-04-06 max_tweets:10000
55522,15511,1511723989579800586,$AMZN,Wed Apr 06 15:14:20 +0000 2022,amzn  sep call underlying  difference daily  volume volume oi iv bidask ,False,3,0,False,"[{'text': 'AMZN', 'indices': [0, 5]}]",1,query:$AMZN -$GME -$TSLA -$TWTR -$AMC -$SPY -$HMHC -$DWAC -$AMD -$SST -$AAPL -$NVDA -$TLRY -$NFLX -$QQQ -$PLTR -$FB -$BABA -$VIX -$SOFI -$TEAM -$RBLX -$RSX -$WISH -$OSU -filter:retweets since_id:1511493889013727239 until_date:2022-04-07 max_tweets:10000
45207,5196,1511497142770282501,$TWTR,Wed Apr 06 00:12:55 +0000 2022,wouldnt be surprised if twtr turns into s show employee mutiny etc and elon decides its not worth his time and exits sooner than later in a sense its a hostile takeoveractivism parag and jack are acting like its a great thing but likely out of fear not sincerity,False,2,0,False,"[{'text': 'TWTR', 'indices': [71, 76]}]",1,query:$TWTR -$GME -$TSLA -$AMC -$SPY -$HMHC -$DWAC -$AMD -$SST -$AAPL -$AMZN -$NVDA -$TLRY -$NFLX -$QQQ -$PLTR -$FB -$BABA -$VIX -$SOFI -$TEAM -$RBLX -$RSX -$WISH -$OSU -filter:retweets since_id:1511493889013727239 until_date:2022-04-07 max_tweets:10000
59610,19599,1511824042600316931,$VIX,Wed Apr 06 21:51:54 +0000 2022,volatility vix futs short oi for both dm amp smnot meant for pico bottomstops or trend reversals but gives a good idea to expect volatility or a bounce wkwks ahead ex signaled vol on thupdated for trading day ending mar  will regularly post in the weekly updates,False,15,1,False,"[{'text': 'VIX', 'indices': [11, 15]}]",1,query:$VIX -$GME -$TSLA -$TWTR -$AMC -$SPY -$HMHC -$DWAC -$AMD -$SST -$AAPL -$AMZN -$NVDA -$TLRY -$NFLX -$QQQ -$PLTR -$FB -$BABA -$SOFI -$TEAM -$RBLX -$RSX -$WISH -$OSU -filter:retweets since_id:1511493889013727239 until_date:2022-04-07 max_tweets:10000
44223,4212,1511714856717766667,$TWTR,Wed Apr 06 14:38:02 +0000 2022,cult stocks go green twtr,False,2,0,False,"[{'text': 'TWTR', 'indices': [21, 26]}]",1,query:$TWTR -$GME -$TSLA -$AMC -$SPY -$HMHC -$DWAC -$AMD -$SST -$AAPL -$AMZN -$NVDA -$TLRY -$NFLX -$QQQ -$PLTR -$FB -$BABA -$VIX -$SOFI -$TEAM -$RBLX -$RSX -$WISH -$OSU -filter:retweets since_id:1511493889013727239 until_date:2022-04-07 max_tweets:10000
32623,14989,1511283558656221188,$SPY,Tue Apr 05 10:04:13 +0000 2022,spy m shares traded yesterdaylowest volume in ,False,6,0,False,"[{'text': 'SPY', 'indices': [0, 4]}]",1,query:$SPY -$GME -$TSLA -$TWTR -$AMC -$HMHC -$DWAC -$AMD -$SST -$AAPL -$AMZN -$NVDA -$TLRY -$NFLX -$QQQ -$PLTR -$FB -$BABA -$VIX -$SOFI -$TEAM -$RBLX -$RSX -$WISH -$OSU -filter:retweets since_id:1511131501156577280 until_date:2022-04-06 max_tweets:10000
11264,164,1510281146973794314,$GME,Sat Apr 02 15:40:59 +0000 2022,you were doing this for a living before gme i dont hold it against you i appreciate you using the platform youve built to talk about it im sure you get money and followers from it but im equally sure you could take to not talk about it at all,False,3,0,False,"[{'text': 'GME', 'indices': [56, 60]}]",1,query:$GME -$TSLA -$TWTR -$AMC -$SPY -$HMHC -$DWAC -$AMD -$SST -$AAPL -$AMZN -$NVDA -$TLRY -$NFLX -$QQQ -$PLTR -$FB -$BABA -$VIX -$SOFI -$TEAM -$RBLX -$RSX -$WISH -$OSU -filter:retweets since_id:1510044337538805762 until_date:2022-04-03 max_tweets:10000
31011,13377,1511407805651042306,$SPY,Tue Apr 05 18:17:56 +0000 2022,afternoon pump coming i have a hunch spy bullish divergence,False,6,0,False,"[{'text': 'SPY', 'indices': [37, 41]}]",1,query:$SPY -$GME -$TSLA -$TWTR -$AMC -$HMHC -$DWAC -$AMD -$SST -$AAPL -$AMZN -$NVDA -$TLRY -$NFLX -$QQQ -$PLTR -$FB -$BABA -$VIX -$SOFI -$TEAM -$RBLX -$RSX -$WISH -$OSU -filter:retweets since_id:1511131501156577280 until_date:2022-04-06 max_tweets:10000
27420,9786,1511422874216812547,$AMC,Tue Apr 05 19:17:48 +0000 2022,doesnt seem very bearish to mesomeone remind me what happened back in juneboth six trading days after engulfing candle amc,False,65,8,False,"[{'text': 'AMC', 'indices': [132, 136]}]",1,query:$AMC -$GME -$TSLA -$TWTR -$SPY -$HMHC -$DWAC -$AMD -$SST -$AAPL -$AMZN -$NVDA -$TLRY -$NFLX -$QQQ -$PLTR -$FB -$BABA -$VIX -$SOFI -$TEAM -$RBLX -$RSX -$WISH -$OSU -filter:retweets since_id:1511131501156577280 until_date:2022-04-06 max_tweets:10000
24860,7226,1511320351644471303,$TWTR,Tue Apr 05 12:30:25 +0000 2022, is twtr daddy now,False,26,1,False,"[{'text': 'TWTR', 'indices': [14, 19]}]",1,query:$TWTR -$GME -$TSLA -$AMC -$SPY -$HMHC -$DWAC -$AMD -$SST -$AAPL -$AMZN -$NVDA -$TLRY -$NFLX -$QQQ -$PLTR -$FB -$BABA -$VIX -$SOFI -$TEAM -$RBLX -$RSX -$WISH -$OSU -filter:retweets since_id:1511131501156577280 until_date:2022-04-06 max_tweets:10000
38625,20991,1511445309083328522,$FB,Tue Apr 05 20:46:57 +0000 2022,instagram cuts influencer payments for short videos ft this was inviteonly scheme where fb pays creators based on views several creators said payments have been down for the past few weeks by as much as  per view amp the threshold for getting paid is more than x higher,False,9,0,False,"[{'text': 'FB', 'indices': [94, 97]}]",1,query:$FB -$GME -$TSLA -$TWTR -$AMC -$SPY -$HMHC -$DWAC -$AMD -$SST -$AAPL -$AMZN -$NVDA -$TLRY -$NFLX -$QQQ -$PLTR -$BABA -$VIX -$SOFI -$TEAM -$RBLX -$RSX -$WISH -$OSU -filter:retweets since_id:1511131501156577280 until_date:2022-04-06 max_tweets:10000
57931,17920,1511788738195644417,$QQQ,Wed Apr 06 19:31:37 +0000 2022,qqq denied at orb high crazy how that works,False,29,0,False,"[{'text': 'QQQ', 'indices': [0, 4]}]",1,query:$QQQ -$GME -$TSLA -$TWTR -$AMC -$SPY -$HMHC -$DWAC -$AMD -$SST -$AAPL -$AMZN -$NVDA -$TLRY -$NFLX -$PLTR -$FB -$BABA -$VIX -$SOFI -$TEAM -$RBLX -$RSX -$WISH -$OSU -filter:retweets since_id:1511493889013727239 until_date:2022-04-07 max_tweets:10000
16307,5207,1510366946583363591,$AMD,Sat Apr 02 21:21:55 +0000 2022,amd with our trend analysis and pivot point indicators generally we like to go long on green during uptrends and go short on red during downtrends more info on this system current trend down signal bearish,False,6,0,False,"[{'text': 'AMD', 'indices': [0, 4]}]",1,query:$AMD -$GME -$TSLA -$TWTR -$AMC -$SPY -$HMHC -$DWAC -$SST -$AAPL -$AMZN -$NVDA -$TLRY -$NFLX -$QQQ -$PLTR -$FB -$BABA -$VIX -$SOFI -$TEAM -$RBLX -$RSX -$WISH -$OSU -filter:retweets since_id:1510044337538805762 until_date:2022-04-03 max_tweets:10000
59818,19807,1511844951461707779,$SOFI,Wed Apr 06 23:14:59 +0000 2022,sofi technologies lowered its fy net revenue guidance to below consensus to reflect latest extension of the federal payment moratoriumsofi   after hours update,False,2,3,False,"[{'text': 'SOFI', 'indices': [151, 156]}]",1,query:$SOFI -$GME -$TSLA -$TWTR -$AMC -$SPY -$HMHC -$DWAC -$AMD -$SST -$AAPL -$AMZN -$NVDA -$TLRY -$NFLX -$QQQ -$PLTR -$FB -$BABA -$VIX -$TEAM -$RBLX -$RSX -$WISH -$OSU -filter:retweets since_id:1511493889013727239 until_date:2022-04-07 max_tweets:10000
51031,11020,1511732548296228875,$SPY,Wed Apr 06 15:48:20 +0000 2022,spy bullish above  target s,False,5,0,False,"[{'text': 'SPY', 'indices': [0, 4]}]",1,query:$SPY -$GME -$TSLA -$TWTR -$AMC -$HMHC -$DWAC -$AMD -$SST -$AAPL -$AMZN -$NVDA -$TLRY -$NFLX -$QQQ -$PLTR -$FB -$BABA -$VIX -$SOFI -$TEAM -$RBLX -$RSX -$WISH -$OSU -filter:retweets since_id:1511493889013727239 until_date:2022-04-07 max_tweets:10000
7577,1035,1510604429761908736,$TSLA,Sun Apr 03 13:05:36 +0000 2022,barclays q delivery preview for tsla whoops and these guys have a target price of ,False,64,2,False,"[{'text': 'TSLA', 'indices': [33, 38]}]",1,query:$TSLA -$GME -$TWTR -$AMC -$SPY -$HMHC -$DWAC -$AMD -$SST -$AAPL -$AMZN -$NVDA -$TLRY -$NFLX -$QQQ -$PLTR -$FB -$BABA -$VIX -$SOFI -$TEAM -$RBLX -$RSX -$WISH -$OSU -filter:retweets since_id:1510406725421072388 until_date:2022-04-04 max_tweets:10000
32455,14821,1511314516466073610,$SPY,Tue Apr 05 12:07:14 +0000 2022,spy morning brief top stories dominating financial media on tuesday april,True,3,0,True,"[{'text': 'SPY', 'indices': [0, 4]}]",1,query:$SPY -$GME -$TSLA -$TWTR -$AMC -$HMHC -$DWAC -$AMD -$SST -$AAPL -$AMZN -$NVDA -$TLRY -$NFLX -$QQQ -$PLTR -$FB -$BABA -$VIX -$SOFI -$TEAM -$RBLX -$RSX -$WISH -$OSU -filter:retweets since_id:1511131501156577280 until_date:2022-04-06 max_tweets:10000
49029,9018,1511798833684099074,$SPY,Wed Apr 06 20:11:44 +0000 2022,spy zero second trades i dont do it for the small amount of money it gives but to see if i can actually do it basically just a quick custom order of a buy and sell of a  move and since its eod after market close a lot of people tend to market sell out,False,8,0,False,"[{'text': 'SPY', 'indices': [0, 4]}]",1,query:$SPY -$GME -$TSLA -$TWTR -$AMC -$HMHC -$DWAC -$AMD -$SST -$AAPL -$AMZN -$NVDA -$TLRY -$NFLX -$QQQ -$PLTR -$FB -$BABA -$VIX -$SOFI -$TEAM -$RBLX -$RSX -$WISH -$OSU -filter:retweets since_id:1511493889013727239 until_date:2022-04-07 max_tweets:10000
44437,4426,1511699411193184266,$TWTR,Wed Apr 06 13:36:40 +0000 2022,twtr buy the blood this will be red to green shortly,False,2,0,False,"[{'text': 'TWTR', 'indices': [0, 5]}]",1,query:$TWTR -$GME -$TSLA -$AMC -$SPY -$HMHC -$DWAC -$AMD -$SST -$AAPL -$AMZN -$NVDA -$TLRY -$NFLX -$QQQ -$PLTR -$FB -$BABA -$VIX -$SOFI -$TEAM -$RBLX -$RSX -$WISH -$OSU -filter:retweets since_id:1511493889013727239 until_date:2022-04-07 max_tweets:10000
38447,20813,1511336815671787530,$PLTR,Tue Apr 05 13:35:50 +0000 2022,breaking the podcast w is available am gmt wednesdayonly on spotify amp youtubekris has majorly underrated knowledge in relation to the healthcare scene amp data utilisation i learnt so much during this podcastpltr,False,17,2,False,"[{'text': 'PLTR', 'indices': [245, 250]}]",1,query:$PLTR -$GME -$TSLA -$TWTR -$AMC -$SPY -$HMHC -$DWAC -$AMD -$SST -$AAPL -$AMZN -$NVDA -$TLRY -$NFLX -$QQQ -$FB -$BABA -$VIX -$SOFI -$TEAM -$RBLX -$RSX -$WISH -$OSU -filter:retweets since_id:1511131501156577280 until_date:2022-04-06 max_tweets:10000
35674,18040,1511380122196193286,$AAPL,Tue Apr 05 16:27:55 +0000 2022,sheesh big aapl sweep,False,3,0,False,"[{'text': 'AAPL', 'indices': [12, 17]}]",1,query:$AAPL -$GME -$TSLA -$TWTR -$AMC -$SPY -$HMHC -$DWAC -$AMD -$SST -$AMZN -$NVDA -$TLRY -$NFLX -$QQQ -$PLTR -$FB -$BABA -$VIX -$SOFI -$TEAM -$RBLX -$RSX -$WISH -$OSU -filter:retweets since_id:1511131501156577280 until_date:2022-04-06 max_tweets:10000
52433,12422,1511578737350914051,$SPY,Wed Apr 06 05:37:09 +0000 2022,spy weekly last week was a potential bearish shooting star but to confirm need to see a break below  lt  comes into play gt  has room up to,False,22,0,False,"[{'text': 'SPY', 'indices': [0, 4]}]",1,query:$SPY -$GME -$TSLA -$TWTR -$AMC -$HMHC -$DWAC -$AMD -$SST -$AAPL -$AMZN -$NVDA -$TLRY -$NFLX -$QQQ -$PLTR -$FB -$BABA -$VIX -$SOFI -$TEAM -$RBLX -$RSX -$WISH -$OSU -filter:retweets since_id:1511493889013727239 until_date:2022-04-07 max_tweets:10000
26245,8611,1511152798364168195,$TWTR,Tue Apr 05 01:24:37 +0000 2022,i dont want an edit buttoni want my draft tweets to sync on mobile  desktop twtr,False,21,0,False,"[{'text': 'TWTR', 'indices': [81, 86]}]",1,query:$TWTR -$GME -$TSLA -$AMC -$SPY -$HMHC -$DWAC -$AMD -$SST -$AAPL -$AMZN -$NVDA -$TLRY -$NFLX -$QQQ -$PLTR -$FB -$BABA -$VIX -$SOFI -$TEAM -$RBLX -$RSX -$WISH -$OSU -filter:retweets since_id:1511131501156577280 until_date:2022-04-06 max_tweets:10000
49786,9775,1511775973808689155,$SPY,Wed Apr 06 18:40:54 +0000 2022,today was full of volatility both sides made money spy,False,3,1,False,"[{'text': 'spy', 'indices': [51, 55]}]",1,query:$SPY -$GME -$TSLA -$TWTR -$AMC -$HMHC -$DWAC -$AMD -$SST -$AAPL -$AMZN -$NVDA -$TLRY -$NFLX -$QQQ -$PLTR -$FB -$BABA -$VIX -$SOFI -$TEAM -$RBLX -$RSX -$WISH -$OSU -filter:retweets since_id:1511493889013727239 until_date:2022-04-07 max_tweets:10000
22539,4905,1511380488589504513,$TWTR,Tue Apr 05 16:29:23 +0000 2022,my latest blog fade elons billionaire retail therapy is available twtr,False,4,2,False,"[{'text': 'TWTR', 'indices': [130, 135]}]",1,query:$TWTR -$GME -$TSLA -$AMC -$SPY -$HMHC -$DWAC -$AMD -$SST -$AAPL -$AMZN -$NVDA -$TLRY -$NFLX -$QQQ -$PLTR -$FB -$BABA -$VIX -$SOFI -$TEAM -$RBLX -$RSX -$WISH -$OSU -filter:retweets since_id:1511131501156577280 until_date:2022-04-06 max_tweets:10000
1331,1331,1510304061802881026,$TSLA,Sat Apr 02 17:12:03 +0000 2022,breaking delivered an alltime high k vehicles in q exceeding wall st expectationstotal q production was  congrats tsla,False,2,0,False,"[{'text': 'TSLA', 'indices': [141, 146]}]",1,query:$TSLA -$GME -$TWTR -$AMC -$SPY -$HMHC -$DWAC -$AMD -$SST -$AAPL -$AMZN -$NVDA -$TLRY -$NFLX -$QQQ -$PLTR -$FB -$BABA -$VIX -$SOFI -$TEAM -$RBLX -$RSX -$WISH -$OSU -filter:retweets since_id:1510044337538805762 until_date:2022-04-03 max_tweets:10000
49650,9639,1511780102719348743,$SPY,Wed Apr 06 18:57:18 +0000 2022,spy now thats out the way upwards we go,False,5,0,False,"[{'text': 'SPY', 'indices': [0, 4]}]",1,query:$SPY -$GME -$TSLA -$TWTR -$AMC -$HMHC -$DWAC -$AMD -$SST -$AAPL -$AMZN -$NVDA -$TLRY -$NFLX -$QQQ -$PLTR -$FB -$BABA -$VIX -$SOFI -$TEAM -$RBLX -$RSX -$WISH -$OSU -filter:retweets since_id:1511493889013727239 until_date:2022-04-07 max_tweets:10000
19294,1660,1511384047842467840,$TSLA,Tue Apr 05 16:43:31 +0000 2022,tsla friends what are some things you have been able to manifest for urself so far in life im talking happiness relationships goals etci feel like the power of manifestation is a thing hard to explain but having the mindset working hard amp believing in oneself is key,False,33,0,False,"[{'text': 'TSLA', 'indices': [0, 5]}]",1,query:$TSLA -$GME -$TWTR -$AMC -$SPY -$HMHC -$DWAC -$AMD -$SST -$AAPL -$AMZN -$NVDA -$TLRY -$NFLX -$QQQ -$PLTR -$FB -$BABA -$VIX -$SOFI -$TEAM -$RBLX -$RSX -$WISH -$OSU -filter:retweets since_id:1511131501156577280 until_date:2022-04-06 max_tweets:10000
26131,8497,1511158631114457089,$TWTR,Tue Apr 05 01:47:48 +0000 2022,live shot of executives after finding out just bought  of their company twtr,False,4,0,False,"[{'text': 'TWTR', 'indices': [95, 100]}]",1,query:$TWTR -$GME -$TSLA -$AMC -$SPY -$HMHC -$DWAC -$AMD -$SST -$AAPL -$AMZN -$NVDA -$TLRY -$NFLX -$QQQ -$PLTR -$FB -$BABA -$VIX -$SOFI -$TEAM -$RBLX -$RSX -$WISH -$OSU -filter:retweets since_id:1511131501156577280 until_date:2022-04-06 max_tweets:10000
37297,19663,1511425541026500617,$NFLX,Tue Apr 05 19:28:24 +0000 2022,brilliant movenflx,True,7,1,True,"[{'text': 'NFLX', 'indices': [16, 21]}]",1,query:$NFLX -$GME -$TSLA -$TWTR -$AMC -$SPY -$HMHC -$DWAC -$AMD -$SST -$AAPL -$AMZN -$NVDA -$TLRY -$QQQ -$PLTR -$FB -$BABA -$VIX -$SOFI -$TEAM -$RBLX -$RSX -$WISH -$OSU -filter:retweets since_id:1511131501156577280 until_date:2022-04-06 max_tweets:10000
15185,4085,1510044348481683463,$AMC,Sat Apr 02 00:00:02 +0000 2022,amc hours until premarket,False,604,35,True,"[{'text': 'AMC', 'indices': [5, 9]}]",1,query:$AMC -$GME -$TSLA -$TWTR -$SPY -$HMHC -$DWAC -$AMD -$SST -$AAPL -$AMZN -$NVDA -$TLRY -$NFLX -$QQQ -$PLTR -$FB -$BABA -$VIX -$SOFI -$TEAM -$RBLX -$RSX -$WISH -$OSU -filter:retweets since_id:1510044337538805762 until_date:2022-04-03 max_tweets:10000
