id,ticker,created_at,full_text_preprocessed,user.verified,favorite_count,retweet_count,quality,entities.symbols,num_cashtags,query_params
1511493560461414403,$GME,Tue Apr 05 23:58:41 +0000 2022,if this isnt a message to get at least share of gme,False,1,0,False,"[{'text': 'GME', 'indices': [51, 55]}]",1,query:$GME -$TSLA -$TWTR -$AMC -$SPY -$HMHC -$DWAC -$AMD -$SST -$AAPL -$AMZN -$NVDA -$TLRY -$NFLX -$QQQ -$PLTR -$FB -$BABA -$VIX -$SOFI -$TEAM -$RBLX -$RSX -$WISH -$OSU -filter:retweets since_id:1511131501156577280 until_date:2022-04-06 max_tweets:10
1511493307071086593,$GME,Tue Apr 05 23:57:41 +0000 2022,gme gap down to  tmw thanks for the free gains apes,False,0,0,False,"[{'text': 'GME', 'indices': [0, 4]}]",1,query:$GME -$TSLA -$TWTR -$AMC -$SPY -$HMHC -$DWAC -$AMD -$SST -$AAPL -$AMZN -$NVDA -$TLRY -$NFLX -$QQQ -$PLTR -$FB -$BABA -$VIX -$SOFI -$TEAM -$RBLX -$RSX -$WISH -$OSU -filter:retweets since_id:1511131501156577280 until_date:2022-04-06 max_tweets:10
1511493192926957568,$GME,Tue Apr 05 23:57:14 +0000 2022,gme gains,False,1,0,False,"[{'text': 'GME', 'indices': [0, 4]}]",1,query:$GME -$TSLA -$TWTR -$AMC -$SPY -$HMHC -$DWAC -$AMD -$SST -$AAPL -$AMZN -$NVDA -$TLRY -$NFLX -$QQQ -$PLTR -$FB -$BABA -$VIX -$SOFI -$TEAM -$RBLX -$RSX -$WISH -$OSU -filter:retweets since_id:1511131501156577280 until_date:2022-04-06 max_tweets:10
1511492484152512514,$GME,Tue Apr 05 23:54:25 +0000 2022,get your tinfoil hats ready gme,False,2,0,False,"[{'text': 'GME', 'indices': [34, 38]}]",1,query:$GME -$TSLA -$TWTR -$AMC -$SPY -$HMHC -$DWAC -$AMD -$SST -$AAPL -$AMZN -$NVDA -$TLRY -$NFLX -$QQQ -$PLTR -$FB -$BABA -$VIX -$SOFI -$TEAM -$RBLX -$RSX -$WISH -$OSU -filter:retweets since_id:1511131501156577280 until_date:2022-04-06 max_tweets:10
1511491477481799683,$GME,Tue Apr 05 23:50:25 +0000 2022,gme its pretty obvious that shorts have no idea whats going on with gme evidenced by their arguements if you can call them that like common guys do some research into why we are bullish before you post its sad,False,2,0,False,"[{'text': 'GME', 'indices': [0, 4]}]",1,query:$GME -$TSLA -$TWTR -$AMC -$SPY -$HMHC -$DWAC -$AMD -$SST -$AAPL -$AMZN -$NVDA -$TLRY -$NFLX -$QQQ -$PLTR -$FB -$BABA -$VIX -$SOFI -$TEAM -$RBLX -$RSX -$WISH -$OSU -filter:retweets since_id:1511131501156577280 until_date:2022-04-06 max_tweets:10
1511491136661057540,$GME,Tue Apr 05 23:49:03 +0000 2022,its garbage missed q is super expensive has deteriorating fundamentals chairman focused on another turnaround despite having failed to turn this around nft marketplace dead on arrival feel free to pick one gme,False,1,0,False,"[{'text': 'gme', 'indices': [231, 235]}]",1,query:$GME -$TSLA -$TWTR -$AMC -$SPY -$HMHC -$DWAC -$AMD -$SST -$AAPL -$AMZN -$NVDA -$TLRY -$NFLX -$QQQ -$PLTR -$FB -$BABA -$VIX -$SOFI -$TEAM -$RBLX -$RSX -$WISH -$OSU -filter:retweets since_id:1511131501156577280 until_date:2022-04-06 max_tweets:10
1511491058554871812,$GME,Tue Apr 05 23:48:45 +0000 2022,ryan cohen is the chairman of gme with a meer  ownership the largest shareholder has a great amount of control over the company,False,1,0,False,"[{'text': 'GME', 'indices': [54, 58]}]",1,query:$GME -$TSLA -$TWTR -$AMC -$SPY -$HMHC -$DWAC -$AMD -$SST -$AAPL -$AMZN -$NVDA -$TLRY -$NFLX -$QQQ -$PLTR -$FB -$BABA -$VIX -$SOFI -$TEAM -$RBLX -$RSX -$WISH -$OSU -filter:retweets since_id:1511131501156577280 until_date:2022-04-06 max_tweets:10
1511490611924410374,$GME,Tue Apr 05 23:46:58 +0000 2022,haha cool story seekingalpha dividend marks the beginning of the end for many shfs with concentrated short exposure on gme get fukt,False,0,0,False,"[{'text': 'GME', 'indices': [123, 127]}]",1,query:$GME -$TSLA -$TWTR -$AMC -$SPY -$HMHC -$DWAC -$AMD -$SST -$AAPL -$AMZN -$NVDA -$TLRY -$NFLX -$QQQ -$PLTR -$FB -$BABA -$VIX -$SOFI -$TEAM -$RBLX -$RSX -$WISH -$OSU -filter:retweets since_id:1511131501156577280 until_date:2022-04-06 max_tweets:10
1511493814959153155,$TSLA,Tue Apr 05 23:59:42 +0000 2022,tsla daily coming back down,False,2,2,False,"[{'text': 'TSLA', 'indices': [0, 5]}]",1,query:$TSLA -$GME -$TWTR -$AMC -$SPY -$HMHC -$DWAC -$AMD -$SST -$AAPL -$AMZN -$NVDA -$TLRY -$NFLX -$QQQ -$PLTR -$FB -$BABA -$VIX -$SOFI -$TEAM -$RBLX -$RSX -$WISH -$OSU -filter:retweets since_id:1511131501156577280 until_date:2022-04-06 max_tweets:10
1511493814543912960,$TSLA,Tue Apr 05 23:59:42 +0000 2022,yeah and everybody buying a tsla knows what a is are you really that ignorant,False,1,1,False,"[{'text': 'TSLa', 'indices': [55, 60]}]",1,query:$TSLA -$GME -$TWTR -$AMC -$SPY -$HMHC -$DWAC -$AMD -$SST -$AAPL -$AMZN -$NVDA -$TLRY -$NFLX -$QQQ -$PLTR -$FB -$BABA -$VIX -$SOFI -$TEAM -$RBLX -$RSX -$WISH -$OSU -filter:retweets since_id:1511131501156577280 until_date:2022-04-06 max_tweets:10
1511493416038936581,$TSLA,Tue Apr 05 23:58:07 +0000 2022,tsla owner of a few years and its maybe the greatest machine ever two friends have the model y and love it and another friend has a model x and loves iti am a strong advocate,False,1,1,False,"[{'text': 'TSLA', 'indices': [11, 16]}]",1,query:$TSLA -$GME -$TWTR -$AMC -$SPY -$HMHC -$DWAC -$AMD -$SST -$AAPL -$AMZN -$NVDA -$TLRY -$NFLX -$QQQ -$PLTR -$FB -$BABA -$VIX -$SOFI -$TEAM -$RBLX -$RSX -$WISH -$OSU -filter:retweets since_id:1511131501156577280 until_date:2022-04-06 max_tweets:10
1511493205291900931,$TSLA,Tue Apr 05 23:57:16 +0000 2022,bought some tsla ah at for tomorrow,False,2,0,False,"[{'text': 'TSLA', 'indices': [12, 17]}]",1,query:$TSLA -$GME -$TWTR -$AMC -$SPY -$HMHC -$DWAC -$AMD -$SST -$AAPL -$AMZN -$NVDA -$TLRY -$NFLX -$QQQ -$PLTR -$FB -$BABA -$VIX -$SOFI -$TEAM -$RBLX -$RSX -$WISH -$OSU -filter:retweets since_id:1511131501156577280 until_date:2022-04-06 max_tweets:10
1511492651295645696,$TSLA,Tue Apr 05 23:55:04 +0000 2022,im a long term tsla shareholder and i say the comments here smell a lot like what tesla saw in the early days its not a zero sum game and i hope rivian succeeds because we need other ev manufacturers to succeed to help supply the global demand id buy a rivian over a hummer,False,1,1,False,"[{'text': 'TSLA', 'indices': [32, 37]}]",1,query:$TSLA -$GME -$TWTR -$AMC -$SPY -$HMHC -$DWAC -$AMD -$SST -$AAPL -$AMZN -$NVDA -$TLRY -$NFLX -$QQQ -$PLTR -$FB -$BABA -$VIX -$SOFI -$TEAM -$RBLX -$RSX -$WISH -$OSU -filter:retweets since_id:1511131501156577280 until_date:2022-04-06 max_tweets:10
1511492515932741632,$TSLA,Tue Apr 05 23:54:32 +0000 2022,solar power is a renewable resource that doesnt rely on burning fossil fuels so it doesnt produce greenhouse gas emissions that contribute to climate change tsla,False,1,0,False,"[{'text': 'TSLA', 'indices': [171, 176]}]",1,query:$TSLA -$GME -$TWTR -$AMC -$SPY -$HMHC -$DWAC -$AMD -$SST -$AAPL -$AMZN -$NVDA -$TLRY -$NFLX -$QQQ -$PLTR -$FB -$BABA -$VIX -$SOFI -$TEAM -$RBLX -$RSX -$WISH -$OSU -filter:retweets since_id:1511131501156577280 until_date:2022-04-06 max_tweets:10
1511493518556024832,$TWTR,Tue Apr 05 23:58:31 +0000 2022,i guess you dont remember the whole war inflation thing whole market was crashing elon wisely was buying dips til the market turned now he is going to crush shorts twtr,False,0,0,False,"[{'text': 'TWTR', 'indices': [205, 210]}]",1,query:$TWTR -$GME -$TSLA -$AMC -$SPY -$HMHC -$DWAC -$AMD -$SST -$AAPL -$AMZN -$NVDA -$TLRY -$NFLX -$QQQ -$PLTR -$FB -$BABA -$VIX -$SOFI -$TEAM -$RBLX -$RSX -$WISH -$OSU -filter:retweets since_id:1511131501156577280 until_date:2022-04-06 max_tweets:10
1511493312510840837,$TWTR,Tue Apr 05 23:57:42 +0000 2022,twtr,False,0,0,False,"[{'text': 'TWTR', 'indices': [30, 35]}]",1,query:$TWTR -$GME -$TSLA -$AMC -$SPY -$HMHC -$DWAC -$AMD -$SST -$AAPL -$AMZN -$NVDA -$TLRY -$NFLX -$QQQ -$PLTR -$FB -$BABA -$VIX -$SOFI -$TEAM -$RBLX -$RSX -$WISH -$OSU -filter:retweets since_id:1511131501156577280 until_date:2022-04-06 max_tweets:10
1511493212233363466,$TWTR,Tue Apr 05 23:57:18 +0000 2022,let twtr and the world know how those puts worked out from ,False,1,0,False,"[{'text': 'TWTR', 'indices': [4, 9]}]",1,query:$TWTR -$GME -$TSLA -$AMC -$SPY -$HMHC -$DWAC -$AMD -$SST -$AAPL -$AMZN -$NVDA -$TLRY -$NFLX -$QQQ -$PLTR -$FB -$BABA -$VIX -$SOFI -$TEAM -$RBLX -$RSX -$WISH -$OSU -filter:retweets since_id:1511131501156577280 until_date:2022-04-06 max_tweets:10
1511493139806453765,$TWTR,Tue Apr 05 23:57:01 +0000 2022,twtr ,False,0,0,False,"[{'text': 'TWTR', 'indices': [0, 5]}]",1,query:$TWTR -$GME -$TSLA -$AMC -$SPY -$HMHC -$DWAC -$AMD -$SST -$AAPL -$AMZN -$NVDA -$TLRY -$NFLX -$QQQ -$PLTR -$FB -$BABA -$VIX -$SOFI -$TEAM -$RBLX -$RSX -$WISH -$OSU -filter:retweets since_id:1511131501156577280 until_date:2022-04-06 max_tweets:10
1511493095690752002,$TWTR,Tue Apr 05 23:56:50 +0000 2022,twtr that fucking asshole with the beatnik beard should be the first to go ,False,1,0,False,"[{'text': 'TWTR', 'indices': [0, 5]}]",1,query:$TWTR -$GME -$TSLA -$AMC -$SPY -$HMHC -$DWAC -$AMD -$SST -$AAPL -$AMZN -$NVDA -$TLRY -$NFLX -$QQQ -$PLTR -$FB -$BABA -$VIX -$SOFI -$TEAM -$RBLX -$RSX -$WISH -$OSU -filter:retweets since_id:1511131501156577280 until_date:2022-04-06 max_tweets:10
1511493009959194624,$TWTR,Tue Apr 05 23:56:30 +0000 2022,twtr shorts remember this one elon tweet and your wrekt he knows the game,False,0,0,False,"[{'text': 'TWTR', 'indices': [0, 5]}]",1,query:$TWTR -$GME -$TSLA -$AMC -$SPY -$HMHC -$DWAC -$AMD -$SST -$AAPL -$AMZN -$NVDA -$TLRY -$NFLX -$QQQ -$PLTR -$FB -$BABA -$VIX -$SOFI -$TEAM -$RBLX -$RSX -$WISH -$OSU -filter:retweets since_id:1511131501156577280 until_date:2022-04-06 max_tweets:10
1511492854560051200,$TWTR,Tue Apr 05 23:55:53 +0000 2022,based on the share purchase schedule in the musk d just filed some math basis is share paper gain is  billion through todays twtr close passed  threshold on march which is the date on the cover of the g filed yesterday,True,6,6,True,"[{'text': 'TWTR', 'indices': [171, 176]}]",1,query:$TWTR -$GME -$TSLA -$AMC -$SPY -$HMHC -$DWAC -$AMD -$SST -$AAPL -$AMZN -$NVDA -$TLRY -$NFLX -$QQQ -$PLTR -$FB -$BABA -$VIX -$SOFI -$TEAM -$RBLX -$RSX -$WISH -$OSU -filter:retweets since_id:1511131501156577280 until_date:2022-04-06 max_tweets:10
1511493783321423876,$AMC,Tue Apr 05 23:59:34 +0000 2022,amc you call yourself apes,False,0,0,False,"[{'text': 'AMC', 'indices': [0, 4]}]",1,query:$AMC -$GME -$TSLA -$TWTR -$SPY -$HMHC -$DWAC -$AMD -$SST -$AAPL -$AMZN -$NVDA -$TLRY -$NFLX -$QQQ -$PLTR -$FB -$BABA -$VIX -$SOFI -$TEAM -$RBLX -$RSX -$WISH -$OSU -filter:retweets since_id:1511131501156577280 until_date:2022-04-06 max_tweets:10
1511493423727255554,$AMC,Tue Apr 05 23:58:09 +0000 2022,amc huda beauty just posted this pic wondering if shes hinting at being an ape,False,0,0,False,"[{'text': 'AMC', 'indices': [0, 4]}]",1,query:$AMC -$GME -$TSLA -$TWTR -$SPY -$HMHC -$DWAC -$AMD -$SST -$AAPL -$AMZN -$NVDA -$TLRY -$NFLX -$QQQ -$PLTR -$FB -$BABA -$VIX -$SOFI -$TEAM -$RBLX -$RSX -$WISH -$OSU -filter:retweets since_id:1511131501156577280 until_date:2022-04-06 max_tweets:10
1511493250909155331,$AMC,Tue Apr 05 23:57:27 +0000 2022,amc corruption overload it seems civil war is imminent in this country to restore justice since we havent any,False,0,0,False,"[{'text': 'AMC', 'indices': [17, 21]}]",1,query:$AMC -$GME -$TSLA -$TWTR -$SPY -$HMHC -$DWAC -$AMD -$SST -$AAPL -$AMZN -$NVDA -$TLRY -$NFLX -$QQQ -$PLTR -$FB -$BABA -$VIX -$SOFI -$TEAM -$RBLX -$RSX -$WISH -$OSU -filter:retweets since_id:1511131501156577280 until_date:2022-04-06 max_tweets:10
1511493183779205124,$AMC,Tue Apr 05 23:57:11 +0000 2022,amc i remember my first beer,False,0,0,False,"[{'text': 'AMC', 'indices': [0, 4]}]",1,query:$AMC -$GME -$TSLA -$TWTR -$SPY -$HMHC -$DWAC -$AMD -$SST -$AAPL -$AMZN -$NVDA -$TLRY -$NFLX -$QQQ -$PLTR -$FB -$BABA -$VIX -$SOFI -$TEAM -$RBLX -$RSX -$WISH -$OSU -filter:retweets since_id:1511131501156577280 until_date:2022-04-06 max_tweets:10
1511493036965969920,$AMC,Tue Apr 05 23:56:36 +0000 2022,amc im still long and buying more,False,0,0,False,"[{'text': 'AMC', 'indices': [0, 4]}]",1,query:$AMC -$GME -$TSLA -$TWTR -$SPY -$HMHC -$DWAC -$AMD -$SST -$AAPL -$AMZN -$NVDA -$TLRY -$NFLX -$QQQ -$PLTR -$FB -$BABA -$VIX -$SOFI -$TEAM -$RBLX -$RSX -$WISH -$OSU -filter:retweets since_id:1511131501156577280 until_date:2022-04-06 max_tweets:10
1511492886189449216,$AMC,Tue Apr 05 23:56:00 +0000 2022,amc days of  utilization not a single share covered and ctb remains the same for only this stock out of millions of stocks printer guy is printing hard and we own  floats lol,False,0,0,False,"[{'text': 'AMC', 'indices': [0, 4]}]",1,query:$AMC -$GME -$TSLA -$TWTR -$SPY -$HMHC -$DWAC -$AMD -$SST -$AAPL -$AMZN -$NVDA -$TLRY -$NFLX -$QQQ -$PLTR -$FB -$BABA -$VIX -$SOFI -$TEAM -$RBLX -$RSX -$WISH -$OSU -filter:retweets since_id:1511131501156577280 until_date:2022-04-06 max_tweets:10
1511492827024293888,$AMC,Tue Apr 05 23:55:46 +0000 2022,amc nothing has changed holding as long as it takes just like everyone else apparently,False,0,0,False,"[{'text': 'AMC', 'indices': [0, 4]}]",1,query:$AMC -$GME -$TSLA -$TWTR -$SPY -$HMHC -$DWAC -$AMD -$SST -$AAPL -$AMZN -$NVDA -$TLRY -$NFLX -$QQQ -$PLTR -$FB -$BABA -$VIX -$SOFI -$TEAM -$RBLX -$RSX -$WISH -$OSU -filter:retweets since_id:1511131501156577280 until_date:2022-04-06 max_tweets:10
1511492459972292611,$AMC,Tue Apr 05 23:54:19 +0000 2022,amc will we ever see  again,False,0,0,False,"[{'text': 'AMC', 'indices': [0, 4]}]",1,query:$AMC -$GME -$TSLA -$TWTR -$SPY -$HMHC -$DWAC -$AMD -$SST -$AAPL -$AMZN -$NVDA -$TLRY -$NFLX -$QQQ -$PLTR -$FB -$BABA -$VIX -$SOFI -$TEAM -$RBLX -$RSX -$WISH -$OSU -filter:retweets since_id:1511131501156577280 until_date:2022-04-06 max_tweets:10
1511492434156347394,$AMC,Tue Apr 05 23:54:13 +0000 2022,amc boston tea party was over taxes what would george washington say about this treason,False,0,0,False,"[{'text': 'AMC', 'indices': [0, 4]}]",1,query:$AMC -$GME -$TSLA -$TWTR -$SPY -$HMHC -$DWAC -$AMD -$SST -$AAPL -$AMZN -$NVDA -$TLRY -$NFLX -$QQQ -$PLTR -$FB -$BABA -$VIX -$SOFI -$TEAM -$RBLX -$RSX -$WISH -$OSU -filter:retweets since_id:1511131501156577280 until_date:2022-04-06 max_tweets:10
1511492158834233348,$AMC,Tue Apr 05 23:53:07 +0000 2022,amc today after a long time bough another xxxx shares now averaging  with xxxxx shares chilling,False,0,0,False,"[{'text': 'AMC', 'indices': [0, 4]}]",1,query:$AMC -$GME -$TSLA -$TWTR -$SPY -$HMHC -$DWAC -$AMD -$SST -$AAPL -$AMZN -$NVDA -$TLRY -$NFLX -$QQQ -$PLTR -$FB -$BABA -$VIX -$SOFI -$TEAM -$RBLX -$RSX -$WISH -$OSU -filter:retweets since_id:1511131501156577280 until_date:2022-04-06 max_tweets:10
1511493867153297408,$SPY,Tue Apr 05 23:59:54 +0000 2022,spy cash is best position right now,False,0,0,False,"[{'text': 'SPY', 'indices': [0, 4]}]",1,query:$SPY -$GME -$TSLA -$TWTR -$AMC -$HMHC -$DWAC -$AMD -$SST -$AAPL -$AMZN -$NVDA -$TLRY -$NFLX -$QQQ -$PLTR -$FB -$BABA -$VIX -$SOFI -$TEAM -$RBLX -$RSX -$WISH -$OSU -filter:retweets since_id:1511131501156577280 until_date:2022-04-06 max_tweets:10
1511493754867556353,$SPY,Tue Apr 05 23:59:28 +0000 2022,spy seeing elton john tonight feeling like i should go long mes as a tribute,False,0,0,False,"[{'text': 'SPY', 'indices': [0, 4]}]",1,query:$SPY -$GME -$TSLA -$TWTR -$AMC -$HMHC -$DWAC -$AMD -$SST -$AAPL -$AMZN -$NVDA -$TLRY -$NFLX -$QQQ -$PLTR -$FB -$BABA -$VIX -$SOFI -$TEAM -$RBLX -$RSX -$WISH -$OSU -filter:retweets since_id:1511131501156577280 until_date:2022-04-06 max_tweets:10
1511493709547728899,$SPY,Tue Apr 05 23:59:17 +0000 2022,spy who likes the song rollover beethoven play it while you watch the markets the rest of the week,False,0,0,False,"[{'text': 'SPY', 'indices': [0, 4]}]",1,query:$SPY -$GME -$TSLA -$TWTR -$AMC -$HMHC -$DWAC -$AMD -$SST -$AAPL -$AMZN -$NVDA -$TLRY -$NFLX -$QQQ -$PLTR -$FB -$BABA -$VIX -$SOFI -$TEAM -$RBLX -$RSX -$WISH -$OSU -filter:retweets since_id:1511131501156577280 until_date:2022-04-06 max_tweets:10
1511493559911804934,$SPY,Tue Apr 05 23:58:41 +0000 2022,spy elijaw could have made a better statement by investing that money in real assets and the american people who are struggling why doesnt big corp to say it lightly build instead of destroy ,False,0,0,False,"[{'text': 'SPY', 'indices': [0, 4]}]",1,query:$SPY -$GME -$TSLA -$TWTR -$AMC -$HMHC -$DWAC -$AMD -$SST -$AAPL -$AMZN -$NVDA -$TLRY -$NFLX -$QQQ -$PLTR -$FB -$BABA -$VIX -$SOFI -$TEAM -$RBLX -$RSX -$WISH -$OSU -filter:retweets since_id:1511131501156577280 until_date:2022-04-06 max_tweets:10
1511493529054302209,$SPY,Tue Apr 05 23:58:34 +0000 2022,spy clear off the top bunk im commin home soon,False,0,0,False,"[{'text': 'SPY', 'indices': [0, 4]}]",1,query:$SPY -$GME -$TSLA -$TWTR -$AMC -$HMHC -$DWAC -$AMD -$SST -$AAPL -$AMZN -$NVDA -$TLRY -$NFLX -$QQQ -$PLTR -$FB -$BABA -$VIX -$SOFI -$TEAM -$RBLX -$RSX -$WISH -$OSU -filter:retweets since_id:1511131501156577280 until_date:2022-04-06 max_tweets:10
1511493364071661568,$SPY,Tue Apr 05 23:57:54 +0000 2022,spy im pretty confident artificial intelligence will be the president of the us in the next years,False,0,0,False,"[{'text': 'SPY', 'indices': [0, 4]}]",1,query:$SPY -$GME -$TSLA -$TWTR -$AMC -$HMHC -$DWAC -$AMD -$SST -$AAPL -$AMZN -$NVDA -$TLRY -$NFLX -$QQQ -$PLTR -$FB -$BABA -$VIX -$SOFI -$TEAM -$RBLX -$RSX -$WISH -$OSU -filter:retweets since_id:1511131501156577280 until_date:2022-04-06 max_tweets:10
1511493349244477442,$SPY,Tue Apr 05 23:57:51 +0000 2022,spy good close only down k on my calls bought at  tomorrow we ride i got time  mr  binks wont be bullish for more than a few more weeks,False,0,0,False,"[{'text': 'SPY', 'indices': [0, 4]}]",1,query:$SPY -$GME -$TSLA -$TWTR -$AMC -$HMHC -$DWAC -$AMD -$SST -$AAPL -$AMZN -$NVDA -$TLRY -$NFLX -$QQQ -$PLTR -$FB -$BABA -$VIX -$SOFI -$TEAM -$RBLX -$RSX -$WISH -$OSU -filter:retweets since_id:1511131501156577280 until_date:2022-04-06 max_tweets:10
1511493320610299907,$SPY,Tue Apr 05 23:57:44 +0000 2022,spy needs to hold this level for run up if not bulls will be dead,False,0,0,False,"[{'text': 'SPY', 'indices': [0, 4]}]",1,query:$SPY -$GME -$TSLA -$TWTR -$AMC -$HMHC -$DWAC -$AMD -$SST -$AAPL -$AMZN -$NVDA -$TLRY -$NFLX -$QQQ -$PLTR -$FB -$BABA -$VIX -$SOFI -$TEAM -$RBLX -$RSX -$WISH -$OSU -filter:retweets since_id:1511131501156577280 until_date:2022-04-06 max_tweets:10
1511493279728422913,$SPY,Tue Apr 05 23:57:34 +0000 2022,spy make the vix great again,False,0,0,False,"[{'text': 'SPY', 'indices': [0, 4]}]",1,query:$SPY -$GME -$TSLA -$TWTR -$AMC -$HMHC -$DWAC -$AMD -$SST -$AAPL -$AMZN -$NVDA -$TLRY -$NFLX -$QQQ -$PLTR -$FB -$BABA -$VIX -$SOFI -$TEAM -$RBLX -$RSX -$WISH -$OSU -filter:retweets since_id:1511131501156577280 until_date:2022-04-06 max_tweets:10
1511478417736224772,$HMHC,Tue Apr 05 22:58:31 +0000 2022,our unusual options platform alerted hmhc with our scanner on  call expiring  worth k get ahead of the move with amp learn more about it on our profile today,False,0,0,False,"[{'text': 'HMHC', 'indices': [38, 43]}]",1,query:$HMHC -$GME -$TSLA -$TWTR -$AMC -$SPY -$DWAC -$AMD -$SST -$AAPL -$AMZN -$NVDA -$TLRY -$NFLX -$QQQ -$PLTR -$FB -$BABA -$VIX -$SOFI -$TEAM -$RBLX -$RSX -$WISH -$OSU -filter:retweets since_id:1511131501156577280 until_date:2022-04-06 max_tweets:10
1511453720139206666,$HMHC,Tue Apr 05 21:20:22 +0000 2022,hmhc repeat bullish flow and  up after hours courtesy,False,1,0,False,"[{'text': 'HMHC', 'indices': [0, 5]}]",1,query:$HMHC -$GME -$TSLA -$TWTR -$AMC -$SPY -$DWAC -$AMD -$SST -$AAPL -$AMZN -$NVDA -$TLRY -$NFLX -$QQQ -$PLTR -$FB -$BABA -$VIX -$SOFI -$TEAM -$RBLX -$RSX -$WISH -$OSU -filter:retweets since_id:1511131501156577280 until_date:2022-04-06 max_tweets:10
1511449433191317505,$HMHC,Tue Apr 05 21:03:20 +0000 2022,chart for hmhc free options app,False,0,0,False,"[{'text': 'HMHC', 'indices': [28, 33]}]",1,query:$HMHC -$GME -$TSLA -$TWTR -$AMC -$SPY -$DWAC -$AMD -$SST -$AAPL -$AMZN -$NVDA -$TLRY -$NFLX -$QQQ -$PLTR -$FB -$BABA -$VIX -$SOFI -$TEAM -$RBLX -$RSX -$WISH -$OSU -filter:retweets since_id:1511131501156577280 until_date:2022-04-06 max_tweets:10
1511434088472727555,$HMHC,Tue Apr 05 20:02:22 +0000 2022,chart for hmhc free options app,False,0,0,False,"[{'text': 'HMHC', 'indices': [28, 33]}]",1,query:$HMHC -$GME -$TSLA -$TWTR -$AMC -$SPY -$DWAC -$AMD -$SST -$AAPL -$AMZN -$NVDA -$TLRY -$NFLX -$QQQ -$PLTR -$FB -$BABA -$VIX -$SOFI -$TEAM -$RBLX -$RSX -$WISH -$OSU -filter:retweets since_id:1511131501156577280 until_date:2022-04-06 max_tweets:10
1511429534029172736,$HMHC,Tue Apr 05 19:44:16 +0000 2022,houghton mifflin harcourt company traded m shares  above average volume hmhc,False,1,1,False,"[{'text': 'HMHC', 'indices': [81, 86]}]",1,query:$HMHC -$GME -$TSLA -$TWTR -$AMC -$SPY -$DWAC -$AMD -$SST -$AAPL -$AMZN -$NVDA -$TLRY -$NFLX -$QQQ -$PLTR -$FB -$BABA -$VIX -$SOFI -$TEAM -$RBLX -$RSX -$WISH -$OSU -filter:retweets since_id:1511131501156577280 until_date:2022-04-06 max_tweets:10
1511420593119318022,$HMHC,Tue Apr 05 19:08:44 +0000 2022,hmhc most active call option jun calls see hmhc option chain,False,0,0,False,"[{'text': 'HMHC', 'indices': [0, 5]}]",1,query:$HMHC -$GME -$TSLA -$TWTR -$AMC -$SPY -$DWAC -$AMD -$SST -$AAPL -$AMZN -$NVDA -$TLRY -$NFLX -$QQQ -$PLTR -$FB -$BABA -$VIX -$SOFI -$TEAM -$RBLX -$RSX -$WISH -$OSU -filter:retweets since_id:1511131501156577280 until_date:2022-04-06 max_tweets:10
1511417808193835008,$HMHC,Tue Apr 05 18:57:40 +0000 2022,hmhc houghton mifflin harcourt company option order flow sentiment is  bearish,False,0,0,False,"[{'text': 'HMHC', 'indices': [0, 5]}]",1,query:$HMHC -$GME -$TSLA -$TWTR -$AMC -$SPY -$DWAC -$AMD -$SST -$AAPL -$AMZN -$NVDA -$TLRY -$NFLX -$QQQ -$PLTR -$FB -$BABA -$VIX -$SOFI -$TEAM -$RBLX -$RSX -$WISH -$OSU -filter:retweets since_id:1511131501156577280 until_date:2022-04-06 max_tweets:10
1511492534039629828,$DWAC,Tue Apr 05 23:54:36 +0000 2022,just checked and our dwac share counts include earnout shares above  price triggers,False,5,0,False,"[{'text': 'DWAC', 'indices': [38, 43]}]",1,query:$DWAC -$GME -$TSLA -$TWTR -$AMC -$SPY -$HMHC -$AMD -$SST -$AAPL -$AMZN -$NVDA -$TLRY -$NFLX -$QQQ -$PLTR -$FB -$BABA -$VIX -$SOFI -$TEAM -$RBLX -$RSX -$WISH -$OSU -filter:retweets since_id:1511131501156577280 until_date:2022-04-06 max_tweets:10
1511492216769982464,$DWAC,Tue Apr 05 23:53:21 +0000 2022,would be a sick burn for his dwac shareholders a nice consolation prize i guess,False,1,0,False,"[{'text': 'DWAC', 'indices': [61, 66]}]",1,query:$DWAC -$GME -$TSLA -$TWTR -$AMC -$SPY -$HMHC -$AMD -$SST -$AAPL -$AMZN -$NVDA -$TLRY -$NFLX -$QQQ -$PLTR -$FB -$BABA -$VIX -$SOFI -$TEAM -$RBLX -$RSX -$WISH -$OSU -filter:retweets since_id:1511131501156577280 until_date:2022-04-06 max_tweets:10
1511489913451073546,$DWAC,Tue Apr 05 23:44:12 +0000 2022,not sure about his vesting but due to the dwac poison pipe provisions shares outstanding increase the lower it goes now wwarrants there would be about m outstanding at  m at  m at  m,False,15,0,False,"[{'text': 'DWAC', 'indices': [59, 64]}]",1,query:$DWAC -$GME -$TSLA -$TWTR -$AMC -$SPY -$HMHC -$AMD -$SST -$AAPL -$AMZN -$NVDA -$TLRY -$NFLX -$QQQ -$PLTR -$FB -$BABA -$VIX -$SOFI -$TEAM -$RBLX -$RSX -$WISH -$OSU -filter:retweets since_id:1511131501156577280 until_date:2022-04-06 max_tweets:10
1511488836714606598,$DWAC,Tue Apr 05 23:39:55 +0000 2022,if its over b i short it tomorrow dwac,False,0,0,False,"[{'text': 'DWAC', 'indices': [40, 45]}]",1,query:$DWAC -$GME -$TSLA -$TWTR -$AMC -$SPY -$HMHC -$AMD -$SST -$AAPL -$AMZN -$NVDA -$TLRY -$NFLX -$QQQ -$PLTR -$FB -$BABA -$VIX -$SOFI -$TEAM -$RBLX -$RSX -$WISH -$OSU -filter:retweets since_id:1511131501156577280 until_date:2022-04-06 max_tweets:10
1511488656250388482,$DWAC,Tue Apr 05 23:39:12 +0000 2022,move up spots when you use promo bigmoe dwac,False,4,0,False,"[{'text': 'dwac', 'indices': [63, 68]}]",1,query:$DWAC -$GME -$TSLA -$TWTR -$AMC -$SPY -$HMHC -$AMD -$SST -$AAPL -$AMZN -$NVDA -$TLRY -$NFLX -$QQQ -$PLTR -$FB -$BABA -$VIX -$SOFI -$TEAM -$RBLX -$RSX -$WISH -$OSU -filter:retweets since_id:1511131501156577280 until_date:2022-04-06 max_tweets:10
1511488226954948611,$DWAC,Tue Apr 05 23:37:30 +0000 2022,and shes losing money at this point just like in her dwac investment,False,0,0,False,"[{'text': 'dwac', 'indices': [101, 106]}]",1,query:$DWAC -$GME -$TSLA -$TWTR -$AMC -$SPY -$HMHC -$AMD -$SST -$AAPL -$AMZN -$NVDA -$TLRY -$NFLX -$QQQ -$PLTR -$FB -$BABA -$VIX -$SOFI -$TEAM -$RBLX -$RSX -$WISH -$OSU -filter:retweets since_id:1511131501156577280 until_date:2022-04-06 max_tweets:10
1511487837518114817,$DWAC,Tue Apr 05 23:35:57 +0000 2022,no because dwac is a meme stock that could end up trapping anyone who invests in it as most spacs did,False,3,0,False,"[{'text': 'DWAC', 'indices': [39, 44]}]",1,query:$DWAC -$GME -$TSLA -$TWTR -$AMC -$SPY -$HMHC -$AMD -$SST -$AAPL -$AMZN -$NVDA -$TLRY -$NFLX -$QQQ -$PLTR -$FB -$BABA -$VIX -$SOFI -$TEAM -$RBLX -$RSX -$WISH -$OSU -filter:retweets since_id:1511131501156577280 until_date:2022-04-06 max_tweets:10
1511487655187566594,$DWAC,Tue Apr 05 23:35:13 +0000 2022, iv is almost  should we start writing puts on dwac,False,1,0,False,"[{'text': 'DWAC', 'indices': [78, 83]}]",1,query:$DWAC -$GME -$TSLA -$TWTR -$AMC -$SPY -$HMHC -$AMD -$SST -$AAPL -$AMZN -$NVDA -$TLRY -$NFLX -$QQQ -$PLTR -$FB -$BABA -$VIX -$SOFI -$TEAM -$RBLX -$RSX -$WISH -$OSU -filter:retweets since_id:1511131501156577280 until_date:2022-04-06 max_tweets:10
1511487400945537028,$DWAC,Tue Apr 05 23:34:13 +0000 2022,i tried to sign up for trumps truth social and it ate all my documentsdwac,False,0,0,False,"[{'text': 'dwac', 'indices': [91, 96]}]",1,query:$DWAC -$GME -$TSLA -$TWTR -$AMC -$SPY -$HMHC -$AMD -$SST -$AAPL -$AMZN -$NVDA -$TLRY -$NFLX -$QQQ -$PLTR -$FB -$BABA -$VIX -$SOFI -$TEAM -$RBLX -$RSX -$WISH -$OSU -filter:retweets since_id:1511131501156577280 until_date:2022-04-06 max_tweets:10
1511492262336741377,$AMD,Tue Apr 05 23:53:32 +0000 2022,our unusual options platform alerted amd with our scanner on  call expiring  worth k get ahead of the move with sweepcast amp learn more about it on our profile today,False,0,0,False,"[{'text': 'AMD', 'indices': [38, 42]}]",1,query:$AMD -$GME -$TSLA -$TWTR -$AMC -$SPY -$HMHC -$DWAC -$SST -$AAPL -$AMZN -$NVDA -$TLRY -$NFLX -$QQQ -$PLTR -$FB -$BABA -$VIX -$SOFI -$TEAM -$RBLX -$RSX -$WISH -$OSU -filter:retweets since_id:1511131501156577280 until_date:2022-04-06 max_tweets:10
1511491283470139395,$AMD,Tue Apr 05 23:49:38 +0000 2022,amd seeing an uptick in chatter on wallstreetbets over the last hoursvia,False,0,0,False,"[{'text': 'AMD', 'indices': [0, 4]}]",1,query:$AMD -$GME -$TSLA -$TWTR -$AMC -$SPY -$HMHC -$DWAC -$SST -$AAPL -$AMZN -$NVDA -$TLRY -$NFLX -$QQQ -$PLTR -$FB -$BABA -$VIX -$SOFI -$TEAM -$RBLX -$RSX -$WISH -$OSU -filter:retweets since_id:1511131501156577280 until_date:2022-04-06 max_tweets:10
1511491275442487298,$AMD,Tue Apr 05 23:49:36 +0000 2022,amd management better not say anything about weak hands after caldwell dump amp earlier papermaster dump if one of the directors and the chief technology officer dont believe enough to hold why should retail,False,0,0,False,"[{'text': 'AMD', 'indices': [0, 4]}]",1,query:$AMD -$GME -$TSLA -$TWTR -$AMC -$SPY -$HMHC -$DWAC -$SST -$AAPL -$AMZN -$NVDA -$TLRY -$NFLX -$QQQ -$PLTR -$FB -$BABA -$VIX -$SOFI -$TEAM -$RBLX -$RSX -$WISH -$OSU -filter:retweets since_id:1511131501156577280 until_date:2022-04-06 max_tweets:10
1511491191308972032,$AMD,Tue Apr 05 23:49:16 +0000 2022,amd ideally not bellow so people are not scared but as mentioned bellow a quick bounce from would not be bad were going up here or anyone thinks amd goes to ,False,0,0,False,"[{'text': 'AMD', 'indices': [0, 4]}]",1,query:$AMD -$GME -$TSLA -$TWTR -$AMC -$SPY -$HMHC -$DWAC -$SST -$AAPL -$AMZN -$NVDA -$TLRY -$NFLX -$QQQ -$PLTR -$FB -$BABA -$VIX -$SOFI -$TEAM -$RBLX -$RSX -$WISH -$OSU -filter:retweets since_id:1511131501156577280 until_date:2022-04-06 max_tweets:10
1511491053291184130,$AMD,Tue Apr 05 23:48:43 +0000 2022,amd patience grasshopper,False,0,0,False,"[{'text': 'AMD', 'indices': [0, 4]}]",1,query:$AMD -$GME -$TSLA -$TWTR -$AMC -$SPY -$HMHC -$DWAC -$SST -$AAPL -$AMZN -$NVDA -$TLRY -$NFLX -$QQQ -$PLTR -$FB -$BABA -$VIX -$SOFI -$TEAM -$RBLX -$RSX -$WISH -$OSU -filter:retweets since_id:1511131501156577280 until_date:2022-04-06 max_tweets:10
1511489794316148737,$AMD,Tue Apr 05 23:43:43 +0000 2022,being a bear aint all that bad shout out amd for the sick short today,False,0,0,False,"[{'text': 'AMD', 'indices': [43, 47]}]",1,query:$AMD -$GME -$TSLA -$TWTR -$AMC -$SPY -$HMHC -$DWAC -$SST -$AAPL -$AMZN -$NVDA -$TLRY -$NFLX -$QQQ -$PLTR -$FB -$BABA -$VIX -$SOFI -$TEAM -$RBLX -$RSX -$WISH -$OSU -filter:retweets since_id:1511131501156577280 until_date:2022-04-06 max_tweets:10
1511488491120898048,$AMD,Tue Apr 05 23:38:33 +0000 2022,amd earnings on the th im chilling until then,False,0,0,False,"[{'text': 'AMD', 'indices': [0, 4]}]",1,query:$AMD -$GME -$TSLA -$TWTR -$AMC -$SPY -$HMHC -$DWAC -$SST -$AAPL -$AMZN -$NVDA -$TLRY -$NFLX -$QQQ -$PLTR -$FB -$BABA -$VIX -$SOFI -$TEAM -$RBLX -$RSX -$WISH -$OSU -filter:retweets since_id:1511131501156577280 until_date:2022-04-06 max_tweets:10
1511487331584430084,$AMD,Tue Apr 05 23:33:56 +0000 2022,then amd  ,False,1,0,False,"[{'text': 'AMD', 'indices': [19, 23]}]",1,query:$AMD -$GME -$TSLA -$TWTR -$AMC -$SPY -$HMHC -$DWAC -$SST -$AAPL -$AMZN -$NVDA -$TLRY -$NFLX -$QQQ -$PLTR -$FB -$BABA -$VIX -$SOFI -$TEAM -$RBLX -$RSX -$WISH -$OSU -filter:retweets since_id:1511131501156577280 until_date:2022-04-06 max_tweets:10
1511486049653964800,$AMD,Tue Apr 05 23:28:50 +0000 2022,amd oh my fucking god greeen day tomorow perhaps see danny boy thats how we do it here ,False,0,0,False,"[{'text': 'AMD', 'indices': [0, 4]}]",1,query:$AMD -$GME -$TSLA -$TWTR -$AMC -$SPY -$HMHC -$DWAC -$SST -$AAPL -$AMZN -$NVDA -$TLRY -$NFLX -$QQQ -$PLTR -$FB -$BABA -$VIX -$SOFI -$TEAM -$RBLX -$RSX -$WISH -$OSU -filter:retweets since_id:1511131501156577280 until_date:2022-04-06 max_tweets:10
1511488280545701893,$SST,Tue Apr 05 23:37:42 +0000 2022,sst averaged in this evening currently at  hoping for a big day tomorrow,False,6,1,False,"[{'text': 'SST', 'indices': [0, 4]}]",1,query:$SST -$GME -$TSLA -$TWTR -$AMC -$SPY -$HMHC -$DWAC -$AMD -$AAPL -$AMZN -$NVDA -$TLRY -$NFLX -$QQQ -$PLTR -$FB -$BABA -$VIX -$SOFI -$TEAM -$RBLX -$RSX -$WISH -$OSU -filter:retweets since_id:1511131501156577280 until_date:2022-04-06 max_tweets:10
1511486075218317313,$SST,Tue Apr 05 23:28:57 +0000 2022,sst declines in after hours trading see vwap price action,False,0,0,False,"[{'text': 'SST', 'indices': [0, 4]}]",1,query:$SST -$GME -$TSLA -$TWTR -$AMC -$SPY -$HMHC -$DWAC -$AMD -$AAPL -$AMZN -$NVDA -$TLRY -$NFLX -$QQQ -$PLTR -$FB -$BABA -$VIX -$SOFI -$TEAM -$RBLX -$RSX -$WISH -$OSU -filter:retweets since_id:1511131501156577280 until_date:2022-04-06 max_tweets:10
1511481961554006019,$SST,Tue Apr 05 23:12:36 +0000 2022,did you end up getting the options for sst i turned  to  today i hope you did well for yourself too,False,0,0,False,"[{'text': 'SST', 'indices': [66, 70]}]",1,query:$SST -$GME -$TSLA -$TWTR -$AMC -$SPY -$HMHC -$DWAC -$AMD -$AAPL -$AMZN -$NVDA -$TLRY -$NFLX -$QQQ -$PLTR -$FB -$BABA -$VIX -$SOFI -$TEAM -$RBLX -$RSX -$WISH -$OSU -filter:retweets since_id:1511131501156577280 until_date:2022-04-06 max_tweets:10
1511481011061809159,$SST,Tue Apr 05 23:08:49 +0000 2022,thoughts on this sst flow which i dont think ive seen come through,False,4,1,False,"[{'text': 'SST', 'indices': [32, 36]}]",1,query:$SST -$GME -$TSLA -$TWTR -$AMC -$SPY -$HMHC -$DWAC -$AMD -$AAPL -$AMZN -$NVDA -$TLRY -$NFLX -$QQQ -$PLTR -$FB -$BABA -$VIX -$SOFI -$TEAM -$RBLX -$RSX -$WISH -$OSU -filter:retweets since_id:1511131501156577280 until_date:2022-04-06 max_tweets:10
1511478653821100032,$SST,Tue Apr 05 22:59:27 +0000 2022,sst can someone tell me what the current price is every app is giving a different price lol,False,0,0,False,"[{'text': 'SST', 'indices': [0, 4]}]",1,query:$SST -$GME -$TSLA -$TWTR -$AMC -$SPY -$HMHC -$DWAC -$AMD -$AAPL -$AMZN -$NVDA -$TLRY -$NFLX -$QQQ -$PLTR -$FB -$BABA -$VIX -$SOFI -$TEAM -$RBLX -$RSX -$WISH -$OSU -filter:retweets since_id:1511131501156577280 until_date:2022-04-06 max_tweets:10
1511493427082444802,$AAPL,Tue Apr 05 23:58:09 +0000 2022,flow room these are not alerts aapl   calls bought k above oi at ask  a m order,False,0,0,False,"[{'text': 'AAPL', 'indices': [34, 39]}]",1,query:$AAPL -$GME -$TSLA -$TWTR -$AMC -$SPY -$HMHC -$DWAC -$AMD -$SST -$AMZN -$NVDA -$TLRY -$NFLX -$QQQ -$PLTR -$FB -$BABA -$VIX -$SOFI -$TEAM -$RBLX -$RSX -$WISH -$OSU -filter:retweets since_id:1511131501156577280 until_date:2022-04-06 max_tweets:10
1511491918899089409,$AAPL,Tue Apr 05 23:52:10 +0000 2022,aapl new alert at,False,0,0,False,"[{'text': 'AAPL', 'indices': [0, 5]}]",1,query:$AAPL -$GME -$TSLA -$TWTR -$AMC -$SPY -$HMHC -$DWAC -$AMD -$SST -$AMZN -$NVDA -$TLRY -$NFLX -$QQQ -$PLTR -$FB -$BABA -$VIX -$SOFI -$TEAM -$RBLX -$RSX -$WISH -$OSU -filter:retweets since_id:1511131501156577280 until_date:2022-04-06 max_tweets:10
1511491918282301450,$AAPL,Tue Apr 05 23:52:10 +0000 2022,aapl new alert at,False,0,0,False,"[{'text': 'AAPL', 'indices': [0, 5]}]",1,query:$AAPL -$GME -$TSLA -$TWTR -$AMC -$SPY -$HMHC -$DWAC -$AMD -$SST -$AMZN -$NVDA -$TLRY -$NFLX -$QQQ -$PLTR -$FB -$BABA -$VIX -$SOFI -$TEAM -$RBLX -$RSX -$WISH -$OSU -filter:retweets since_id:1511131501156577280 until_date:2022-04-06 max_tweets:10
1511489911752630272,$AAPL,Tue Apr 05 23:44:11 +0000 2022,the best apple is this aapl,False,0,0,False,"[{'text': 'AAPL', 'indices': [46, 51]}]",1,query:$AAPL -$GME -$TSLA -$TWTR -$AMC -$SPY -$HMHC -$DWAC -$AMD -$SST -$AMZN -$NVDA -$TLRY -$NFLX -$QQQ -$PLTR -$FB -$BABA -$VIX -$SOFI -$TEAM -$RBLX -$RSX -$WISH -$OSU -filter:retweets since_id:1511131501156577280 until_date:2022-04-06 max_tweets:10
1511488978264158209,$AAPL,Tue Apr 05 23:40:29 +0000 2022,aapl next day is gonna be bloody for the bulls looking at percent down as people continue to get out of there positions,False,0,0,False,"[{'text': 'AAPL', 'indices': [0, 5]}]",1,query:$AAPL -$GME -$TSLA -$TWTR -$AMC -$SPY -$HMHC -$DWAC -$AMD -$SST -$AMZN -$NVDA -$TLRY -$NFLX -$QQQ -$PLTR -$FB -$BABA -$VIX -$SOFI -$TEAM -$RBLX -$RSX -$WISH -$OSU -filter:retweets since_id:1511131501156577280 until_date:2022-04-06 max_tweets:10
1511488452625321992,$AAPL,Tue Apr 05 23:38:23 +0000 2022,aaplnew insider filing on apple incssvp gc and secretarykatherine l adams,False,0,0,False,"[{'text': 'AAPL', 'indices': [0, 5]}]",1,query:$AAPL -$GME -$TSLA -$TWTR -$AMC -$SPY -$HMHC -$DWAC -$AMD -$SST -$AMZN -$NVDA -$TLRY -$NFLX -$QQQ -$PLTR -$FB -$BABA -$VIX -$SOFI -$TEAM -$RBLX -$RSX -$WISH -$OSU -filter:retweets since_id:1511131501156577280 until_date:2022-04-06 max_tweets:10
1511488118846853123,$AAPL,Tue Apr 05 23:37:04 +0000 2022,aapl p  gt   with the short the pop theme of the day tried to take puts off a level retest kept a tight stop and it didnt go my way so i got stopped out happy with my execution here,False,0,0,False,"[{'text': 'AAPL', 'indices': [0, 5]}]",1,query:$AAPL -$GME -$TSLA -$TWTR -$AMC -$SPY -$HMHC -$DWAC -$AMD -$SST -$AMZN -$NVDA -$TLRY -$NFLX -$QQQ -$PLTR -$FB -$BABA -$VIX -$SOFI -$TEAM -$RBLX -$RSX -$WISH -$OSU -filter:retweets since_id:1511131501156577280 until_date:2022-04-06 max_tweets:10
1511488035858358273,$AAPL,Tue Apr 05 23:36:44 +0000 2022,watching for aapl to hit trillion market cap on my apple,False,0,0,False,"[{'text': 'AAPL', 'indices': [13, 18]}]",1,query:$AAPL -$GME -$TSLA -$TWTR -$AMC -$SPY -$HMHC -$DWAC -$AMD -$SST -$AMZN -$NVDA -$TLRY -$NFLX -$QQQ -$PLTR -$FB -$BABA -$VIX -$SOFI -$TEAM -$RBLX -$RSX -$WISH -$OSU -filter:retweets since_id:1511131501156577280 until_date:2022-04-06 max_tweets:10
1511487472114585604,$AAPL,Tue Apr 05 23:34:30 +0000 2022,aapl only president obama could make that happen,False,0,0,False,"[{'text': 'aapl', 'indices': [0, 5]}]",1,query:$AAPL -$GME -$TSLA -$TWTR -$AMC -$SPY -$HMHC -$DWAC -$AMD -$SST -$AMZN -$NVDA -$TLRY -$NFLX -$QQQ -$PLTR -$FB -$BABA -$VIX -$SOFI -$TEAM -$RBLX -$RSX -$WISH -$OSU -filter:retweets since_id:1511131501156577280 until_date:2022-04-06 max_tweets:10
1511486969100271616,$AAPL,Tue Apr 05 23:32:30 +0000 2022,aapl oct th aapl slide  if you can figure out why i picked that date to relate today and tmr you win yourself some good dd good luck bears and bulls ill see everyone tomorrow,False,1,0,False,"[{'text': 'AAPL', 'indices': [0, 5]}]",1,query:$AAPL -$GME -$TSLA -$TWTR -$AMC -$SPY -$HMHC -$DWAC -$AMD -$SST -$AMZN -$NVDA -$TLRY -$NFLX -$QQQ -$PLTR -$FB -$BABA -$VIX -$SOFI -$TEAM -$RBLX -$RSX -$WISH -$OSU -filter:retweets since_id:1511131501156577280 until_date:2022-04-06 max_tweets:10
1511493641746886659,$AMZN,Tue Apr 05 23:59:01 +0000 2022,episode of do the opposite of bwamzn apr puti dont take large positions on options just or contracts at a time to play around but almost bottom ticked yesterday and then sold for a few pennies leaving about  on the table today,False,0,0,False,"[{'text': 'AMZN', 'indices': [42, 47]}]",1,query:$AMZN -$GME -$TSLA -$TWTR -$AMC -$SPY -$HMHC -$DWAC -$AMD -$SST -$AAPL -$NVDA -$TLRY -$NFLX -$QQQ -$PLTR -$FB -$BABA -$VIX -$SOFI -$TEAM -$RBLX -$RSX -$WISH -$OSU -filter:retweets since_id:1511131501156577280 until_date:2022-04-06 max_tweets:10
1511490950731735044,$AMZN,Tue Apr 05 23:48:19 +0000 2022,amzn looks like its forming a hamp on the hr chart,False,4,2,False,"[{'text': 'AMZN', 'indices': [0, 5]}]",1,query:$AMZN -$GME -$TSLA -$TWTR -$AMC -$SPY -$HMHC -$DWAC -$AMD -$SST -$AAPL -$NVDA -$TLRY -$NFLX -$QQQ -$PLTR -$FB -$BABA -$VIX -$SOFI -$TEAM -$RBLX -$RSX -$WISH -$OSU -filter:retweets since_id:1511131501156577280 until_date:2022-04-06 max_tweets:10
1511488937503600642,$AMZN,Tue Apr 05 23:40:19 +0000 2022,amzn do we have a record date for being eligible for split,False,1,0,False,"[{'text': 'AMZN', 'indices': [0, 5]}]",1,query:$AMZN -$GME -$TSLA -$TWTR -$AMC -$SPY -$HMHC -$DWAC -$AMD -$SST -$AAPL -$NVDA -$TLRY -$NFLX -$QQQ -$PLTR -$FB -$BABA -$VIX -$SOFI -$TEAM -$RBLX -$RSX -$WISH -$OSU -filter:retweets since_id:1511131501156577280 until_date:2022-04-06 max_tweets:10
1511486850963152899,$AMZN,Tue Apr 05 23:32:01 +0000 2022,amazon amzn will use jeff bezos blue origin and other space companies to begin launching thousands of satellites into orbit and transmit highspeed internet back to earth,True,0,0,True,"[{'text': 'AMZN', 'indices': [7, 12]}]",1,query:$AMZN -$GME -$TSLA -$TWTR -$AMC -$SPY -$HMHC -$DWAC -$AMD -$SST -$AAPL -$NVDA -$TLRY -$NFLX -$QQQ -$PLTR -$FB -$BABA -$VIX -$SOFI -$TEAM -$RBLX -$RSX -$WISH -$OSU -filter:retweets since_id:1511131501156577280 until_date:2022-04-06 max_tweets:10
1511486811402428416,$AMZN,Tue Apr 05 23:31:52 +0000 2022,amzn ing,False,0,0,False,"[{'text': 'AMZN', 'indices': [0, 5]}]",1,query:$AMZN -$GME -$TSLA -$TWTR -$AMC -$SPY -$HMHC -$DWAC -$AMD -$SST -$AAPL -$NVDA -$TLRY -$NFLX -$QQQ -$PLTR -$FB -$BABA -$VIX -$SOFI -$TEAM -$RBLX -$RSX -$WISH -$OSU -filter:retweets since_id:1511131501156577280 until_date:2022-04-06 max_tweets:10
1511486439648804865,$AMZN,Tue Apr 05 23:30:23 +0000 2022,us stockswall street tech shares stumble on fears of aggressive fed amzn,False,0,0,False,"[{'text': 'AMZN', 'indices': [69, 74]}]",1,query:$AMZN -$GME -$TSLA -$TWTR -$AMC -$SPY -$HMHC -$DWAC -$AMD -$SST -$AAPL -$NVDA -$TLRY -$NFLX -$QQQ -$PLTR -$FB -$BABA -$VIX -$SOFI -$TEAM -$RBLX -$RSX -$WISH -$OSU -filter:retweets since_id:1511131501156577280 until_date:2022-04-06 max_tweets:10
1511484438609334273,$AMZN,Tue Apr 05 23:22:26 +0000 2022,amzn back below the smatesting support,False,0,0,False,"[{'text': 'AMZN', 'indices': [0, 5]}]",1,query:$AMZN -$GME -$TSLA -$TWTR -$AMC -$SPY -$HMHC -$DWAC -$AMD -$SST -$AAPL -$NVDA -$TLRY -$NFLX -$QQQ -$PLTR -$FB -$BABA -$VIX -$SOFI -$TEAM -$RBLX -$RSX -$WISH -$OSU -filter:retweets since_id:1511131501156577280 until_date:2022-04-06 max_tweets:10
1511484399787057152,$AMZN,Tue Apr 05 23:22:17 +0000 2022,amzn continues to constructive action as it flags above the now slightly rising ema watch that macd though for potential push to bottom of flagema weekly still in a bullish cross,False,0,0,False,"[{'text': 'AMZN', 'indices': [0, 5]}]",1,query:$AMZN -$GME -$TSLA -$TWTR -$AMC -$SPY -$HMHC -$DWAC -$AMD -$SST -$AAPL -$NVDA -$TLRY -$NFLX -$QQQ -$PLTR -$FB -$BABA -$VIX -$SOFI -$TEAM -$RBLX -$RSX -$WISH -$OSU -filter:retweets since_id:1511131501156577280 until_date:2022-04-06 max_tweets:10
1511481655768535040,$AMZN,Tue Apr 05 23:11:23 +0000 2022,amzn i sold p puts at close pumpers pls pump so that i dont regret tomorrow,False,0,0,False,"[{'text': 'AMZN', 'indices': [0, 5]}]",1,query:$AMZN -$GME -$TSLA -$TWTR -$AMC -$SPY -$HMHC -$DWAC -$AMD -$SST -$AAPL -$NVDA -$TLRY -$NFLX -$QQQ -$PLTR -$FB -$BABA -$VIX -$SOFI -$TEAM -$RBLX -$RSX -$WISH -$OSU -filter:retweets since_id:1511131501156577280 until_date:2022-04-06 max_tweets:10
1511491869749960706,$NVDA,Tue Apr 05 23:51:58 +0000 2022,nvda looking to retest last wednesdays intra day lows of  a break below could see,False,2,0,False,"[{'text': 'nvda', 'indices': [0, 5]}]",1,query:$NVDA -$GME -$TSLA -$TWTR -$AMC -$SPY -$HMHC -$DWAC -$AMD -$SST -$AAPL -$AMZN -$TLRY -$NFLX -$QQQ -$PLTR -$FB -$BABA -$VIX -$SOFI -$TEAM -$RBLX -$RSX -$WISH -$OSU -filter:retweets since_id:1511131501156577280 until_date:2022-04-06 max_tweets:10
1511490140002304008,$NVDA,Tue Apr 05 23:45:06 +0000 2022,nvda makes an outsized move  the apr option straddle is implying a  move in the next days,False,1,0,False,"[{'text': 'NVDA', 'indices': [0, 5]}]",1,query:$NVDA -$GME -$TSLA -$TWTR -$AMC -$SPY -$HMHC -$DWAC -$AMD -$SST -$AAPL -$AMZN -$TLRY -$NFLX -$QQQ -$PLTR -$FB -$BABA -$VIX -$SOFI -$TEAM -$RBLX -$RSX -$WISH -$OSU -filter:retweets since_id:1511131501156577280 until_date:2022-04-06 max_tweets:10
1511489853841547270,$NVDA,Tue Apr 05 23:43:57 +0000 2022,nvda lookin pretty nice wanting to drop maybe  more dollars before grabbing some more shares,False,0,0,False,"[{'text': 'NVDA', 'indices': [0, 5]}]",1,query:$NVDA -$GME -$TSLA -$TWTR -$AMC -$SPY -$HMHC -$DWAC -$AMD -$SST -$AAPL -$AMZN -$TLRY -$NFLX -$QQQ -$PLTR -$FB -$BABA -$VIX -$SOFI -$TEAM -$RBLX -$RSX -$WISH -$OSU -filter:retweets since_id:1511131501156577280 until_date:2022-04-06 max_tweets:10
1511487992564973570,$NVDA,Tue Apr 05 23:36:34 +0000 2022,nvda was there bad news today why down do much,False,1,0,False,"[{'text': 'NVDA', 'indices': [0, 5]}]",1,query:$NVDA -$GME -$TSLA -$TWTR -$AMC -$SPY -$HMHC -$DWAC -$AMD -$SST -$AAPL -$AMZN -$TLRY -$NFLX -$QQQ -$PLTR -$FB -$BABA -$VIX -$SOFI -$TEAM -$RBLX -$RSX -$WISH -$OSU -filter:retweets since_id:1511131501156577280 until_date:2022-04-06 max_tweets:10
1511483800512999429,$NVDA,Tue Apr 05 23:19:54 +0000 2022,nvda whered all the bulls go,False,3,0,False,"[{'text': 'NVDA', 'indices': [0, 5]}]",1,query:$NVDA -$GME -$TSLA -$TWTR -$AMC -$SPY -$HMHC -$DWAC -$AMD -$SST -$AAPL -$AMZN -$TLRY -$NFLX -$QQQ -$PLTR -$FB -$BABA -$VIX -$SOFI -$TEAM -$RBLX -$RSX -$WISH -$OSU -filter:retweets since_id:1511131501156577280 until_date:2022-04-06 max_tweets:10
1511483549509382144,$NVDA,Tue Apr 05 23:18:54 +0000 2022,nvda futures are green not red foolish bears,False,1,0,False,"[{'text': 'NVDA', 'indices': [0, 5]}]",1,query:$NVDA -$GME -$TSLA -$TWTR -$AMC -$SPY -$HMHC -$DWAC -$AMD -$SST -$AAPL -$AMZN -$TLRY -$NFLX -$QQQ -$PLTR -$FB -$BABA -$VIX -$SOFI -$TEAM -$RBLX -$RSX -$WISH -$OSU -filter:retweets since_id:1511131501156577280 until_date:2022-04-06 max_tweets:10
1511482811957620742,$NVDA,Tue Apr 05 23:15:59 +0000 2022,this area is super important in nvda tomorrow i think it breaks given the weakness in semis this honestly has been a pretty difficult market to trade and dont let anyone tell you otherwisecheck out my analysis on ,False,1,0,False,"[{'text': 'NVDA', 'indices': [36, 41]}]",1,query:$NVDA -$GME -$TSLA -$TWTR -$AMC -$SPY -$HMHC -$DWAC -$AMD -$SST -$AAPL -$AMZN -$TLRY -$NFLX -$QQQ -$PLTR -$FB -$BABA -$VIX -$SOFI -$TEAM -$RBLX -$RSX -$WISH -$OSU -filter:retweets since_id:1511131501156577280 until_date:2022-04-06 max_tweets:10
1511482445903765505,$NVDA,Tue Apr 05 23:14:31 +0000 2022,nvda lets go not a buy yet almost there wolfe wave about to complete technical looking good,False,0,0,False,"[{'text': 'NVDA', 'indices': [0, 5]}]",1,query:$NVDA -$GME -$TSLA -$TWTR -$AMC -$SPY -$HMHC -$DWAC -$AMD -$SST -$AAPL -$AMZN -$TLRY -$NFLX -$QQQ -$PLTR -$FB -$BABA -$VIX -$SOFI -$TEAM -$RBLX -$RSX -$WISH -$OSU -filter:retweets since_id:1511131501156577280 until_date:2022-04-06 max_tweets:10
1511481854251397120,$NVDA,Tue Apr 05 23:12:10 +0000 2022,nvda down more after hour lollll more money for me and less for the bulls hahahah stupid bulls lmfao,False,1,0,False,"[{'text': 'NVDA', 'indices': [0, 5]}]",1,query:$NVDA -$GME -$TSLA -$TWTR -$AMC -$SPY -$HMHC -$DWAC -$AMD -$SST -$AAPL -$AMZN -$TLRY -$NFLX -$QQQ -$PLTR -$FB -$BABA -$VIX -$SOFI -$TEAM -$RBLX -$RSX -$WISH -$OSU -filter:retweets since_id:1511131501156577280 until_date:2022-04-06 max_tweets:10
1511493371331858436,$TLRY,Tue Apr 05 23:57:56 +0000 2022,a market maker never looses tlry,False,0,0,False,"[{'text': 'TLRY', 'indices': [69, 74]}]",1,query:$TLRY -$GME -$TSLA -$TWTR -$AMC -$SPY -$HMHC -$DWAC -$AMD -$SST -$AAPL -$AMZN -$NVDA -$NFLX -$QQQ -$PLTR -$FB -$BABA -$VIX -$SOFI -$TEAM -$RBLX -$RSX -$WISH -$OSU -filter:retweets since_id:1511131501156577280 until_date:2022-04-06 max_tweets:10
1511491915169996800,$TLRY,Tue Apr 05 23:52:09 +0000 2022,tlry tomorrow pre market,False,0,0,False,"[{'text': 'TLRY', 'indices': [0, 5]}]",1,query:$TLRY -$GME -$TSLA -$TWTR -$AMC -$SPY -$HMHC -$DWAC -$AMD -$SST -$AAPL -$AMZN -$NVDA -$NFLX -$QQQ -$PLTR -$FB -$BABA -$VIX -$SOFI -$TEAM -$RBLX -$RSX -$WISH -$OSU -filter:retweets since_id:1511131501156577280 until_date:2022-04-06 max_tweets:10
1511491720164392961,$TLRY,Tue Apr 05 23:51:22 +0000 2022,why analyzing tlry stocktwits and twitter sentiment trends is essential for tilraytlry averages tweets and m impressions in hours,False,1,0,False,"[{'text': 'TLRY', 'indices': [14, 19]}]",1,query:$TLRY -$GME -$TSLA -$TWTR -$AMC -$SPY -$HMHC -$DWAC -$AMD -$SST -$AAPL -$AMZN -$NVDA -$NFLX -$QQQ -$PLTR -$FB -$BABA -$VIX -$SOFI -$TEAM -$RBLX -$RSX -$WISH -$OSU -filter:retweets since_id:1511131501156577280 until_date:2022-04-06 max_tweets:10
1511491590237261824,$TLRY,Tue Apr 05 23:50:51 +0000 2022,tlry i know its premarket but what time is the er ,False,0,0,False,"[{'text': 'TLRY', 'indices': [0, 5]}]",1,query:$TLRY -$GME -$TSLA -$TWTR -$AMC -$SPY -$HMHC -$DWAC -$AMD -$SST -$AAPL -$AMZN -$NVDA -$NFLX -$QQQ -$PLTR -$FB -$BABA -$VIX -$SOFI -$TEAM -$RBLX -$RSX -$WISH -$OSU -filter:retweets since_id:1511131501156577280 until_date:2022-04-06 max_tweets:10
1511490964229341184,$TLRY,Tue Apr 05 23:48:22 +0000 2022,tlry are revenues from breken ridge in this quarter,False,0,0,False,"[{'text': 'TLRY', 'indices': [0, 5]}]",1,query:$TLRY -$GME -$TSLA -$TWTR -$AMC -$SPY -$HMHC -$DWAC -$AMD -$SST -$AAPL -$AMZN -$NVDA -$NFLX -$QQQ -$PLTR -$FB -$BABA -$VIX -$SOFI -$TEAM -$RBLX -$RSX -$WISH -$OSU -filter:retweets since_id:1511131501156577280 until_date:2022-04-06 max_tweets:10
1511490922965397504,$TLRY,Tue Apr 05 23:48:12 +0000 2022,tlry oh snap im in the money whoo whoo,False,0,0,False,"[{'text': 'TLRY', 'indices': [0, 5]}]",1,query:$TLRY -$GME -$TSLA -$TWTR -$AMC -$SPY -$HMHC -$DWAC -$AMD -$SST -$AAPL -$AMZN -$NVDA -$NFLX -$QQQ -$PLTR -$FB -$BABA -$VIX -$SOFI -$TEAM -$RBLX -$RSX -$WISH -$OSU -filter:retweets since_id:1511131501156577280 until_date:2022-04-06 max_tweets:10
1511490519385354240,$TLRY,Tue Apr 05 23:46:36 +0000 2022,tlry not in but hoping the best for the entire sector so that it can run,False,1,0,False,"[{'text': 'TLRY', 'indices': [0, 5]}]",1,query:$TLRY -$GME -$TSLA -$TWTR -$AMC -$SPY -$HMHC -$DWAC -$AMD -$SST -$AAPL -$AMZN -$NVDA -$NFLX -$QQQ -$PLTR -$FB -$BABA -$VIX -$SOFI -$TEAM -$RBLX -$RSX -$WISH -$OSU -filter:retweets since_id:1511131501156577280 until_date:2022-04-06 max_tweets:10
1511490144246763528,$TLRY,Tue Apr 05 23:45:07 +0000 2022,tlry we aint going to the moon but i have a feeling youre gonna wake up tomorrow and wish you bought a little more on that dip today well see,False,2,0,False,"[{'text': 'TLRY', 'indices': [0, 5]}]",1,query:$TLRY -$GME -$TSLA -$TWTR -$AMC -$SPY -$HMHC -$DWAC -$AMD -$SST -$AAPL -$AMZN -$NVDA -$NFLX -$QQQ -$PLTR -$FB -$BABA -$VIX -$SOFI -$TEAM -$RBLX -$RSX -$WISH -$OSU -filter:retweets since_id:1511131501156577280 until_date:2022-04-06 max_tweets:10
1511489347971084289,$TLRY,Tue Apr 05 23:41:57 +0000 2022,tlry yes but  wants more and is bag holding since then thats the point,False,0,0,False,"[{'text': 'TLRY', 'indices': [0, 5]}]",1,query:$TLRY -$GME -$TSLA -$TWTR -$AMC -$SPY -$HMHC -$DWAC -$AMD -$SST -$AAPL -$AMZN -$NVDA -$NFLX -$QQQ -$PLTR -$FB -$BABA -$VIX -$SOFI -$TEAM -$RBLX -$RSX -$WISH -$OSU -filter:retweets since_id:1511131501156577280 until_date:2022-04-06 max_tweets:10
1511486414827012097,$NFLX,Tue Apr 05 23:30:18 +0000 2022,nflx that million block of calls looks to be targeting the feb vpoc which is right in the golden pocket of the fib retracement closed beneath daily  looking for smaller move lower then another move to breakretest daily  before move higher will def be ready for this,False,2,0,False,"[{'text': 'NFLX', 'indices': [0, 5]}]",1,query:$NFLX -$GME -$TSLA -$TWTR -$AMC -$SPY -$HMHC -$DWAC -$AMD -$SST -$AAPL -$AMZN -$NVDA -$TLRY -$QQQ -$PLTR -$FB -$BABA -$VIX -$SOFI -$TEAM -$RBLX -$RSX -$WISH -$OSU -filter:retweets since_id:1511131501156577280 until_date:2022-04-06 max_tweets:10
1511485071299067905,$NFLX,Tue Apr 05 23:24:57 +0000 2022,nflx about a million bullish out of the money earnings play earnings on  this was april c contracts a lot of which came in at the end of the day theres very little on the put side so far,False,2,1,False,"[{'text': 'NFLX', 'indices': [0, 5]}]",1,query:$NFLX -$GME -$TSLA -$TWTR -$AMC -$SPY -$HMHC -$DWAC -$AMD -$SST -$AAPL -$AMZN -$NVDA -$TLRY -$QQQ -$PLTR -$FB -$BABA -$VIX -$SOFI -$TEAM -$RBLX -$RSX -$WISH -$OSU -filter:retweets since_id:1511131501156577280 until_date:2022-04-06 max_tweets:10
1511479610151563267,$NFLX,Tue Apr 05 23:03:15 +0000 2022,heya just add prn nflx,False,0,0,False,"[{'text': 'NFLX', 'indices': [69, 74]}]",1,query:$NFLX -$GME -$TSLA -$TWTR -$AMC -$SPY -$HMHC -$DWAC -$AMD -$SST -$AAPL -$AMZN -$NVDA -$TLRY -$QQQ -$PLTR -$FB -$BABA -$VIX -$SOFI -$TEAM -$RBLX -$RSX -$WISH -$OSU -filter:retweets since_id:1511131501156577280 until_date:2022-04-06 max_tweets:10
1511472253158162437,$NFLX,Tue Apr 05 22:34:01 +0000 2022,nflx even if you take yesterday wild swing up out of the equation price is still up from last fridays finsh of and today we finish at  today obviously,False,0,0,False,"[{'text': 'NFLX', 'indices': [0, 5]}]",1,query:$NFLX -$GME -$TSLA -$TWTR -$AMC -$SPY -$HMHC -$DWAC -$AMD -$SST -$AAPL -$AMZN -$NVDA -$TLRY -$QQQ -$PLTR -$FB -$BABA -$VIX -$SOFI -$TEAM -$RBLX -$RSX -$WISH -$OSU -filter:retweets since_id:1511131501156577280 until_date:2022-04-06 max_tweets:10
1511468345777963009,$NFLX,Tue Apr 05 22:18:30 +0000 2022,our unusual options platform alerted nflx with our scanner on  put expiring  worth k get ahead of the move with amp learn more about it on our profile today,False,0,0,False,"[{'text': 'NFLX', 'indices': [38, 43]}]",1,query:$NFLX -$GME -$TSLA -$TWTR -$AMC -$SPY -$HMHC -$DWAC -$AMD -$SST -$AAPL -$AMZN -$NVDA -$TLRY -$QQQ -$PLTR -$FB -$BABA -$VIX -$SOFI -$TEAM -$RBLX -$RSX -$WISH -$OSU -filter:retweets since_id:1511131501156577280 until_date:2022-04-06 max_tweets:10
1511468108716085249,$NFLX,Tue Apr 05 22:17:33 +0000 2022,our unusual options platform alerted nflx with our scanner on  put expiring  worth k get ahead of the move with sweepcast amp learn more about it on our profile today,False,0,0,False,"[{'text': 'NFLX', 'indices': [38, 43]}]",1,query:$NFLX -$GME -$TSLA -$TWTR -$AMC -$SPY -$HMHC -$DWAC -$AMD -$SST -$AAPL -$AMZN -$NVDA -$TLRY -$QQQ -$PLTR -$FB -$BABA -$VIX -$SOFI -$TEAM -$RBLX -$RSX -$WISH -$OSU -filter:retweets since_id:1511131501156577280 until_date:2022-04-06 max_tweets:10
1511462072818696193,$NFLX,Tue Apr 05 21:53:34 +0000 2022,nflx continues to reject  sma resistance needs to power through that for a push towards ,False,0,0,False,"[{'text': 'NFLX', 'indices': [0, 5]}]",1,query:$NFLX -$GME -$TSLA -$TWTR -$AMC -$SPY -$HMHC -$DWAC -$AMD -$SST -$AAPL -$AMZN -$NVDA -$TLRY -$QQQ -$PLTR -$FB -$BABA -$VIX -$SOFI -$TEAM -$RBLX -$RSX -$WISH -$OSU -filter:retweets since_id:1511131501156577280 until_date:2022-04-06 max_tweets:10
1511453040821567488,$NFLX,Tue Apr 05 21:17:41 +0000 2022,nflx shorting here again,False,0,0,False,"[{'text': 'NFLX', 'indices': [0, 5]}]",1,query:$NFLX -$GME -$TSLA -$TWTR -$AMC -$SPY -$HMHC -$DWAC -$AMD -$SST -$AAPL -$AMZN -$NVDA -$TLRY -$QQQ -$PLTR -$FB -$BABA -$VIX -$SOFI -$TEAM -$RBLX -$RSX -$WISH -$OSU -filter:retweets since_id:1511131501156577280 until_date:2022-04-06 max_tweets:10
1511451532868263943,$NFLX,Tue Apr 05 21:11:41 +0000 2022,nflx any information about netlfix looks like a good stock right,False,0,0,False,"[{'text': 'NFLX', 'indices': [0, 5]}]",1,query:$NFLX -$GME -$TSLA -$TWTR -$AMC -$SPY -$HMHC -$DWAC -$AMD -$SST -$AAPL -$AMZN -$NVDA -$TLRY -$QQQ -$PLTR -$FB -$BABA -$VIX -$SOFI -$TEAM -$RBLX -$RSX -$WISH -$OSU -filter:retweets since_id:1511131501156577280 until_date:2022-04-06 max_tweets:10
1511490274165370880,$QQQ,Tue Apr 05 23:45:38 +0000 2022,qqq dont let those futs stay green no mercy,False,1,0,False,"[{'text': 'QQQ', 'indices': [0, 4]}]",1,query:$QQQ -$GME -$TSLA -$TWTR -$AMC -$SPY -$HMHC -$DWAC -$AMD -$SST -$AAPL -$AMZN -$NVDA -$TLRY -$NFLX -$PLTR -$FB -$BABA -$VIX -$SOFI -$TEAM -$RBLX -$RSX -$WISH -$OSU -filter:retweets since_id:1511131501156577280 until_date:2022-04-06 max_tweets:10
1511486268776976385,$QQQ,Tue Apr 05 23:29:43 +0000 2022,qqq it likes that area for trend,False,1,0,False,"[{'text': 'QQQ', 'indices': [0, 4]}]",1,query:$QQQ -$GME -$TSLA -$TWTR -$AMC -$SPY -$HMHC -$DWAC -$AMD -$SST -$AAPL -$AMZN -$NVDA -$TLRY -$NFLX -$PLTR -$FB -$BABA -$VIX -$SOFI -$TEAM -$RBLX -$RSX -$WISH -$OSU -filter:retweets since_id:1511131501156577280 until_date:2022-04-06 max_tweets:10
1511486096718589961,$QQQ,Tue Apr 05 23:29:02 +0000 2022,qqq gonna be lots of new enrons next months,False,0,0,False,"[{'text': 'QQQ', 'indices': [0, 4]}]",1,query:$QQQ -$GME -$TSLA -$TWTR -$AMC -$SPY -$HMHC -$DWAC -$AMD -$SST -$AAPL -$AMZN -$NVDA -$TLRY -$NFLX -$PLTR -$FB -$BABA -$VIX -$SOFI -$TEAM -$RBLX -$RSX -$WISH -$OSU -filter:retweets since_id:1511131501156577280 until_date:2022-04-06 max_tweets:10
1511485715091271688,$QQQ,Tue Apr 05 23:27:31 +0000 2022,qqq well if a bearish piercing candle means anything the stock will go up or down tomorrow,False,1,0,False,"[{'text': 'QQQ', 'indices': [0, 4]}]",1,query:$QQQ -$GME -$TSLA -$TWTR -$AMC -$SPY -$HMHC -$DWAC -$AMD -$SST -$AAPL -$AMZN -$NVDA -$TLRY -$NFLX -$PLTR -$FB -$BABA -$VIX -$SOFI -$TEAM -$RBLX -$RSX -$WISH -$OSU -filter:retweets since_id:1511131501156577280 until_date:2022-04-06 max_tweets:10
1511485678059950080,$QQQ,Tue Apr 05 23:27:22 +0000 2022,qqq all my trash talk today and i didnt see my short entry wth,False,0,0,False,"[{'text': 'QQQ', 'indices': [0, 4]}]",1,query:$QQQ -$GME -$TSLA -$TWTR -$AMC -$SPY -$HMHC -$DWAC -$AMD -$SST -$AAPL -$AMZN -$NVDA -$TLRY -$NFLX -$PLTR -$FB -$BABA -$VIX -$SOFI -$TEAM -$RBLX -$RSX -$WISH -$OSU -filter:retweets since_id:1511131501156577280 until_date:2022-04-06 max_tweets:10
1511485425302781953,$QQQ,Tue Apr 05 23:26:22 +0000 2022,qqq crazy how there were so many buyers the last two weeks and all of a sudden they disappeared theyll buy at but not  buy high sell low,False,1,0,False,"[{'text': 'QQQ', 'indices': [0, 4]}]",1,query:$QQQ -$GME -$TSLA -$TWTR -$AMC -$SPY -$HMHC -$DWAC -$AMD -$SST -$AAPL -$AMZN -$NVDA -$TLRY -$NFLX -$PLTR -$FB -$BABA -$VIX -$SOFI -$TEAM -$RBLX -$RSX -$WISH -$OSU -filter:retweets since_id:1511131501156577280 until_date:2022-04-06 max_tweets:10
1511485189008273408,$QQQ,Tue Apr 05 23:25:25 +0000 2022,qqq tomorrow,False,2,0,False,"[{'text': 'QQQ', 'indices': [0, 4]}]",1,query:$QQQ -$GME -$TSLA -$TWTR -$AMC -$SPY -$HMHC -$DWAC -$AMD -$SST -$AAPL -$AMZN -$NVDA -$TLRY -$NFLX -$PLTR -$FB -$BABA -$VIX -$SOFI -$TEAM -$RBLX -$RSX -$WISH -$OSU -filter:retweets since_id:1511131501156577280 until_date:2022-04-06 max_tweets:10
1511484607727915012,$QQQ,Tue Apr 05 23:23:07 +0000 2022,qqq analysisfailed to continue upwards today now testing the key level which is oh so important to hold,False,35,3,False,"[{'text': 'QQQ', 'indices': [0, 4]}]",1,query:$QQQ -$GME -$TSLA -$TWTR -$AMC -$SPY -$HMHC -$DWAC -$AMD -$SST -$AAPL -$AMZN -$NVDA -$TLRY -$NFLX -$PLTR -$FB -$BABA -$VIX -$SOFI -$TEAM -$RBLX -$RSX -$WISH -$OSU -filter:retweets since_id:1511131501156577280 until_date:2022-04-06 max_tweets:10
1511492118770249730,$PLTR,Tue Apr 05 23:52:57 +0000 2022,pltr im thinking  up tomorrow,False,1,0,False,"[{'text': 'PLTR', 'indices': [0, 5]}]",1,query:$PLTR -$GME -$TSLA -$TWTR -$AMC -$SPY -$HMHC -$DWAC -$AMD -$SST -$AAPL -$AMZN -$NVDA -$TLRY -$NFLX -$QQQ -$FB -$BABA -$VIX -$SOFI -$TEAM -$RBLX -$RSX -$WISH -$OSU -filter:retweets since_id:1511131501156577280 until_date:2022-04-06 max_tweets:10
1511491204986273795,$PLTR,Tue Apr 05 23:49:20 +0000 2022,pltr expecting a to  drop tomorrow,False,0,0,False,"[{'text': 'PLTR', 'indices': [0, 5]}]",1,query:$PLTR -$GME -$TSLA -$TWTR -$AMC -$SPY -$HMHC -$DWAC -$AMD -$SST -$AAPL -$AMZN -$NVDA -$TLRY -$NFLX -$QQQ -$FB -$BABA -$VIX -$SOFI -$TEAM -$RBLX -$RSX -$WISH -$OSU -filter:retweets since_id:1511131501156577280 until_date:2022-04-06 max_tweets:10
1511489994279784448,$PLTR,Tue Apr 05 23:44:31 +0000 2022,are they botsseemed like pre real pltr holders,False,2,0,False,"[{'text': 'pltr', 'indices': [50, 55]}]",1,query:$PLTR -$GME -$TSLA -$TWTR -$AMC -$SPY -$HMHC -$DWAC -$AMD -$SST -$AAPL -$AMZN -$NVDA -$TLRY -$NFLX -$QQQ -$FB -$BABA -$VIX -$SOFI -$TEAM -$RBLX -$RSX -$WISH -$OSU -filter:retweets since_id:1511131501156577280 until_date:2022-04-06 max_tweets:10
1511488551443222540,$PLTR,Tue Apr 05 23:38:47 +0000 2022,haha i personally think you made a great decision pltr is cheap below ,False,0,0,False,"[{'text': 'PLTR', 'indices': [69, 74]}]",1,query:$PLTR -$GME -$TSLA -$TWTR -$AMC -$SPY -$HMHC -$DWAC -$AMD -$SST -$AAPL -$AMZN -$NVDA -$TLRY -$NFLX -$QQQ -$FB -$BABA -$VIX -$SOFI -$TEAM -$RBLX -$RSX -$WISH -$OSU -filter:retweets since_id:1511131501156577280 until_date:2022-04-06 max_tweets:10
1511487156828606466,$PLTR,Tue Apr 05 23:33:14 +0000 2022,pltr im fing bullish as heck with palantir no brainer with this one  hold and wait for it to hit ,False,0,0,False,"[{'text': 'PLTR', 'indices': [0, 5]}]",1,query:$PLTR -$GME -$TSLA -$TWTR -$AMC -$SPY -$HMHC -$DWAC -$AMD -$SST -$AAPL -$AMZN -$NVDA -$TLRY -$NFLX -$QQQ -$FB -$BABA -$VIX -$SOFI -$TEAM -$RBLX -$RSX -$WISH -$OSU -filter:retweets since_id:1511131501156577280 until_date:2022-04-06 max_tweets:10
1511483184768299011,$PLTR,Tue Apr 05 23:17:27 +0000 2022,if i was  i would leverage twitter and combine it with the big data capabilities of pltr to create a de facto electronic system,False,1,1,False,"[{'text': 'pltr', 'indices': [128, 133]}]",1,query:$PLTR -$GME -$TSLA -$TWTR -$AMC -$SPY -$HMHC -$DWAC -$AMD -$SST -$AAPL -$AMZN -$NVDA -$TLRY -$NFLX -$QQQ -$FB -$BABA -$VIX -$SOFI -$TEAM -$RBLX -$RSX -$WISH -$OSU -filter:retweets since_id:1511131501156577280 until_date:2022-04-06 max_tweets:10
1511482817385230338,$PLTR,Tue Apr 05 23:16:00 +0000 2022,pltr shorting to  fair value,False,0,0,False,"[{'text': 'PLTR', 'indices': [0, 5]}]",1,query:$PLTR -$GME -$TSLA -$TWTR -$AMC -$SPY -$HMHC -$DWAC -$AMD -$SST -$AAPL -$AMZN -$NVDA -$TLRY -$NFLX -$QQQ -$FB -$BABA -$VIX -$SOFI -$TEAM -$RBLX -$RSX -$WISH -$OSU -filter:retweets since_id:1511131501156577280 until_date:2022-04-06 max_tweets:10
1511477902084173828,$PLTR,Tue Apr 05 22:56:28 +0000 2022,pltr those  weeklies died so hard its not even fun anymore thinking to cover and sell  or maybe  if it opens lower tomorrow,False,0,0,False,"[{'text': 'PLTR', 'indices': [0, 5]}]",1,query:$PLTR -$GME -$TSLA -$TWTR -$AMC -$SPY -$HMHC -$DWAC -$AMD -$SST -$AAPL -$AMZN -$NVDA -$TLRY -$NFLX -$QQQ -$FB -$BABA -$VIX -$SOFI -$TEAM -$RBLX -$RSX -$WISH -$OSU -filter:retweets since_id:1511131501156577280 until_date:2022-04-06 max_tweets:10
1511493443184467973,$FB,Tue Apr 05 23:58:13 +0000 2022,fb is my value play,False,0,0,False,"[{'text': 'FB', 'indices': [13, 16]}]",1,query:$FB -$GME -$TSLA -$TWTR -$AMC -$SPY -$HMHC -$DWAC -$AMD -$SST -$AAPL -$AMZN -$NVDA -$TLRY -$NFLX -$QQQ -$PLTR -$BABA -$VIX -$SOFI -$TEAM -$RBLX -$RSX -$WISH -$OSU -filter:retweets since_id:1511131501156577280 until_date:2022-04-06 max_tweets:10
1511487386265571332,$FB,Tue Apr 05 23:34:09 +0000 2022,absolute clown organizationfb solved the edit button a decade ago,False,1,0,False,"[{'text': 'FB', 'indices': [46, 49]}]",1,query:$FB -$GME -$TSLA -$TWTR -$AMC -$SPY -$HMHC -$DWAC -$AMD -$SST -$AAPL -$AMZN -$NVDA -$TLRY -$NFLX -$QQQ -$PLTR -$BABA -$VIX -$SOFI -$TEAM -$RBLX -$RSX -$WISH -$OSU -filter:retweets since_id:1511131501156577280 until_date:2022-04-06 max_tweets:10
1511486787071483906,$FB,Tue Apr 05 23:31:46 +0000 2022,short the snot out of fb stock its toast nobody uses it,False,0,0,False,"[{'text': 'FB', 'indices': [61, 64]}]",1,query:$FB -$GME -$TSLA -$TWTR -$AMC -$SPY -$HMHC -$DWAC -$AMD -$SST -$AAPL -$AMZN -$NVDA -$TLRY -$NFLX -$QQQ -$PLTR -$BABA -$VIX -$SOFI -$TEAM -$RBLX -$RSX -$WISH -$OSU -filter:retweets since_id:1511131501156577280 until_date:2022-04-06 max_tweets:10
1511486596771635200,$FB,Tue Apr 05 23:31:01 +0000 2022,i want to be in companies that have high profit margins says momentums allan boomer fballan boomer cio of momentum advisors joins the exchange to discuss the two tech stocks hes labeled as top picks right nowthe full video here,False,0,0,False,"[{'text': 'FB', 'indices': [86, 89]}]",1,query:$FB -$GME -$TSLA -$TWTR -$AMC -$SPY -$HMHC -$DWAC -$AMD -$SST -$AAPL -$AMZN -$NVDA -$TLRY -$NFLX -$QQQ -$PLTR -$BABA -$VIX -$SOFI -$TEAM -$RBLX -$RSX -$WISH -$OSU -filter:retweets since_id:1511131501156577280 until_date:2022-04-06 max_tweets:10
1511481649430614020,$FB,Tue Apr 05 23:11:21 +0000 2022,fb has had an edit button for years just sayin,False,1,0,False,"[{'text': 'FB', 'indices': [37, 40]}]",1,query:$FB -$GME -$TSLA -$TWTR -$AMC -$SPY -$HMHC -$DWAC -$AMD -$SST -$AAPL -$AMZN -$NVDA -$TLRY -$NFLX -$QQQ -$PLTR -$BABA -$VIX -$SOFI -$TEAM -$RBLX -$RSX -$WISH -$OSU -filter:retweets since_id:1511131501156577280 until_date:2022-04-06 max_tweets:10
1511480778693120003,$FB,Tue Apr 05 23:07:54 +0000 2022,fb then vs now,False,0,0,False,"[{'text': 'FB', 'indices': [0, 3]}]",1,query:$FB -$GME -$TSLA -$TWTR -$AMC -$SPY -$HMHC -$DWAC -$AMD -$SST -$AAPL -$AMZN -$NVDA -$TLRY -$NFLX -$QQQ -$PLTR -$BABA -$VIX -$SOFI -$TEAM -$RBLX -$RSX -$WISH -$OSU -filter:retweets since_id:1511131501156577280 until_date:2022-04-06 max_tweets:10
1511480022875664384,$FB,Tue Apr 05 23:04:54 +0000 2022,fb lets see how we feel short term if you are predicting earnings miss coming up comment this post with a bearish if you predict earnings meet expectations comment bullish,False,0,0,False,"[{'text': 'FB', 'indices': [0, 3]}]",1,query:$FB -$GME -$TSLA -$TWTR -$AMC -$SPY -$HMHC -$DWAC -$AMD -$SST -$AAPL -$AMZN -$NVDA -$TLRY -$NFLX -$QQQ -$PLTR -$BABA -$VIX -$SOFI -$TEAM -$RBLX -$RSX -$WISH -$OSU -filter:retweets since_id:1511131501156577280 until_date:2022-04-06 max_tweets:10
1511479939131793409,$FB,Tue Apr 05 23:04:34 +0000 2022,bullish on fb,False,2,0,False,"[{'text': 'FB', 'indices': [11, 14]}]",1,query:$FB -$GME -$TSLA -$TWTR -$AMC -$SPY -$HMHC -$DWAC -$AMD -$SST -$AAPL -$AMZN -$NVDA -$TLRY -$NFLX -$QQQ -$PLTR -$BABA -$VIX -$SOFI -$TEAM -$RBLX -$RSX -$WISH -$OSU -filter:retweets since_id:1511131501156577280 until_date:2022-04-06 max_tweets:10
1511488354093002754,$BABA,Tue Apr 05 23:38:00 +0000 2022,baba great to see this down again communism is terrible for the world and china has an evil government buy american,False,0,0,False,"[{'text': 'BABA', 'indices': [0, 5]}]",1,query:$BABA -$GME -$TSLA -$TWTR -$AMC -$SPY -$HMHC -$DWAC -$AMD -$SST -$AAPL -$AMZN -$NVDA -$TLRY -$NFLX -$QQQ -$PLTR -$FB -$VIX -$SOFI -$TEAM -$RBLX -$RSX -$WISH -$OSU -filter:retweets since_id:1511131501156577280 until_date:2022-04-06 max_tweets:10
1511487131549863938,$BABA,Tue Apr 05 23:33:08 +0000 2022,hope sec adds baba to the list swindling chinese insiders have zero fear of us authority and dont give a fig,False,0,0,False,"[{'text': 'baba', 'indices': [25, 30]}]",1,query:$BABA -$GME -$TSLA -$TWTR -$AMC -$SPY -$HMHC -$DWAC -$AMD -$SST -$AAPL -$AMZN -$NVDA -$TLRY -$NFLX -$QQQ -$PLTR -$FB -$VIX -$SOFI -$TEAM -$RBLX -$RSX -$WISH -$OSU -filter:retweets since_id:1511131501156577280 until_date:2022-04-06 max_tweets:10
1511486436066967557,$BABA,Tue Apr 05 23:30:23 +0000 2022,and those weekly march baba calls millions and millions of calls bought ahead of buyback announcement pretty disgusting how sec couldnt do shit,False,0,0,False,"[{'text': 'baba', 'indices': [34, 39]}]",1,query:$BABA -$GME -$TSLA -$TWTR -$AMC -$SPY -$HMHC -$DWAC -$AMD -$SST -$AAPL -$AMZN -$NVDA -$TLRY -$NFLX -$QQQ -$PLTR -$FB -$VIX -$SOFI -$TEAM -$RBLX -$RSX -$WISH -$OSU -filter:retweets since_id:1511131501156577280 until_date:2022-04-06 max_tweets:10
1511485551815245824,$BABA,Tue Apr 05 23:26:52 +0000 2022,baba hk will bring this up for tomorrow morning,False,4,0,False,"[{'text': 'BABA', 'indices': [0, 5]}]",1,query:$BABA -$GME -$TSLA -$TWTR -$AMC -$SPY -$HMHC -$DWAC -$AMD -$SST -$AAPL -$AMZN -$NVDA -$TLRY -$NFLX -$QQQ -$PLTR -$FB -$VIX -$SOFI -$TEAM -$RBLX -$RSX -$WISH -$OSU -filter:retweets since_id:1511131501156577280 until_date:2022-04-06 max_tweets:10
1511483001510764556,$BABA,Tue Apr 05 23:16:44 +0000 2022,baba dd  top watch minute  bullish pennant formed looks like it really likes to gap up and then follow with a big red candle would love to play this one off the opening bell or a trend breakout,False,21,2,False,"[{'text': 'BABA', 'indices': [0, 5]}]",1,query:$BABA -$GME -$TSLA -$TWTR -$AMC -$SPY -$HMHC -$DWAC -$AMD -$SST -$AAPL -$AMZN -$NVDA -$TLRY -$NFLX -$QQQ -$PLTR -$FB -$VIX -$SOFI -$TEAM -$RBLX -$RSX -$WISH -$OSU -filter:retweets since_id:1511131501156577280 until_date:2022-04-06 max_tweets:10
1511482559909498888,$BABA,Tue Apr 05 23:14:58 +0000 2022,baba what do you think,False,9,0,False,"[{'text': 'BABA', 'indices': [0, 5]}]",1,query:$BABA -$GME -$TSLA -$TWTR -$AMC -$SPY -$HMHC -$DWAC -$AMD -$SST -$AAPL -$AMZN -$NVDA -$TLRY -$NFLX -$QQQ -$PLTR -$FB -$VIX -$SOFI -$TEAM -$RBLX -$RSX -$WISH -$OSU -filter:retweets since_id:1511131501156577280 until_date:2022-04-06 max_tweets:10
1511481414071775234,$BABA,Tue Apr 05 23:10:25 +0000 2022,baba hugging closely at ma,False,0,0,False,"[{'text': 'BABA', 'indices': [0, 5]}]",1,query:$BABA -$GME -$TSLA -$TWTR -$AMC -$SPY -$HMHC -$DWAC -$AMD -$SST -$AAPL -$AMZN -$NVDA -$TLRY -$NFLX -$QQQ -$PLTR -$FB -$VIX -$SOFI -$TEAM -$RBLX -$RSX -$WISH -$OSU -filter:retweets since_id:1511131501156577280 until_date:2022-04-06 max_tweets:10
1511480662838022145,$BABA,Tue Apr 05 23:07:26 +0000 2022,baba even a blind man can see the pattern next reversal,False,1,0,False,"[{'text': 'BABA', 'indices': [15, 20]}]",1,query:$BABA -$GME -$TSLA -$TWTR -$AMC -$SPY -$HMHC -$DWAC -$AMD -$SST -$AAPL -$AMZN -$NVDA -$TLRY -$NFLX -$QQQ -$PLTR -$FB -$VIX -$SOFI -$TEAM -$RBLX -$RSX -$WISH -$OSU -filter:retweets since_id:1511131501156577280 until_date:2022-04-06 max_tweets:10
1511480267906891776,$BABA,Tue Apr 05 23:05:52 +0000 2022,baba bought back in shit load of shares exactly lol,False,1,0,False,"[{'text': 'BABA', 'indices': [0, 5]}]",1,query:$BABA -$GME -$TSLA -$TWTR -$AMC -$SPY -$HMHC -$DWAC -$AMD -$SST -$AAPL -$AMZN -$NVDA -$TLRY -$NFLX -$QQQ -$PLTR -$FB -$VIX -$SOFI -$TEAM -$RBLX -$RSX -$WISH -$OSU -filter:retweets since_id:1511131501156577280 until_date:2022-04-06 max_tweets:10
1511480168753164291,$BABA,Tue Apr 05 23:05:28 +0000 2022,baba massive sale a few min ago love it,False,0,0,False,"[{'text': 'BABA', 'indices': [0, 5]}]",1,query:$BABA -$GME -$TSLA -$TWTR -$AMC -$SPY -$HMHC -$DWAC -$AMD -$SST -$AAPL -$AMZN -$NVDA -$TLRY -$NFLX -$QQQ -$PLTR -$FB -$VIX -$SOFI -$TEAM -$RBLX -$RSX -$WISH -$OSU -filter:retweets since_id:1511131501156577280 until_date:2022-04-06 max_tweets:10
1511491367725195267,$VIX,Tue Apr 05 23:49:58 +0000 2022,vix r u smilingnow,False,1,0,False,"[{'text': 'VIX', 'indices': [0, 4]}]",1,query:$VIX -$GME -$TSLA -$TWTR -$AMC -$SPY -$HMHC -$DWAC -$AMD -$SST -$AAPL -$AMZN -$NVDA -$TLRY -$NFLX -$QQQ -$PLTR -$FB -$BABA -$SOFI -$TEAM -$RBLX -$RSX -$WISH -$OSU -filter:retweets since_id:1511131501156577280 until_date:2022-04-06 max_tweets:10
1511491364734873602,$VIX,Tue Apr 05 23:49:58 +0000 2022,if the vix skyrocketed and had a volatility event in quarter and it only does that   or even  of the time what are you going to do the next  of the time go long volatility yes yes you are,False,9,0,False,"[{'text': 'vix', 'indices': [7, 11]}]",1,query:$VIX -$GME -$TSLA -$TWTR -$AMC -$SPY -$HMHC -$DWAC -$AMD -$SST -$AAPL -$AMZN -$NVDA -$TLRY -$NFLX -$QQQ -$PLTR -$FB -$BABA -$SOFI -$TEAM -$RBLX -$RSX -$WISH -$OSU -filter:retweets since_id:1511131501156577280 until_date:2022-04-06 max_tweets:10
1511488892288917506,$VIX,Tue Apr 05 23:40:08 +0000 2022,the vix is likely to test that level before rolling over once more,False,6,0,False,"[{'text': 'VIX', 'indices': [4, 8]}]",1,query:$VIX -$GME -$TSLA -$TWTR -$AMC -$SPY -$HMHC -$DWAC -$AMD -$SST -$AAPL -$AMZN -$NVDA -$TLRY -$NFLX -$QQQ -$PLTR -$FB -$BABA -$SOFI -$TEAM -$RBLX -$RSX -$WISH -$OSU -filter:retweets since_id:1511131501156577280 until_date:2022-04-06 max_tweets:10
1511484507580473350,$VIX,Tue Apr 05 23:22:43 +0000 2022,vixgave us the warning sign again in my private feed looking for spike in volatility and mkt sell to come if vix held our  demand zoneheld to the tickvix  sincemkt dump,False,15,2,False,"[{'text': 'VIX', 'indices': [0, 4]}]",1,query:$VIX -$GME -$TSLA -$TWTR -$AMC -$SPY -$HMHC -$DWAC -$AMD -$SST -$AAPL -$AMZN -$NVDA -$TLRY -$NFLX -$QQQ -$PLTR -$FB -$BABA -$SOFI -$TEAM -$RBLX -$RSX -$WISH -$OSU -filter:retweets since_id:1511131501156577280 until_date:2022-04-06 max_tweets:10
1511476476675121156,$VIX,Tue Apr 05 22:50:48 +0000 2022,vix may go back toward  in april currently ,False,8,0,False,"[{'text': 'VIX', 'indices': [0, 4]}]",1,query:$VIX -$GME -$TSLA -$TWTR -$AMC -$SPY -$HMHC -$DWAC -$AMD -$SST -$AAPL -$AMZN -$NVDA -$TLRY -$NFLX -$QQQ -$PLTR -$FB -$BABA -$SOFI -$TEAM -$RBLX -$RSX -$WISH -$OSU -filter:retweets since_id:1511131501156577280 until_date:2022-04-06 max_tweets:10
1511474500940201990,$VIX,Tue Apr 05 22:42:57 +0000 2022,vix continues to tell the story of fear and short term market behavior,False,1,0,False,"[{'text': 'VIX', 'indices': [0, 4]}]",1,query:$VIX -$GME -$TSLA -$TWTR -$AMC -$SPY -$HMHC -$DWAC -$AMD -$SST -$AAPL -$AMZN -$NVDA -$TLRY -$NFLX -$QQQ -$PLTR -$FB -$BABA -$SOFI -$TEAM -$RBLX -$RSX -$WISH -$OSU -filter:retweets since_id:1511131501156577280 until_date:2022-04-06 max_tweets:10
1511472284355203077,$VIX,Tue Apr 05 22:34:09 +0000 2022,vix daily,False,0,0,False,"[{'text': 'vix', 'indices': [0, 4]}]",1,query:$VIX -$GME -$TSLA -$TWTR -$AMC -$SPY -$HMHC -$DWAC -$AMD -$SST -$AAPL -$AMZN -$NVDA -$TLRY -$NFLX -$QQQ -$PLTR -$FB -$BABA -$SOFI -$TEAM -$RBLX -$RSX -$WISH -$OSU -filter:retweets since_id:1511131501156577280 until_date:2022-04-06 max_tweets:10
1511493569952948224,$SOFI,Tue Apr 05 23:58:43 +0000 2022,sofi guys dont miss the next move in a few hours,False,0,0,False,"[{'text': 'SOFI', 'indices': [0, 5]}]",1,query:$SOFI -$GME -$TSLA -$TWTR -$AMC -$SPY -$HMHC -$DWAC -$AMD -$SST -$AAPL -$AMZN -$NVDA -$TLRY -$NFLX -$QQQ -$PLTR -$FB -$BABA -$VIX -$TEAM -$RBLX -$RSX -$WISH -$OSU -filter:retweets since_id:1511131501156577280 until_date:2022-04-06 max_tweets:10
1511491212758470664,$SOFI,Tue Apr 05 23:49:21 +0000 2022,levels of interest sofi check out this chart i made with,False,0,0,False,"[{'text': 'SOFI', 'indices': [21, 26]}]",1,query:$SOFI -$GME -$TSLA -$TWTR -$AMC -$SPY -$HMHC -$DWAC -$AMD -$SST -$AAPL -$AMZN -$NVDA -$TLRY -$NFLX -$QQQ -$PLTR -$FB -$BABA -$VIX -$TEAM -$RBLX -$RSX -$WISH -$OSU -filter:retweets since_id:1511131501156577280 until_date:2022-04-06 max_tweets:10
1511488785544011777,$SOFI,Tue Apr 05 23:39:43 +0000 2022,sofi x in years from this price point,False,1,1,False,"[{'text': 'SOFI', 'indices': [54, 59]}]",1,query:$SOFI -$GME -$TSLA -$TWTR -$AMC -$SPY -$HMHC -$DWAC -$AMD -$SST -$AAPL -$AMZN -$NVDA -$TLRY -$NFLX -$QQQ -$PLTR -$FB -$BABA -$VIX -$TEAM -$RBLX -$RSX -$WISH -$OSU -filter:retweets since_id:1511131501156577280 until_date:2022-04-06 max_tweets:10
1511481874488733704,$SOFI,Tue Apr 05 23:12:15 +0000 2022,sofi the recent acquisition of the technisys platform combined with their bankingasaservice division galileo will provide an endtoend vertically integrated technology stack using industryleading apis,False,42,5,False,"[{'text': 'SOFI', 'indices': [0, 5]}]",1,query:$SOFI -$GME -$TSLA -$TWTR -$AMC -$SPY -$HMHC -$DWAC -$AMD -$SST -$AAPL -$AMZN -$NVDA -$TLRY -$NFLX -$QQQ -$PLTR -$FB -$BABA -$VIX -$TEAM -$RBLX -$RSX -$WISH -$OSU -filter:retweets since_id:1511131501156577280 until_date:2022-04-06 max_tweets:10
1511481131790647298,$SOFI,Tue Apr 05 23:09:18 +0000 2022,this got me jazzed up cant wait to see this start to materialize sofi nice clip,False,7,2,False,"[{'text': 'sofi', 'indices': [70, 75]}]",1,query:$SOFI -$GME -$TSLA -$TWTR -$AMC -$SPY -$HMHC -$DWAC -$AMD -$SST -$AAPL -$AMZN -$NVDA -$TLRY -$NFLX -$QQQ -$PLTR -$FB -$BABA -$VIX -$TEAM -$RBLX -$RSX -$WISH -$OSU -filter:retweets since_id:1511131501156577280 until_date:2022-04-06 max_tweets:10
1511480680525488138,$SOFI,Tue Apr 05 23:07:30 +0000 2022,my prediction is that becomes a dominant force in the personal finance sector while establishing its moat through unmatched maneuverability compared to the legacy banking system sofi is the personal finance solution for a digital world,False,3,0,False,"[{'text': 'SOFI', 'indices': [198, 203]}]",1,query:$SOFI -$GME -$TSLA -$TWTR -$AMC -$SPY -$HMHC -$DWAC -$AMD -$SST -$AAPL -$AMZN -$NVDA -$TLRY -$NFLX -$QQQ -$PLTR -$FB -$BABA -$VIX -$TEAM -$RBLX -$RSX -$WISH -$OSU -filter:retweets since_id:1511131501156577280 until_date:2022-04-06 max_tweets:10
1511489271131160581,$TEAM,Tue Apr 05 23:41:39 +0000 2022,atlassian corporation plc  class a  team  price at close  is ,False,0,0,False,"[{'text': 'TEAM', 'indices': [38, 43]}]",1,query:$TEAM -$GME -$TSLA -$TWTR -$AMC -$SPY -$HMHC -$DWAC -$AMD -$SST -$AAPL -$AMZN -$NVDA -$TLRY -$NFLX -$QQQ -$PLTR -$FB -$BABA -$VIX -$SOFI -$RBLX -$RSX -$WISH -$OSU -filter:retweets since_id:1511131501156577280 until_date:2022-04-06 max_tweets:10
1511456043875942405,$TEAM,Tue Apr 05 21:29:37 +0000 2022,buy team when it goes liveim looking forward to this next generation gaming guild and marketplace which will be a fantastic endeavor,False,0,0,False,"[{'text': 'TEAM', 'indices': [4, 9]}]",1,query:$TEAM -$GME -$TSLA -$TWTR -$AMC -$SPY -$HMHC -$DWAC -$AMD -$SST -$AAPL -$AMZN -$NVDA -$TLRY -$NFLX -$QQQ -$PLTR -$FB -$BABA -$VIX -$SOFI -$RBLX -$RSX -$WISH -$OSU -filter:retweets since_id:1511131501156577280 until_date:2022-04-06 max_tweets:10
1511424432346222600,$TEAM,Tue Apr 05 19:24:00 +0000 2022,not only one but a lot of will go parabolicim a big fan of team and i think you should look into itteam is an erc token that acts as an aggregator for team daos participation in amp economies as well as a revenue generator for token holders,False,0,0,False,"[{'text': 'TEAM', 'indices': [91, 96]}]",1,query:$TEAM -$GME -$TSLA -$TWTR -$AMC -$SPY -$HMHC -$DWAC -$AMD -$SST -$AAPL -$AMZN -$NVDA -$TLRY -$NFLX -$QQQ -$PLTR -$FB -$BABA -$VIX -$SOFI -$RBLX -$RSX -$WISH -$OSU -filter:retweets since_id:1511131501156577280 until_date:2022-04-06 max_tweets:10
1511412352607948804,$TEAM,Tue Apr 05 18:36:00 +0000 2022,in my case its teama place for people who want to play games people who believe in the  and asset managers to deeply engage in the new economythrough the dao gamers and investors may obtain the best roi in the business,False,0,0,False,"[{'text': 'TEAM', 'indices': [25, 30]}]",1,query:$TEAM -$GME -$TSLA -$TWTR -$AMC -$SPY -$HMHC -$DWAC -$AMD -$SST -$AAPL -$AMZN -$NVDA -$TLRY -$NFLX -$QQQ -$PLTR -$FB -$BABA -$VIX -$SOFI -$RBLX -$RSX -$WISH -$OSU -filter:retweets since_id:1511131501156577280 until_date:2022-04-06 max_tweets:10
1511460527830093839,$RBLX,Tue Apr 05 21:47:26 +0000 2022,also in rblx with you,False,2,0,False,"[{'text': 'RBLX', 'indices': [18, 23]}]",1,query:$RBLX -$GME -$TSLA -$TWTR -$AMC -$SPY -$HMHC -$DWAC -$AMD -$SST -$AAPL -$AMZN -$NVDA -$TLRY -$NFLX -$QQQ -$PLTR -$FB -$BABA -$VIX -$SOFI -$TEAM -$RSX -$WISH -$OSU -filter:retweets since_id:1511131501156577280 until_date:2022-04-06 max_tweets:10
1511456749114564612,$RBLX,Tue Apr 05 21:32:25 +0000 2022,rblx daily,False,4,0,False,"[{'text': 'RBLX', 'indices': [0, 5]}]",1,query:$RBLX -$GME -$TSLA -$TWTR -$AMC -$SPY -$HMHC -$DWAC -$AMD -$SST -$AAPL -$AMZN -$NVDA -$TLRY -$NFLX -$QQQ -$PLTR -$FB -$BABA -$VIX -$SOFI -$TEAM -$RSX -$WISH -$OSU -filter:retweets since_id:1511131501156577280 until_date:2022-04-06 max_tweets:10
1511441297265074178,$RBLX,Tue Apr 05 20:31:01 +0000 2022,these rblx calls better print otherwise im going homeless fr,False,1,0,False,"[{'text': 'rblx', 'indices': [6, 11]}]",1,query:$RBLX -$GME -$TSLA -$TWTR -$AMC -$SPY -$HMHC -$DWAC -$AMD -$SST -$AAPL -$AMZN -$NVDA -$TLRY -$NFLX -$QQQ -$PLTR -$FB -$BABA -$VIX -$SOFI -$TEAM -$RSX -$WISH -$OSU -filter:retweets since_id:1511131501156577280 until_date:2022-04-06 max_tweets:10
1511433675816140800,$RBLX,Tue Apr 05 20:00:44 +0000 2022,only thing i swung is rblx,False,34,1,False,"[{'text': 'RBLX', 'indices': [22, 27]}]",1,query:$RBLX -$GME -$TSLA -$TWTR -$AMC -$SPY -$HMHC -$DWAC -$AMD -$SST -$AAPL -$AMZN -$NVDA -$TLRY -$NFLX -$QQQ -$PLTR -$FB -$BABA -$VIX -$SOFI -$TEAM -$RSX -$WISH -$OSU -filter:retweets since_id:1511131501156577280 until_date:2022-04-06 max_tweets:10
1511432151375486979,$RBLX,Tue Apr 05 19:54:40 +0000 2022,in rblx calls again looking for  bought these s for ,False,3,0,False,"[{'text': 'RBLX', 'indices': [3, 8]}]",1,query:$RBLX -$GME -$TSLA -$TWTR -$AMC -$SPY -$HMHC -$DWAC -$AMD -$SST -$AAPL -$AMZN -$NVDA -$TLRY -$NFLX -$QQQ -$PLTR -$FB -$BABA -$VIX -$SOFI -$TEAM -$RSX -$WISH -$OSU -filter:retweets since_id:1511131501156577280 until_date:2022-04-06 max_tweets:10
1511486746856407042,$RSX,Tue Apr 05 23:31:37 +0000 2022,i like it we are holding a sliver of rsx right now speculative play obviously it will be interesting to see what happens with this,False,3,0,False,"[{'text': 'RSX', 'indices': [55, 59]}]",1,query:$RSX -$GME -$TSLA -$TWTR -$AMC -$SPY -$HMHC -$DWAC -$AMD -$SST -$AAPL -$AMZN -$NVDA -$TLRY -$NFLX -$QQQ -$PLTR -$FB -$BABA -$VIX -$SOFI -$TEAM -$RBLX -$WISH -$OSU -filter:retweets since_id:1511131501156577280 until_date:2022-04-06 max_tweets:10
1511481564735033348,$RSX,Tue Apr 05 23:11:01 +0000 2022,thank you looks like rsx fortunes are tied to veon judging by the bounce to late feb levels that equates to rsx to around ,False,0,0,False,"[{'text': 'rsx', 'indices': [39, 43]}]",1,query:$RSX -$GME -$TSLA -$TWTR -$AMC -$SPY -$HMHC -$DWAC -$AMD -$SST -$AAPL -$AMZN -$NVDA -$TLRY -$NFLX -$QQQ -$PLTR -$FB -$BABA -$VIX -$SOFI -$TEAM -$RBLX -$WISH -$OSU -filter:retweets since_id:1511131501156577280 until_date:2022-04-06 max_tweets:10
1511471138236342277,$RSX,Tue Apr 05 22:29:35 +0000 2022,i think you owe your rsx investors an update even if it is we have no word yet when the cboe will authorize the resumption of trading in russia fund,False,7,0,False,"[{'text': 'rsx', 'indices': [32, 36]}]",1,query:$RSX -$GME -$TSLA -$TWTR -$AMC -$SPY -$HMHC -$DWAC -$AMD -$SST -$AAPL -$AMZN -$NVDA -$TLRY -$NFLX -$QQQ -$PLTR -$FB -$BABA -$VIX -$SOFI -$TEAM -$RBLX -$WISH -$OSU -filter:retweets since_id:1511131501156577280 until_date:2022-04-06 max_tweets:10
1511464247368331270,$RSX,Tue Apr 05 22:02:12 +0000 2022,would be nice if the cboe resumed trading on rsx,False,4,0,False,"[{'text': 'RSX', 'indices': [45, 49]}]",1,query:$RSX -$GME -$TSLA -$TWTR -$AMC -$SPY -$HMHC -$DWAC -$AMD -$SST -$AAPL -$AMZN -$NVDA -$TLRY -$NFLX -$QQQ -$PLTR -$FB -$BABA -$VIX -$SOFI -$TEAM -$RBLX -$WISH -$OSU -filter:retweets since_id:1511131501156577280 until_date:2022-04-06 max_tweets:10
1511458498147753986,$RSX,Tue Apr 05 21:39:22 +0000 2022,does it mean that rsx can liquidate their gdr and adr holdings for ,False,0,0,False,"[{'text': 'rsx', 'indices': [27, 31]}]",1,query:$RSX -$GME -$TSLA -$TWTR -$AMC -$SPY -$HMHC -$DWAC -$AMD -$SST -$AAPL -$AMZN -$NVDA -$TLRY -$NFLX -$QQQ -$PLTR -$FB -$BABA -$VIX -$SOFI -$TEAM -$RBLX -$WISH -$OSU -filter:retweets since_id:1511131501156577280 until_date:2022-04-06 max_tweets:10
1511435164114890753,$RSX,Tue Apr 05 20:06:38 +0000 2022,rsx all that you need to know shorts havent covered a single share,False,1,0,False,"[{'text': 'RSX', 'indices': [0, 4]}]",1,query:$RSX -$GME -$TSLA -$TWTR -$AMC -$SPY -$HMHC -$DWAC -$AMD -$SST -$AAPL -$AMZN -$NVDA -$TLRY -$NFLX -$QQQ -$PLTR -$FB -$BABA -$VIX -$SOFI -$TEAM -$RBLX -$WISH -$OSU -filter:retweets since_id:1511131501156577280 until_date:2022-04-06 max_tweets:10
1511418943604502532,$RSX,Tue Apr 05 19:02:11 +0000 2022,is this good for rsx,False,2,0,False,"[{'text': 'rsx', 'indices': [34, 38]}]",1,query:$RSX -$GME -$TSLA -$TWTR -$AMC -$SPY -$HMHC -$DWAC -$AMD -$SST -$AAPL -$AMZN -$NVDA -$TLRY -$NFLX -$QQQ -$PLTR -$FB -$BABA -$VIX -$SOFI -$TEAM -$RBLX -$WISH -$OSU -filter:retweets since_id:1511131501156577280 until_date:2022-04-06 max_tweets:10
1511391768016736268,$RSX,Tue Apr 05 17:14:12 +0000 2022,but i want to buy rsx,False,4,0,False,"[{'text': 'RSX', 'indices': [31, 35]}]",1,query:$RSX -$GME -$TSLA -$TWTR -$AMC -$SPY -$HMHC -$DWAC -$AMD -$SST -$AAPL -$AMZN -$NVDA -$TLRY -$NFLX -$QQQ -$PLTR -$FB -$BABA -$VIX -$SOFI -$TEAM -$RBLX -$WISH -$OSU -filter:retweets since_id:1511131501156577280 until_date:2022-04-06 max_tweets:10
1511493184983027713,$WISH,Tue Apr 05 23:57:12 +0000 2022,hold simply the chances of going up is much more than going down if wish turns around successfully it will be huge,False,2,0,False,"[{'text': 'wish', 'indices': [85, 90]}]",1,query:$WISH -$GME -$TSLA -$TWTR -$AMC -$SPY -$HMHC -$DWAC -$AMD -$SST -$AAPL -$AMZN -$NVDA -$TLRY -$NFLX -$QQQ -$PLTR -$FB -$BABA -$VIX -$SOFI -$TEAM -$RBLX -$RSX -$OSU -filter:retweets since_id:1511131501156577280 until_date:2022-04-06 max_tweets:10
1511490296617611264,$WISH,Tue Apr 05 23:45:43 +0000 2022,should i announce share buyback wish  the consequences of this poll will be important please vote carefully,False,3,0,False,"[{'text': 'WISH', 'indices': [32, 37]}]",1,query:$WISH -$GME -$TSLA -$TWTR -$AMC -$SPY -$HMHC -$DWAC -$AMD -$SST -$AAPL -$AMZN -$NVDA -$TLRY -$NFLX -$QQQ -$PLTR -$FB -$BABA -$VIX -$SOFI -$TEAM -$RBLX -$RSX -$OSU -filter:retweets since_id:1511131501156577280 until_date:2022-04-06 max_tweets:10
1511483547818897409,$WISH,Tue Apr 05 23:18:54 +0000 2022,wish,False,0,1,False,"[{'text': 'WISH', 'indices': [15, 20]}]",1,query:$WISH -$GME -$TSLA -$TWTR -$AMC -$SPY -$HMHC -$DWAC -$AMD -$SST -$AAPL -$AMZN -$NVDA -$TLRY -$NFLX -$QQQ -$PLTR -$FB -$BABA -$VIX -$SOFI -$TEAM -$RBLX -$RSX -$OSU -filter:retweets since_id:1511131501156577280 until_date:2022-04-06 max_tweets:10
1511482540959412226,$WISH,Tue Apr 05 23:14:54 +0000 2022,buy wish ,False,1,1,False,"[{'text': 'wish', 'indices': [14, 19]}]",1,query:$WISH -$GME -$TSLA -$TWTR -$AMC -$SPY -$HMHC -$DWAC -$AMD -$SST -$AAPL -$AMZN -$NVDA -$TLRY -$NFLX -$QQQ -$PLTR -$FB -$BABA -$VIX -$SOFI -$TEAM -$RBLX -$RSX -$OSU -filter:retweets since_id:1511131501156577280 until_date:2022-04-06 max_tweets:10
1511479511174598660,$WISH,Tue Apr 05 23:02:52 +0000 2022,wish,False,1,0,False,"[{'text': 'wish', 'indices': [16, 21]}]",1,query:$WISH -$GME -$TSLA -$TWTR -$AMC -$SPY -$HMHC -$DWAC -$AMD -$SST -$AAPL -$AMZN -$NVDA -$TLRY -$NFLX -$QQQ -$PLTR -$FB -$BABA -$VIX -$SOFI -$TEAM -$RBLX -$RSX -$OSU -filter:retweets since_id:1511131501156577280 until_date:2022-04-06 max_tweets:10
1511477481311776770,$WISH,Tue Apr 05 22:54:48 +0000 2022,serious question for my stock friends do i let go of my wish position at  loss or does anyone see it turning around i have had so much confidence in a turnaround especially with the new ceo i dont feel ive given him a chance yet someone give me some words of wisdom,False,2,0,False,"[{'text': 'WISH', 'indices': [57, 62]}]",1,query:$WISH -$GME -$TSLA -$TWTR -$AMC -$SPY -$HMHC -$DWAC -$AMD -$SST -$AAPL -$AMZN -$NVDA -$TLRY -$NFLX -$QQQ -$PLTR -$FB -$BABA -$VIX -$SOFI -$TEAM -$RBLX -$RSX -$OSU -filter:retweets since_id:1511131501156577280 until_date:2022-04-06 max_tweets:10
1511463694806491142,$WISH,Tue Apr 05 22:00:01 +0000 2022,wish will be over  one day,False,48,1,False,"[{'text': 'WISH', 'indices': [15, 20]}]",1,query:$WISH -$GME -$TSLA -$TWTR -$AMC -$SPY -$HMHC -$DWAC -$AMD -$SST -$AAPL -$AMZN -$NVDA -$TLRY -$NFLX -$QQQ -$PLTR -$FB -$BABA -$VIX -$SOFI -$TEAM -$RBLX -$RSX -$OSU -filter:retweets since_id:1511131501156577280 until_date:2022-04-06 max_tweets:10
1511454653040320515,$WISH,Tue Apr 05 21:24:05 +0000 2022,wish guys dont miss the next move in a few hours,False,0,0,False,"[{'text': 'WISH', 'indices': [0, 5]}]",1,query:$WISH -$GME -$TSLA -$TWTR -$AMC -$SPY -$HMHC -$DWAC -$AMD -$SST -$AAPL -$AMZN -$NVDA -$TLRY -$NFLX -$QQQ -$PLTR -$FB -$BABA -$VIX -$SOFI -$TEAM -$RBLX -$RSX -$OSU -filter:retweets since_id:1511131501156577280 until_date:2022-04-06 max_tweets:10
