,subreddit,title,ups,id,time,comments
0,wallstreetbets,R.I.P my puts (SPY and QQQ),12.0,tpbrf5,2022-03-27T04:02:01Z,Oh shit! I‚Äôm getting slightly erect
1,wallstreetbets,R.I.P my puts (SPY and QQQ),9.0,tpbrf5,2022-03-27T04:25:51Z,Should have got puts on your account
2,wallstreetbets,R.I.P my puts (SPY and QQQ),7.0,tpbrf5,2022-03-27T05:58:20Z,"Oof, buying power says 0dte puts on Monday tho üëÄ"
3,wallstreetbets,R.I.P my puts (SPY and QQQ),6.0,tpbrf5,2022-03-27T04:44:15Z,"Well with Biden‚Äôs comments tonight, you might have a decent chance on the spy dropping at open on Monday after the lovely media going to talk about the threat of a war with Russia."
4,wallstreetbets,R.I.P my puts (SPY and QQQ),13.0,tpbrf5,2022-03-27T04:03:32Z,Cricket wireless!!????
5,wallstreetbets,R.I.P my puts (SPY and QQQ),4.0,tpbrf5,2022-03-27T04:23:26Z,wait a second‚Ä¶. Robinhood has a cash card AND spending account?
6,wallstreetbets,R.I.P my puts (SPY and QQQ),18.0,tpbrf5,2022-03-27T03:47:07Z,never bet against USA
7,wallstreetbets,R.I.P my puts (SPY and QQQ),6.0,tpbrf5,2022-03-27T03:55:56Z,Murica
8,wallstreetbets,R.I.P my puts (SPY and QQQ),3.0,tpbrf5,2022-03-27T05:37:01Z,Thank the Plunge Protection Team
9,wallstreetbets,R.I.P my puts (SPY and QQQ),3.0,tpbrf5,2022-03-27T07:54:31Z,At least you don‚Äôt hold ur puts to zero like a degen. Honestly impressive compared to most of the posts on here
10,wallstreetbets,R.I.P my puts (SPY and QQQ),2.0,tpbrf5,2022-03-27T03:44:21Z,"Hey, if you haven't already, please reply to this comment with your positions and what led you to enter or exit them!

*I am a bot, and this action was performed automatically. Please [contact the moderators of this subreddit](/message/compose/?to=/r/wallstreetbets) if you have any questions or concerns.*"
11,wallstreetbets,R.I.P my puts (SPY and QQQ),2.0,tpbrf5,2022-03-27T04:12:45Z,Asshole had me trying to figure out how I turned silent mode on
12,wallstreetbets,R.I.P my puts (SPY and QQQ),2.0,tpbrf5,2022-03-27T04:22:20Z,Wait like two weeks. Maybe less.
13,wallstreetbets,R.I.P my puts (SPY and QQQ),2.0,tpbrf5,2022-03-27T05:57:07Z, üé∂  another one bites the dust üé∂  and another one down .....
14,wallstreetbets,R.I.P my puts (SPY and QQQ),2.0,tpbrf5,2022-03-27T06:27:53Z,Bers r fuk!
15,wallstreetbets,R.I.P my puts (SPY and QQQ),2.0,tpbrf5,2022-03-27T06:30:43Z,"Yes, silence that Robinhood nonsense."
16,wallstreetbets,R.I.P my puts (SPY and QQQ),2.0,tpbrf5,2022-03-27T11:30:15Z,Might print if Russia decides to go a-wall and start nuking ukraine or decide to invade Japanese island that they are claiming it was ‚Äòtheirs‚Äô or Poland.
17,wallstreetbets,R.I.P my puts (SPY and QQQ),3.0,tpbrf5,2022-03-27T03:57:42Z,"Well, if it in to April u may b good"
18,wallstreetbets,R.I.P my puts (SPY and QQQ),3.0,tpbrf5,2022-03-27T04:03:37Z,These will print
19,wallstreetbets,R.I.P my puts (SPY and QQQ),3.0,tpbrf5,2022-03-27T04:06:20Z,"MORE INFO:

Margin.

My QQQ plays were fucking stupid. They were butterfly‚Äôs that were far out of the money.

I bet very deep.

SPY is fucking me but will help me if it drops. It was a good play (it was up $800 at a time). For me to go green SPY needs to drop $40. I don‚Äôt want to wish loss for others but fuck others.


UPVOTE THIS COMMENT SO YALL CAN SHIT ON ME."
20,wallstreetbets,R.I.P my puts (SPY and QQQ),1.0,tpbrf5,2022-03-27T04:21:16Z,Imagine coming back to life only to find out you have a  heart condition
21,wallstreetbets,R.I.P my puts (SPY and QQQ),1.0,tpbrf5,2022-03-27T07:38:22Z,"Ouch bro, dont be gqy üòÑ"
22,wallstreetbets,R.I.P my puts (SPY and QQQ),1.0,tpbrf5,2022-03-27T09:46:28Z,Serves you right for staying at RH
23,wallstreetbets,R.I.P my puts (SPY and QQQ),1.0,tpbrf5,2022-03-27T10:25:46Z,The spy always comes back
24,wallstreetbets,R.I.P my puts (SPY and QQQ),1.0,tpbrf5,2022-03-27T22:12:46Z,Are you always late to the party?
25,wallstreetbets,R.I.P my puts (SPY and QQQ),1.0,tpbrf5,2022-03-28T01:47:35Z,Hold I'm hurting to this week does not sound good.
26,wallstreetbets,R.I.P my puts (SPY and QQQ),1.0,tpbrf5,2022-03-28T02:13:05Z,"Dude, you could have as well donated this money to charity instead of WSB when you decided to buy 500 SPY and QQQ puts. It would be more productive"
27,wallstreetbets,R.I.P my puts (SPY and QQQ),-1.0,tpbrf5,2022-03-27T03:57:19Z,Yeah I hope your rethinking those puts but in the bright side Cramer said the bear market was over on Friday.  That means most likely the bull market will flip and it will turn bearish.
28,wallstreetbets,R.I.P my puts (SPY and QQQ),0.0,tpbrf5,2022-03-27T10:56:05Z,"Shady hood üôà
Please use another, real broker"
29,wallstreetbets,"4-12-22 SPY, QQQ, Apple, AMD, Ford Daily TA",1.0,u2b3re,2022-04-12T22:30:57Z,"
**User Report**| | | |
:--|:--|:--|:--
**Total Submissions**|141|**First Seen In WSB**|1 year ago
**Total Comments**|1255|**Previous DD**|[x](https://www.reddit.com/r/wallstreetbets/comments/skp8ci/24_spy_recap_anticipation/) [x](https://www.reddit.com/r/wallstreetbets/comments/rj1up5/december_17th_spy_recap_and_next_week_anticipation/) [x](https://www.reddit.com/r/wallstreetbets/comments/lyng6s/buy_the_rumor_sell_the_news_hear_me_out_here/) [x](https://www.reddit.com/r/wallstreetbets/comments/riyt4w/december_17th_spy_recap_and_next_week_anticipation/) [x](https://www.reddit.com/r/wallstreetbets/comments/rgqp0q/spy_dec_14th_recap_and_dec_15th_anticipation/) 
**Account Age**|1 year|[^scan ^comment ](https://www.reddit.com/message/compose/?to=VisualMod&subject=scan_comment&message=Replace%20this%20text%20with%20a%20comment%20ID%20(which%20looks%20like%20h26cq3k\)%20to%20have%20the%20bot%20scan%20your%20comment%20and%20correct%20your%20first%20seen%20date.)|[^scan ^submission ](https://www.reddit.com/message/compose/?to=VisualMod&subject=scan_submission&message=Replace%20this%20text%20with%20a%20submission%20ID%20(which%20looks%20like%20h26cq3k\)%20to%20have%20the%20bot%20scan%20your%20submission%20and%20correct%20your%20first%20seen%20date.)
**Vote Spam (NEW)**|[Click to Vote](https://www.reddit.com/message/compose/?to=VisualMod&subject=vote_spam&message=u2b3re)|**Vote Approve (NEW)**|[Click to Vote](https://www.reddit.com/message/compose/?to=VisualMod&subject=vote_approve&message=u2b3re)"
30,wallstreetbets,"4-12-22 SPY, QQQ, Apple, AMD, Ford Daily TA",29.0,u2b3re,2022-04-12T22:41:48Z,"Let me just say I love your DD‚Äôs, not just on spy. I enjoy the tech plays too, so far thanks to your DD‚Äôs and some other research I‚Äôm coming up green. Keep up the excellent work"
31,wallstreetbets,"4-12-22 SPY, QQQ, Apple, AMD, Ford Daily TA",8.0,u2b3re,2022-04-12T22:43:25Z,Daddy D has the biggest D . Love u Daddy
32,wallstreetbets,"4-12-22 SPY, QQQ, Apple, AMD, Ford Daily TA",8.0,u2b3re,2022-04-13T00:25:52Z,"Probably the best poster here, by far one of the most knowledgeable at least. Currently riding 2/3 my portfolio in SQQQ shares that up 5%, only stock I hold on this list is a small F position that I can hold through a bleed down and definitely want to add to if it hits the 13s. Will definitely pick up some $15-18 LEAPS at that level as well

Also thoughts on if PPI tomorrow morning could start a major sell off?"
33,wallstreetbets,"4-12-22 SPY, QQQ, Apple, AMD, Ford Daily TA",6.0,u2b3re,2022-04-13T02:11:39Z,Ford will rally to low 17s on earnings
34,wallstreetbets,"4-12-22 SPY, QQQ, Apple, AMD, Ford Daily TA",4.0,u2b3re,2022-04-12T23:15:59Z,"Your work is excellent. I always read it carefully and it usually match my own analysis. Once again, i fully agree with you and im riding lots of put. Lock and loaded on tesla 850 next week + apple 160 put june. It will happen very fast so they can rebound for the earning season and drop right after. June put on tech all the way."
35,wallstreetbets,"4-12-22 SPY, QQQ, Apple, AMD, Ford Daily TA",7.0,u2b3re,2022-04-12T22:32:34Z,So puts or calls on spy bro
36,wallstreetbets,"4-12-22 SPY, QQQ, Apple, AMD, Ford Daily TA",3.0,u2b3re,2022-04-12T22:45:46Z,Just going to sell my ITM calls on these days
37,wallstreetbets,"4-12-22 SPY, QQQ, Apple, AMD, Ford Daily TA",3.0,u2b3re,2022-04-13T00:01:58Z,Thanks Daddy D.  Your TA is spot on.  Appreciate it.
38,wallstreetbets,"4-12-22 SPY, QQQ, Apple, AMD, Ford Daily TA",2.0,u2b3re,2022-04-12T23:00:26Z,What makes you think AMD will start retesting ancient supports? Very curious as I was/am bullish still even with my current short position.
39,wallstreetbets,"4-12-22 SPY, QQQ, Apple, AMD, Ford Daily TA",2.0,u2b3re,2022-04-12T23:56:35Z,"Thanks for the posts, especially the added info on F and AAPL!  F is my favorite stock, but I jumped out when it looked like it was going to give up the $20s.  Been riding some 05/06 puts so I have the option to hold through their next earnings before expiry.  Do you think it will break support before then?  I don‚Äôt expect the market to react well to their EC after this constrained quarter.  I might sell some puts that week with the hope of getting assigned and start rebuilding my position, just hope that‚Äôs not too soon to start moving back in"
40,wallstreetbets,"4-12-22 SPY, QQQ, Apple, AMD, Ford Daily TA",2.0,u2b3re,2022-04-13T00:47:33Z,"I've look up this ""lotto"" ticker that you're in and can't seem to find anything on it.

&#x200B;

Thanks for the posts.

&#x200B;

Have enjoyed reading them for mostly an echo chamber of my own plays but also confirmation that I am reading the charts somewhat correctly."
41,wallstreetbets,"4-12-22 SPY, QQQ, Apple, AMD, Ford Daily TA",2.0,u2b3re,2022-04-13T01:21:47Z,"Really enjoying these. I hope you keep them up. I‚Äôm quite a bit less bearish than this sub is on the whole, but I think you have something about the following two days. There‚Äôs often a lot of optimism before a holiday weekend so we may see a high close on Thursday so we might wanna sell those puts earlier in the day."
42,wallstreetbets,"4-12-22 SPY, QQQ, Apple, AMD, Ford Daily TA",2.0,u2b3re,2022-04-13T01:40:55Z,This is good stuff. Thank you for continuing to share
43,wallstreetbets,"4-12-22 SPY, QQQ, Apple, AMD, Ford Daily TA",2.0,u2b3re,2022-04-13T02:13:49Z,"You should trade /es futures, you can make triple the money or lose it"
44,wallstreetbets,"4-12-22 SPY, QQQ, Apple, AMD, Ford Daily TA",2.0,u2b3re,2022-04-13T02:23:19Z,"As always very informative. Don‚Äôt count buyers yet though , still have one one more shot to keep rally going. Right now rally has retrace 50% , tomorrow might determine trend for next couple weeks."
45,wallstreetbets,"4-12-22 SPY, QQQ, Apple, AMD, Ford Daily TA",2.0,u2b3re,2022-04-13T04:53:54Z,"Prop up for earnings, give us hope, then crash n burn"
46,wallstreetbets,"4-12-22 SPY, QQQ, Apple, AMD, Ford Daily TA",2.0,u2b3re,2022-04-13T06:49:22Z,Fuck I bought In ford at 17 lol
47,wallstreetbets,"4-12-22 SPY, QQQ, Apple, AMD, Ford Daily TA",2.0,u2b3re,2022-04-13T07:03:52Z,very good
48,wallstreetbets,"4-12-22 SPY, QQQ, Apple, AMD, Ford Daily TA",2.0,u2b3re,2022-04-13T08:47:44Z,Love the daily‚Äôs. Thank you.
49,wallstreetbets,"4-12-22 SPY, QQQ, Apple, AMD, Ford Daily TA",2.0,u2b3re,2022-04-13T10:49:03Z,!remindme 30 days
50,wallstreetbets,"4-12-22 SPY, QQQ, Apple, AMD, Ford Daily TA",2.0,u2b3re,2022-04-13T11:29:12Z,"Someone explain, my stock app has 2 graphs"
51,wallstreetbets,"4-12-22 SPY, QQQ, Apple, AMD, Ford Daily TA",2.0,u2b3re,2022-04-13T14:26:00Z,Looks like you werent right at all lol. ![img](emote|t5_2th52|4271)
52,wallstreetbets,"4-12-22 SPY, QQQ, Apple, AMD, Ford Daily TA",1.0,u2b3re,2022-04-12T22:45:47Z,"Can you confirm that your DD is unbiased and doesn't get affected by positions you are holding overnight? 

Any links to posts where you are bearish but holding calls or bullish but holding puts? Just curious"
53,wallstreetbets,"4-12-22 SPY, QQQ, Apple, AMD, Ford Daily TA",0.0,u2b3re,2022-04-13T02:42:07Z,Looking forward to the loss porn
54,wallstreetbets,"4-12-22 SPY, QQQ, Apple, AMD, Ford Daily TA",1.0,u2b3re,2022-04-13T00:28:01Z,AMD will push to 98 tomorrow before falling back
55,wallstreetbets,"4-12-22 SPY, QQQ, Apple, AMD, Ford Daily TA",-5.0,u2b3re,2022-04-12T23:38:49Z,Tldr
56,wallstreetbets,"4-13-22 SPY, AMD, Ford, APPLE, and QQQ Daily TA",1.0,u346o0,2022-04-14T00:04:16Z,"
**User Report**| | | |
:--|:--|:--|:--
**Total Submissions**|142|**First Seen In WSB**|1 year ago
**Total Comments**|1269|**Previous DD**|[x](https://www.reddit.com/r/wallstreetbets/comments/skp8ci/24_spy_recap_anticipation/) [x](https://www.reddit.com/r/wallstreetbets/comments/rj1up5/december_17th_spy_recap_and_next_week_anticipation/) [x](https://www.reddit.com/r/wallstreetbets/comments/lyng6s/buy_the_rumor_sell_the_news_hear_me_out_here/) [x](https://www.reddit.com/r/wallstreetbets/comments/riyt4w/december_17th_spy_recap_and_next_week_anticipation/) [x](https://www.reddit.com/r/wallstreetbets/comments/rgqp0q/spy_dec_14th_recap_and_dec_15th_anticipation/) 
**Account Age**|1 year|[^scan ^comment ](https://www.reddit.com/message/compose/?to=VisualMod&subject=scan_comment&message=Replace%20this%20text%20with%20a%20comment%20ID%20(which%20looks%20like%20h26cq3k\)%20to%20have%20the%20bot%20scan%20your%20comment%20and%20correct%20your%20first%20seen%20date.)|[^scan ^submission ](https://www.reddit.com/message/compose/?to=VisualMod&subject=scan_submission&message=Replace%20this%20text%20with%20a%20submission%20ID%20(which%20looks%20like%20h26cq3k\)%20to%20have%20the%20bot%20scan%20your%20submission%20and%20correct%20your%20first%20seen%20date.)
**Vote Spam (NEW)**|[Click to Vote](https://www.reddit.com/message/compose/?to=VisualMod&subject=vote_spam&message=u346o0)|**Vote Approve (NEW)**|[Click to Vote](https://www.reddit.com/message/compose/?to=VisualMod&subject=vote_approve&message=u346o0)"
57,wallstreetbets,"4-13-22 SPY, AMD, Ford, APPLE, and QQQ Daily TA",11.0,u346o0,2022-04-14T00:18:20Z,"Major fuckery with semiconducter analyst ratings going into earnings. Bullish on amd, I think Sue Bae is going to post up some big numbers"
58,wallstreetbets,"4-13-22 SPY, AMD, Ford, APPLE, and QQQ Daily TA",5.0,u346o0,2022-04-14T01:01:30Z,The market pumping on a record PPI was utter insanity. It's like we don't even live in reality anymore. This should honestly concern people.
59,wallstreetbets,"4-13-22 SPY, AMD, Ford, APPLE, and QQQ Daily TA",3.0,u346o0,2022-04-14T01:09:22Z,QE and the plunge protection team are the same thing. Change my mind
60,wallstreetbets,"4-13-22 SPY, AMD, Ford, APPLE, and QQQ Daily TA",3.0,u346o0,2022-04-14T02:59:22Z,Reading this helped put me to sleep.
61,wallstreetbets,"4-13-22 SPY, AMD, Ford, APPLE, and QQQ Daily TA",2.0,u346o0,2022-04-14T00:13:09Z,Did you hold your AMD positions?
62,wallstreetbets,"4-13-22 SPY, AMD, Ford, APPLE, and QQQ Daily TA",2.0,u346o0,2022-04-14T02:33:57Z,You have technical analysis down but remember your a trader not forecaster.
63,wallstreetbets,"4-13-22 SPY, AMD, Ford, APPLE, and QQQ Daily TA",3.0,u346o0,2022-04-14T00:14:32Z,"Love reading these. Still a bit of a newb though. Would think the low volume could be considered bearish for tomorrow, or am I wrong?"
64,wallstreetbets,"4-13-22 SPY, AMD, Ford, APPLE, and QQQ Daily TA",-1.0,u346o0,2022-04-14T01:01:17Z,Lol making excuses on why you lost money but when you make money you point to your useless TA. What a joke
65,wallstreetbets,"4-13-22 SPY, AMD, Ford, APPLE, and QQQ Daily TA",0.0,u346o0,2022-04-14T00:22:38Z,Sir this is a taco bell
66,wallstreetbets,"4-13-22 SPY, AMD, Ford, APPLE, and QQQ Daily TA",1.0,u346o0,2022-04-14T01:43:51Z,"I really think it was a combo of buy the dip crowd and it's priced in crowd, with a little extra push from the market makers not to pay the puts expiring. I expect Monday to come back towards reality. As for tomorrow, probably more of the same."
67,wallstreetbets,"4-13-22 SPY, AMD, Ford, APPLE, and QQQ Daily TA",1.0,u346o0,2022-04-14T03:50:03Z,"A very exciting day coming tmmrow for sure, i should‚Äôve practiced some discipline too yet here we are 438 put and 444 call expiring tmmrow. Well at least it‚Äôll be fun. Ideally looking for a morning bull pump run up for a call sell off, then a dump later in the day for my put"
68,wallstreetbets,"4-13-22 SPY, AMD, Ford, APPLE, and QQQ Daily TA",1.0,u346o0,2022-04-14T04:14:04Z,"Ford:

Expecting earnings to be not great. 

Chip shortage still hurting them, and I think shipping logistics have fucked them over globally.

Would expect them to be not as good as previous"
69,wallstreetbets,"4-13-22 SPY, AMD, Ford, APPLE, and QQQ Daily TA",1.0,u346o0,2022-04-14T07:25:34Z,Looks like you will be wrong again tomorrow ![img](emote|t5_2th52|4271)
70,wallstreetbets,"4-11-22 SPY (AMD, QQQ, F, Apple, VIX) Daily TA",1.0,u1lt72,2022-04-12T00:19:10Z,"
**User Report**| | | |
:--|:--|:--|:--
**Total Submissions**|140|**First Seen In WSB**|1 year ago
**Total Comments**|1243|**Previous DD**|[x](https://www.reddit.com/r/wallstreetbets/comments/skp8ci/24_spy_recap_anticipation/) [x](https://www.reddit.com/r/wallstreetbets/comments/rj1up5/december_17th_spy_recap_and_next_week_anticipation/) [x](https://www.reddit.com/r/wallstreetbets/comments/lyng6s/buy_the_rumor_sell_the_news_hear_me_out_here/) [x](https://www.reddit.com/r/wallstreetbets/comments/riyt4w/december_17th_spy_recap_and_next_week_anticipation/) [x](https://www.reddit.com/r/wallstreetbets/comments/rgqp0q/spy_dec_14th_recap_and_dec_15th_anticipation/) 
**Account Age**|1 year|[^scan ^comment ](https://www.reddit.com/message/compose/?to=VisualMod&subject=scan_comment&message=Replace%20this%20text%20with%20a%20comment%20ID%20(which%20looks%20like%20h26cq3k\)%20to%20have%20the%20bot%20scan%20your%20comment%20and%20correct%20your%20first%20seen%20date.)|[^scan ^submission ](https://www.reddit.com/message/compose/?to=VisualMod&subject=scan_submission&message=Replace%20this%20text%20with%20a%20submission%20ID%20(which%20looks%20like%20h26cq3k\)%20to%20have%20the%20bot%20scan%20your%20submission%20and%20correct%20your%20first%20seen%20date.)
**Vote Spam (NEW)**|[Click to Vote](https://www.reddit.com/message/compose/?to=VisualMod&subject=vote_spam&message=u1lt72)|**Vote Approve (NEW)**|[Click to Vote](https://www.reddit.com/message/compose/?to=VisualMod&subject=vote_approve&message=u1lt72)"
71,wallstreetbets,"4-11-22 SPY (AMD, QQQ, F, Apple, VIX) Daily TA",21.0,u1lt72,2022-04-12T00:23:17Z,Your SPY put posts made me $1400 today - could of made more if I didn‚Äôt sell at open. Keep up the squiggly lines!
72,wallstreetbets,"4-11-22 SPY (AMD, QQQ, F, Apple, VIX) Daily TA",4.0,u1lt72,2022-04-12T01:16:35Z,MARCH CPI 8.5-9%.  Holy shh
73,wallstreetbets,"4-11-22 SPY (AMD, QQQ, F, Apple, VIX) Daily TA",3.0,u1lt72,2022-04-12T02:15:52Z,"TA people who're watching the bond market analyzed that the 10 years yield will top at about 2.81 percentage point, since we're already there in after hour today. I am guessing there should be a green day either tomorrow or weds."
74,wallstreetbets,"4-11-22 SPY (AMD, QQQ, F, Apple, VIX) Daily TA",3.0,u1lt72,2022-04-12T00:33:50Z,So it‚Äôs not too late for TQQQ puts?
75,wallstreetbets,"4-11-22 SPY (AMD, QQQ, F, Apple, VIX) Daily TA",3.0,u1lt72,2022-04-12T01:35:24Z,Inflation is transitory‚Ä¶‚Ä¶‚Ä¶
76,wallstreetbets,"4-11-22 SPY (AMD, QQQ, F, Apple, VIX) Daily TA",3.0,u1lt72,2022-04-12T01:54:30Z,"Hey Daddydersch, seems like you are inversing my portfolio lol (4 stocks only), $f and $amd have been consistently losing me money, I'm long on $msft and $xom too you might consider getting some puts on those..."
77,wallstreetbets,"4-11-22 SPY (AMD, QQQ, F, Apple, VIX) Daily TA",2.0,u1lt72,2022-04-12T04:48:28Z,That's an awful lot of conviction you have for and going down to the 70's. Well I guess you have your money where your mouth is.
78,wallstreetbets,"4-11-22 SPY (AMD, QQQ, F, Apple, VIX) Daily TA",2.0,u1lt72,2022-04-12T07:32:33Z,"Jerome is going to put out numbers today that will make our noses bleed.

I don‚Äôt have the balls for puts but it seems to me like the puts are going to be printing like crazy.

Where do you all park your Lamborghinis once you‚Äôve got them?"
79,wallstreetbets,"4-11-22 SPY (AMD, QQQ, F, Apple, VIX) Daily TA",2.0,u1lt72,2022-04-12T09:33:28Z,"Unlimited downside .... oh please, go on."
80,wallstreetbets,"4-11-22 SPY (AMD, QQQ, F, Apple, VIX) Daily TA",2.0,u1lt72,2022-04-12T10:25:59Z,My validation place. Keep up the great work.
81,wallstreetbets,"4-11-22 SPY (AMD, QQQ, F, Apple, VIX) Daily TA",2.0,u1lt72,2022-04-12T10:41:03Z,"I have AMD calls 7/15 100c and 115c, so a tough read but I do expect a couple retests of 100, if rejected I'll take my medicine. 

Also, I heard that there will be potential AAPL factories being locked down with the recent COVID wave in Shanghai. Haven't looked into it yet."
82,wallstreetbets,"4-11-22 SPY (AMD, QQQ, F, Apple, VIX) Daily TA",0.0,u1lt72,2022-04-12T12:36:08Z,"This didn‚Äôt age well, never bet against amd"
83,wallstreetbets,"4-11-22 SPY (AMD, QQQ, F, Apple, VIX) Daily TA",1.0,u1lt72,2022-04-12T21:03:11Z,do you have a discord invest group?
84,wallstreetbets,"4-8-22 SPY, QQQ, Apple Weekly TA",1.0,tzibj6,2022-04-09T01:25:02Z,"
**User Report**| | | |
:--|:--|:--|:--
**Total Submissions**|139|**First Seen In WSB**|1 year ago
**Total Comments**|1239|**Previous DD**|[x](https://www.reddit.com/r/wallstreetbets/comments/skp8ci/24_spy_recap_anticipation/) [x](https://www.reddit.com/r/wallstreetbets/comments/rj1up5/december_17th_spy_recap_and_next_week_anticipation/) [x](https://www.reddit.com/r/wallstreetbets/comments/lyng6s/buy_the_rumor_sell_the_news_hear_me_out_here/) [x](https://www.reddit.com/r/wallstreetbets/comments/riyt4w/december_17th_spy_recap_and_next_week_anticipation/) [x](https://www.reddit.com/r/wallstreetbets/comments/rgqp0q/spy_dec_14th_recap_and_dec_15th_anticipation/) 
**Account Age**|1 year|[^scan ^comment ](https://www.reddit.com/message/compose/?to=VisualMod&subject=scan_comment&message=Replace%20this%20text%20with%20a%20comment%20ID%20(which%20looks%20like%20h26cq3k\)%20to%20have%20the%20bot%20scan%20your%20comment%20and%20correct%20your%20first%20seen%20date.)|[^scan ^submission ](https://www.reddit.com/message/compose/?to=VisualMod&subject=scan_submission&message=Replace%20this%20text%20with%20a%20submission%20ID%20(which%20looks%20like%20h26cq3k\)%20to%20have%20the%20bot%20scan%20your%20submission%20and%20correct%20your%20first%20seen%20date.)
**Vote Spam (NEW)**|[Click to Vote](https://www.reddit.com/message/compose/?to=VisualMod&subject=vote_spam&message=tzibj6)|**Vote Approve (NEW)**|[Click to Vote](https://www.reddit.com/message/compose/?to=VisualMod&subject=vote_approve&message=tzibj6)"
85,wallstreetbets,"4-8-22 SPY, QQQ, Apple Weekly TA",6.0,tzibj6,2022-04-09T02:36:37Z,"This is the first time I did spy options.., 449 call and 448 put neither printed"
86,wallstreetbets,"4-8-22 SPY, QQQ, Apple Weekly TA",4.0,tzibj6,2022-04-09T02:57:57Z,Caught that run up today for a 70% gain.  VIx was in a clear downtrend. And had just formed a bear flag. But SPY was red for 2 more candles even as VIX was getting ready to drop. Bought a call there and watched it go positive and never look back
87,wallstreetbets,"4-8-22 SPY, QQQ, Apple Weekly TA",4.0,tzibj6,2022-04-09T02:52:49Z,Hindsight is 20/20
88,wallstreetbets,"4-8-22 SPY, QQQ, Apple Weekly TA",2.0,tzibj6,2022-04-09T04:35:42Z,Thanks for TA!!! Lots of consolidating. Big move coming up. Hard to know if it will be to the upside or downside but for 3 weeks SPY has stay in range bouncing up and down resistances.
89,wallstreetbets,"4-8-22 SPY, QQQ, Apple Weekly TA",2.0,tzibj6,2022-04-09T04:45:06Z,There has been sector rotation towards healthcare and consumer staples üòÇ. Seems like we‚Äôre heading towards end of the bull cycle. Hopefully earnings can lift big tech up
90,wallstreetbets,"4-8-22 SPY, QQQ, Apple Weekly TA",2.0,tzibj6,2022-04-09T04:54:26Z,I have a 59 TQQQ call that was beautiful like 2 weeks ago. But that was 2 weeks ago...
91,wallstreetbets,"4-8-22 SPY, QQQ, Apple Weekly TA",2.0,tzibj6,2022-04-09T05:41:44Z,"TSM , Apple weekly puts, probably sell Monday I agree about a possible pump Tuesday"
92,wallstreetbets,"4-8-22 SPY, QQQ, Apple Weekly TA",2.0,tzibj6,2022-04-09T01:37:28Z,Very informative and well thought out! Thanks
93,wallstreetbets,"4-8-22 SPY, QQQ, Apple Weekly TA",2.0,tzibj6,2022-04-09T02:07:05Z,Nice üëç
94,wallstreetbets,"4-8-22 SPY, QQQ, Apple Weekly TA",2.0,tzibj6,2022-04-09T02:07:37Z,Good stuff yet again.  Thank you.  I have $445  SPY PUTS expiring on Monday. Hope to see that 1%-2% red you discuss.
95,wallstreetbets,"4-8-22 SPY, QQQ, Apple Weekly TA",1.0,tzibj6,2022-04-09T02:15:04Z,Does VIX and SPY react in opposite directions and does one react sooner than the other?
96,wallstreetbets,"4-8-22 SPY, QQQ, Apple Weekly TA",-1.0,tzibj6,2022-04-09T02:59:13Z,all I could understand was bla blah bla
97,wallstreetbets,"4-8-22 SPY, QQQ, Apple Weekly TA",0.0,tzibj6,2022-04-09T02:09:59Z,How badly does SQQQ decay? Ur QQQ section makes that seem like the passive way to play that
98,wallstreetbets,SPY and QQQ forming a dragon pattern on 5M charts,1.0,tqqmx8,2022-03-29T03:26:16Z,"
**User Report**| | | |
:--|:--|:--|:--
**Total Submissions**|25|**First Seen In WSB**|1 year ago
**Total Comments**|3980|**Previous DD**|
**Account Age**|9 years|[^scan ^comment ](https://www.reddit.com/message/compose/?to=VisualMod&subject=scan_comment&message=Replace%20this%20text%20with%20a%20comment%20ID%20(which%20looks%20like%20h26cq3k\)%20to%20have%20the%20bot%20scan%20your%20comment%20and%20correct%20your%20first%20seen%20date.)|[^scan ^submission ](https://www.reddit.com/message/compose/?to=VisualMod&subject=scan_submission&message=Replace%20this%20text%20with%20a%20submission%20ID%20(which%20looks%20like%20h26cq3k\)%20to%20have%20the%20bot%20scan%20your%20submission%20and%20correct%20your%20first%20seen%20date.)
**Vote Spam (NEW)**|[Click to Vote](https://www.reddit.com/message/compose/?to=VisualMod&subject=vote_spam&message=tqqmx8)|**Vote Approve (NEW)**|[Click to Vote](https://www.reddit.com/message/compose/?to=VisualMod&subject=vote_approve&message=tqqmx8)"
99,wallstreetbets,SPY and QQQ forming a dragon pattern on 5M charts,81.0,tqqmx8,2022-03-29T03:56:05Z,Dragon my balls across your face
100,wallstreetbets,SPY and QQQ forming a dragon pattern on 5M charts,26.0,tqqmx8,2022-03-29T04:43:00Z,Imagine dragon deez nuts on your chin
101,wallstreetbets,SPY and QQQ forming a dragon pattern on 5M charts,4.0,tqqmx8,2022-03-29T03:27:58Z,I took from that which I didnt read SQQQ in play
102,wallstreetbets,SPY and QQQ forming a dragon pattern on 5M charts,3.0,tqqmx8,2022-03-29T03:51:15Z,Dragons are good. SPY go up?
103,wallstreetbets,SPY and QQQ forming a dragon pattern on 5M charts,3.0,tqqmx8,2022-03-29T05:02:33Z,"I don't eat dragon cause it's not a meal for peasants, it's a meal for kings and I'm sort of common man."
104,wallstreetbets,SPY and QQQ forming a dragon pattern on 5M charts,11.0,tqqmx8,2022-03-29T04:53:46Z,"wtf did i jus read, gimme back my 5 mins of my fucking life.

get this OP banned, i'd rather read GME retards gain porns damn thats how bad this is."
105,wallstreetbets,SPY and QQQ forming a dragon pattern on 5M charts,2.0,tqqmx8,2022-03-29T07:34:31Z,Is dragon pescatarian?
106,wallstreetbets,SPY and QQQ forming a dragon pattern on 5M charts,-2.0,tqqmx8,2022-03-29T03:45:54Z,All I seen is that you got liquidated.  Sounds like the market fooled people betting against the market.
107,wallstreetbets,SPY and QQQ forming a dragon pattern on 5M charts,1.0,tqqmx8,2022-03-29T04:18:38Z,The caption on the picture is gold
108,wallstreetbets,SPY and QQQ forming a dragon pattern on 5M charts,1.0,tqqmx8,2022-03-29T16:46:27Z,I too see the pattern
109,wallstreetbets,SPY and QQQ forming a dragon pattern on 5M charts,1.0,tqqmx8,2022-03-30T02:46:16Z,Inspirational work!
110,wallstreetbets,"üïµÔ∏è‚Äç‚ôÇÔ∏è I SPY, QQQ TA - Friday March 18, 2022 (0dte Scalpers Delight)",1.0,tgnaa0,2022-03-17T23:22:55Z,"
**User Report**| | | |
:--|:--|:--|:--
**Total Submissions**|152|**First Seen In WSB**|1 year ago
**Total Comments**|1899|**Previous DD**|[x](https://www.reddit.com/r/wallstreetbets/comments/srlprl/i_spy_ta_monday_feb_14_2022/) [x](https://www.reddit.com/r/wallstreetbets/comments/qt3r2c/i_spy_ta_monday_nov_15_2021/) [x](https://www.reddit.com/r/wallstreetbets/comments/nhf742/i_spy_520_recap_and_521_outlook/) [x](https://www.reddit.com/r/wallstreetbets/comments/stih9h/i_spy_qqq_iwm_ta_wednesday_feb_16_2022/) [x](https://www.reddit.com/r/wallstreetbets/comments/slzgk3/i_spy_ta_monday_feb_7_2022/) [x](https://www.reddit.com/r/wallstreetbets/comments/qln5x1/meme_mania_tsla_gme_ocgn_rest_of_week_11521/) [x](https://www.reddit.com/r/wallstreetbets/comments/snzcdp/i_spy_ta_wednesday_feb_9_2022/) [x](https://www.reddit.com/r/wallstreetbets/comments/qx5332/i_spy_ta_friday_nov_19_2021/) [x](https://www.reddit.com/r/wallstreetbets/comments/sx2fd0/i_spy_ta_tuesday_feb_22_2022/) [x](https://www.reddit.com/r/wallstreetbets/comments/t9x3tj/i_spy_ta_wednesday_march_09_2022_0dte_scalpers/) [x](https://www.reddit.com/r/wallstreetbets/comments/sz26rv/i_spy_ta_wednesday_feb_23_2022/) [x](https://www.reddit.com/r/wallstreetbets/comments/tbejah/i_spy_ta_friday_march_11_2022_0dte_scalpers/) [x](https://www.reddit.com/r/wallstreetbets/comments/t5d5dd/i_spy_ta_thursday_march_03_2022_0dte_scalpers/) [x](https://www.reddit.com/r/wallstreetbets/comments/r2eoq5/i_spy_ta_friday_nov_26_2021/) [x](https://www.reddit.com/r/wallstreetbets/comments/r2etqh/i_spy_ta_friday_nov_26_2021/) [x](https://www.reddit.com/r/wallstreetbets/comments/tf20n6/i_spy_ta_wednesday_march_16_2022_0dte_scalpers/) [x](https://www.reddit.com/r/wallstreetbets/comments/td84xj/i_spy_ta_monday_march_14_2022_0dte_scalpers/) [x](https://www.reddit.com/r/wallstreetbets/comments/qprlpe/i_spy_ta_tuesday_nov_9_2021/) [x](https://www.reddit.com/r/wallstreetbets/comments/t801br/i_spy_ta_monday_march_07_2022_0dte_scalpers/) [x](https://www.reddit.com/r/wallstreetbets/comments/tgnaa0/i_spy_qqq_ta_friday_march_18_2022_0dte_scalpers/) [x](https://www.reddit.com/r/wallstreetbets/comments/qheag6/i_spy_thursday_october_28_2021/) [x](https://www.reddit.com/r/wallstreetbets/comments/r77am5/i_spy_ta_thursday_dec_2_2021/) [x](https://www.reddit.com/r/wallstreetbets/comments/qybgj7/i_spy_ta_monday_nov_22_2021/) [x](https://www.reddit.com/r/wallstreetbets/comments/qymw2b/take_a_ride_in_my_tsla_ta/) [x](https://www.reddit.com/r/wallstreetbets/comments/scu9eh/i_spy_qqq_ta_wednesday_jan_26_2022/) [x](https://www.reddit.com/r/wallstreetbets/comments/r6481m/i_spy_ta_wednesday_dec_1_2021/) [x](https://www.reddit.com/r/wallstreetbets/comments/qqfkbl/i_spy_ta_wednesday_nov_10_2021/) [x](https://www.reddit.com/r/wallstreetbets/comments/r7n6ak/i_spy_ta_friday_dec_3_2021/) [x](https://www.reddit.com/r/wallstreetbets/comments/o60caq/heat_break_kid_kbh_breakout/) [x](https://www.reddit.com/r/wallstreetbets/comments/nt8b6i/bb_end_game_gann_fan_study/) [x](https://www.reddit.com/r/wallstreetbets/comments/qhybxf/i_spy_friday_october_29_2021/) [x](https://www.reddit.com/r/wallstreetbets/comments/rcv31z/i_spy_ta_friday_dec_10_2021/) [x](https://www.reddit.com/r/wallstreetbets/comments/qm5qs6/i_spy_qqq_ta_thursday_nov_4_2021/) [x](https://www.reddit.com/r/wallstreetbets/comments/r3g8on/i_spy_ta_monday_nov_29_2021/) [x](https://www.reddit.com/r/wallstreetbets/comments/o9uj5w/mememania_wkhs_bb_clov_ta_dd/) [x](https://www.reddit.com/r/wallstreetbets/comments/qr7rv9/i_spy_thursday_nov_11_2021/) [x](https://www.reddit.com/r/wallstreetbets/comments/ntm2gi/fsr_taking_bulls_and_pope_to_heaven/) [x](https://www.reddit.com/r/wallstreetbets/comments/ncnqbg/i_spy_qq_514_recap_and_515_outlook/) [x](https://www.reddit.com/r/wallstreetbets/comments/nbs3lq/i_spy_qqq_513_recap_and_514_outlook/) [x](https://www.reddit.com/r/wallstreetbets/comments/quu3q7/i_spy_ta_tuesday_nov_16_2021/) [x](https://www.reddit.com/r/wallstreetbets/comments/ni4vcu/i_spy_521_recap_and_524_outlook/) [x](https://www.reddit.com/r/wallstreetbets/comments/r5age5/i_spy_ta_tuesday_nov_30_2021/) [x](https://www.reddit.com/r/wallstreetbets/comments/njwlm6/i_spy_524_read/) [x](https://www.reddit.com/r/wallstreetbets/comments/nk9jjc/i_spy_524_recap_and_525_outlook/) [x](https://www.reddit.com/r/wallstreetbets/comments/qmxh19/i_spy_qqq_ta_friday_nov_5_2021_nio_and_tsla_bonus/) [x](https://www.reddit.com/r/wallstreetbets/comments/nl2raz/i_spy_525_recap_and_526_outlook/) [x](https://www.reddit.com/r/wallstreetbets/comments/nlsx4z/i_spy_526_recap_and_527_outlook/) [x](https://www.reddit.com/r/wallstreetbets/comments/nm6tp3/i_spy_527_read/) [x](https://www.reddit.com/r/wallstreetbets/comments/r01zv7/i_spy_ta_tuesday_nov_23_2021/) [x](https://www.reddit.com/r/wallstreetbets/comments/nnxns5/nio_is_the_neo_in_ev_ta_dd/) [x](https://www.reddit.com/r/wallstreetbets/comments/non0so/bb_to_the_baby/) [x](https://www.reddit.com/r/wallstreetbets/comments/nqxtzd/bb_still_going_to_the_baby_updated_post/) [x](https://www.reddit.com/r/wallstreetbets/comments/nrma8x/oh_my_gm_boomer_aug_earnings_runup/) [x](https://www.reddit.com/r/wallstreetbets/comments/nmiihu/i_spy_527_recap_and_528_outlook/) [x](https://v.redd.it/3yuoct6kqd281) [x](https://www.reddit.com/r/wallstreetbets/comments/nrqb3c/bb_are_you_still_going_to_the_baby_updated_post/) [x](https://www.reddit.com/r/wallstreetbets/comments/nx2hwi/mad_about_amd_ta_dd/) [x](https://www.reddit.com/r/wallstreetbets/comments/ngzlre/i_spy_520_read/) [x](https://www.reddit.com/r/wallstreetbets/comments/nlgkaz/i_spy_526_read/) [x](https://www.reddit.com/r/wallstreetbets/comments/qos33r/amc_tsla_breakouts/) [x](https://www.reddit.com/r/wallstreetbets/comments/nq8nl5/i_spy_61_recap_and_62_outlook/) [x](https://www.reddit.com/r/wallstreetbets/comments/nsdaez/x_gonna_give_it_to_you/) [x](https://www.reddit.com/r/wallstreetbets/comments/qjaxvv/i_spy_monday_nov_1_2021/) [x](https://www.reddit.com/r/wallstreetbets/comments/qlfrli/meme_mania_market_wrap_tuesday_nov_2_2021_tsla/) [x](https://www.reddit.com/r/wallstreetbets/comments/nwakdg/memetacular_ta_dd_clov_amc_bb_and_wish_daytrading/) [x](https://www.reddit.com/r/wallstreetbets/comments/qvmaho/i_spy_ta_wednesday_nov_17_2021/) [x](https://www.reddit.com/r/wallstreetbets/comments/nc8af0/i_spy_qqq_514/) [x](https://www.reddit.com/r/wallstreetbets/comments/neftma/i_spy_qqq_517_read/) [x](https://www.reddit.com/r/wallstreetbets/comments/nfantm/i_spy_518/) [x](https://www.reddit.com/r/wallstreetbets/comments/nhrou0/i_spy_521_read/) [x](https://www.reddit.com/r/wallstreetbets/comments/nvksr1/atience_on_bb/) [x](https://www.reddit.com/r/wallstreetbets/comments/nmcjum/i_u_fubo_update/) [x](https://www.reddit.com/r/wallstreetbets/comments/qrwxen/i_spy_ta_friday_nov_12_2021/) [x](https://www.reddit.com/r/wallstreetbets/comments/nlw09c/viva_la_tsla/) [x](https://www.reddit.com/r/wallstreetbets/comments/qj846m/tsla_lcid_fb_the_week_of_110521/) [x](https://www.reddit.com/r/wallstreetbets/comments/r0qwjj/i_spy_ta_wednesday_nov_24_2021/) [x](https://www.reddit.com/r/wallstreetbets/comments/nshu14/i_spy_the_week_of_67/) [x](https://www.reddit.com/r/wallstreetbets/comments/okcjtr/ride_the_magic_shortbus_ta_dd_spy_amc_spce_and/) [x](https://www.reddit.com/r/wallstreetbets/comments/nkogx8/i_spy_525_read/) [x](https://www.reddit.com/r/wallstreetbets/comments/nqlaor/i_spy_62_read/) [x](https://www.reddit.com/r/wallstreetbets/comments/nkck70/i_u_fubo/) [x](https://www.reddit.com/r/wallstreetbets/comments/qkwmp3/meme_mania_tsla_gme_ocgn_tuesday_nov_2_2021/) [x](https://www.reddit.com/r/wallstreetbets/comments/qlnfw5/i_spy_ta_1102_recap_and_1103_analysis/) [x](https://www.reddit.com/r/wallstreetbets/comments/qggbtq/i_spy_wednesday_october_27_2021/) [x](https://www.reddit.com/r/wallstreetbets/comments/nxsdj4/pltr/) [x](https://www.reddit.com/r/wallstreetbets/comments/nxw1i5/tic_tac_cat_a_shortterm_short_possibility_bearish/) [x](https://www.reddit.com/r/wallstreetbets/comments/qo12p1/i_spy_ta_monday_nov_8_2021/) [x](https://www.reddit.com/r/wallstreetbets/comments/sawir9/i_spy_qqq_iwm_ta_monday_jan_24_2022/) [x](https://www.reddit.com/r/wallstreetbets/comments/qwcd7o/i_spy_ta_thursday_nov_18_2021/) [x](https://www.reddit.com/r/wallstreetbets/comments/n7vuls/sklz_that_killz_ur_puts/) [x](https://www.reddit.com/r/wallstreetbets/comments/nfmpfq/i_spy_518_recap_and_519_outlook/) [x](https://www.reddit.com/r/wallstreetbets/comments/ng51gn/i_spy_519_read/) [x](https://www.reddit.com/r/wallstreetbets/comments/ngglg9/i_spy_519_recap_and_520_outlook/) [x](https://www.reddit.com/r/wallstreetbets/comments/nptqx7/i_spy_61_read/) [x](https://www.reddit.com/r/wallstreetbets/comments/ntzlsd/work_for_me_wkhs/) [x](https://www.reddit.com/r/wallstreetbets/comments/nmxbrj/i_spy_528_read/) 
**Account Age**|4 years|[^scan ^comment ](https://www.reddit.com/message/compose/?to=VisualMod&subject=scan_comment&message=Replace%20this%20text%20with%20a%20comment%20ID%20(which%20looks%20like%20h26cq3k\)%20to%20have%20the%20bot%20scan%20your%20comment%20and%20correct%20your%20first%20seen%20date.)|[^scan ^submission ](https://www.reddit.com/message/compose/?to=VisualMod&subject=scan_submission&message=Replace%20this%20text%20with%20a%20submission%20ID%20(which%20looks%20like%20h26cq3k\)%20to%20have%20the%20bot%20scan%20your%20submission%20and%20correct%20your%20first%20seen%20date.)
**Vote Spam (NEW)**|[Click to Vote](https://www.reddit.com/message/compose/?to=VisualMod&subject=vote_spam&message=tgnaa0)|**Vote Approve (NEW)**|[Click to Vote](https://www.reddit.com/message/compose/?to=VisualMod&subject=vote_approve&message=tgnaa0)"
111,wallstreetbets,"üïµÔ∏è‚Äç‚ôÇÔ∏è I SPY, QQQ TA - Friday March 18, 2022 (0dte Scalpers Delight)",67.0,tgnaa0,2022-03-18T00:19:54Z,These daily spy posts are the only thing wsb has going for it these days
112,wallstreetbets,"üïµÔ∏è‚Äç‚ôÇÔ∏è I SPY, QQQ TA - Friday March 18, 2022 (0dte Scalpers Delight)",9.0,tgnaa0,2022-03-17T23:31:05Z,Doing God‚Äôs work as always üòé
113,wallstreetbets,"üïµÔ∏è‚Äç‚ôÇÔ∏è I SPY, QQQ TA - Friday March 18, 2022 (0dte Scalpers Delight)",6.0,tgnaa0,2022-03-17T23:26:45Z,I‚Äôm taking notes on this bad boy.
114,wallstreetbets,"üïµÔ∏è‚Äç‚ôÇÔ∏è I SPY, QQQ TA - Friday March 18, 2022 (0dte Scalpers Delight)",4.0,tgnaa0,2022-03-18T03:02:08Z,Remember the good old days where you just bought something and it doubled a month later...
115,wallstreetbets,"üïµÔ∏è‚Äç‚ôÇÔ∏è I SPY, QQQ TA - Friday March 18, 2022 (0dte Scalpers Delight)",5.0,tgnaa0,2022-03-18T00:00:51Z,Should I leave my butt plug in (bear) or pull it out (bull)?
116,wallstreetbets,"üïµÔ∏è‚Äç‚ôÇÔ∏è I SPY, QQQ TA - Friday March 18, 2022 (0dte Scalpers Delight)",3.0,tgnaa0,2022-03-18T00:14:35Z,![img](emote|t5_2th52|4270)
117,wallstreetbets,"üïµÔ∏è‚Äç‚ôÇÔ∏è I SPY, QQQ TA - Friday March 18, 2022 (0dte Scalpers Delight)",2.0,tgnaa0,2022-03-17T23:34:04Z,"fun week, so far‚Ä¶"
118,wallstreetbets,"üïµÔ∏è‚Äç‚ôÇÔ∏è I SPY, QQQ TA - Friday March 18, 2022 (0dte Scalpers Delight)",2.0,tgnaa0,2022-03-18T04:05:22Z,i have NO IDEA wtf is going on
119,wallstreetbets,"üïµÔ∏è‚Äç‚ôÇÔ∏è I SPY, QQQ TA - Friday March 18, 2022 (0dte Scalpers Delight)",1.0,tgnaa0,2022-03-18T03:45:36Z,Hey OP what brokerage do you use to scalp 0dte?
120,wallstreetbets,"üïµÔ∏è‚Äç‚ôÇÔ∏è I SPY, QQQ TA - Friday March 18, 2022 (0dte Scalpers Delight)",1.0,tgnaa0,2022-03-18T04:16:09Z,Puts or calls for tmrw?
121,wallstreetbets,"üïµÔ∏è‚Äç‚ôÇÔ∏è I SPY, QQQ TA - Friday March 18, 2022 (0dte Scalpers Delight)",1.0,tgnaa0,2022-03-18T18:15:27Z,I bought march25 434p at open how screwed am I
122,wallstreetbets,"üïµÔ∏è‚Äç‚ôÇÔ∏è I SPY, QQQ TA - Friday March 18, 2022 (0dte Scalpers Delight)",-2.0,tgnaa0,2022-03-18T08:03:54Z,Smells like a hedge fund plant.  Way too much dd for a $1500 position.
123,wallstreetbets,"Re-Post: Because being a retard requires proof these days. In short, I went long on leveraged calls for SPY/QQQ in early Jan. That didn't work out well. Then I attempted to YOLO swing trade the close for a quick pop/squeeze. My ending balance was around ~$1000. Deleted the app/closed account.",1.0,ti61u2,2022-03-19T22:02:09Z,"
**User Report**| | | |
:--|:--|:--|:--
**Total Submissions**|8|**First Seen In WSB**|1 year ago
**Total Comments**|20|**Previous DD**|
**Account Age**|4 years|[^scan ^comment ](https://www.reddit.com/message/compose/?to=VisualMod&subject=scan_comment&message=Replace%20this%20text%20with%20a%20comment%20ID%20(which%20looks%20like%20h26cq3k\)%20to%20have%20the%20bot%20scan%20your%20comment%20and%20correct%20your%20first%20seen%20date.)|[^scan ^submission ](https://www.reddit.com/message/compose/?to=VisualMod&subject=scan_submission&message=Replace%20this%20text%20with%20a%20submission%20ID%20(which%20looks%20like%20h26cq3k\)%20to%20have%20the%20bot%20scan%20your%20submission%20and%20correct%20your%20first%20seen%20date.)
**Vote Spam (NEW)**|[Click to Vote](https://www.reddit.com/message/compose/?to=VisualMod&subject=vote_spam&message=ti61u2)|**Vote Approve (NEW)**|[Click to Vote](https://www.reddit.com/message/compose/?to=VisualMod&subject=vote_approve&message=ti61u2)"
124,wallstreetbets,"Re-Post: Because being a retard requires proof these days. In short, I went long on leveraged calls for SPY/QQQ in early Jan. That didn't work out well. Then I attempted to YOLO swing trade the close for a quick pop/squeeze. My ending balance was around ~$1000. Deleted the app/closed account.",18.0,ti61u2,2022-03-19T23:30:34Z,"You got it all wrong, reopen the account, list the lessons you learned and get back over here, i want that last 1000$"
125,wallstreetbets,"Re-Post: Because being a retard requires proof these days. In short, I went long on leveraged calls for SPY/QQQ in early Jan. That didn't work out well. Then I attempted to YOLO swing trade the close for a quick pop/squeeze. My ending balance was around ~$1000. Deleted the app/closed account.",14.0,ti61u2,2022-03-19T22:18:35Z,"one of us!

one of us!

one of us!"
126,wallstreetbets,"Re-Post: Because being a retard requires proof these days. In short, I went long on leveraged calls for SPY/QQQ in early Jan. That didn't work out well. Then I attempted to YOLO swing trade the close for a quick pop/squeeze. My ending balance was around ~$1000. Deleted the app/closed account.",8.0,ti61u2,2022-03-19T22:04:03Z,"My Fellow Plebeians, I opened this account purely for YOLO trades - Nothing else. I didn't care if I had lost it all as I knew I had funds coming in from other places.  


We all place degen trades but as long as you're overall positive (across all assets) then I believe the risk is worth the reward. And never leverage what you can't afford to lose. I could afford this one and also learned not to swing trade a downtrend."
127,wallstreetbets,"Re-Post: Because being a retard requires proof these days. In short, I went long on leveraged calls for SPY/QQQ in early Jan. That didn't work out well. Then I attempted to YOLO swing trade the close for a quick pop/squeeze. My ending balance was around ~$1000. Deleted the app/closed account.",4.0,ti61u2,2022-03-19T22:04:36Z,Imagine if you did the opposite. Next time you think you should invest in something do the opposite
128,wallstreetbets,"Re-Post: Because being a retard requires proof these days. In short, I went long on leveraged calls for SPY/QQQ in early Jan. That didn't work out well. Then I attempted to YOLO swing trade the close for a quick pop/squeeze. My ending balance was around ~$1000. Deleted the app/closed account.",2.0,ti61u2,2022-03-19T22:51:45Z,Ouch!
129,wallstreetbets,"Re-Post: Because being a retard requires proof these days. In short, I went long on leveraged calls for SPY/QQQ in early Jan. That didn't work out well. Then I attempted to YOLO swing trade the close for a quick pop/squeeze. My ending balance was around ~$1000. Deleted the app/closed account.",2.0,ti61u2,2022-03-19T23:26:51Z,Why stop now?
130,wallstreetbets,"Re-Post: Because being a retard requires proof these days. In short, I went long on leveraged calls for SPY/QQQ in early Jan. That didn't work out well. Then I attempted to YOLO swing trade the close for a quick pop/squeeze. My ending balance was around ~$1000. Deleted the app/closed account.",2.0,ti61u2,2022-03-20T00:40:52Z,Next time you should do the opposite thingy to what you did thereüòä
131,wallstreetbets,"Re-Post: Because being a retard requires proof these days. In short, I went long on leveraged calls for SPY/QQQ in early Jan. That didn't work out well. Then I attempted to YOLO swing trade the close for a quick pop/squeeze. My ending balance was around ~$1000. Deleted the app/closed account.",2.0,ti61u2,2022-03-20T02:47:17Z,"Just buy SPY calls one month out they said, it‚Äôs free money they said.

THEY LIED"
132,wallstreetbets,"Re-Post: Because being a retard requires proof these days. In short, I went long on leveraged calls for SPY/QQQ in early Jan. That didn't work out well. Then I attempted to YOLO swing trade the close for a quick pop/squeeze. My ending balance was around ~$1000. Deleted the app/closed account.",2.0,ti61u2,2022-03-20T18:59:58Z,Deserve it for buying calls at the topüòÇ
133,wallstreetbets,"Re-Post: Because being a retard requires proof these days. In short, I went long on leveraged calls for SPY/QQQ in early Jan. That didn't work out well. Then I attempted to YOLO swing trade the close for a quick pop/squeeze. My ending balance was around ~$1000. Deleted the app/closed account.",1.0,ti61u2,2022-03-19T22:01:43Z,"Hey, if you haven't already, please reply to this comment with your positions and what led you to enter or exit them!

*I am a bot, and this action was performed automatically. Please [contact the moderators of this subreddit](/message/compose/?to=/r/wallstreetbets) if you have any questions or concerns.*"
134,wallstreetbets,"Re-Post: Because being a retard requires proof these days. In short, I went long on leveraged calls for SPY/QQQ in early Jan. That didn't work out well. Then I attempted to YOLO swing trade the close for a quick pop/squeeze. My ending balance was around ~$1000. Deleted the app/closed account.",1.0,ti61u2,2022-03-19T22:25:54Z,Just invest long term and live of the dividends would be to hard? I mean like why you would invest like this
135,wallstreetbets,"Re-Post: Because being a retard requires proof these days. In short, I went long on leveraged calls for SPY/QQQ in early Jan. That didn't work out well. Then I attempted to YOLO swing trade the close for a quick pop/squeeze. My ending balance was around ~$1000. Deleted the app/closed account.",1.0,ti61u2,2022-03-20T21:03:01Z,"All was well for a few weeks when I last tried this, then its slid too far with 70% of my account.  6 profitable trades in a row till the 7th one took all the gains I'd made.
*****


*[wut?](https://www.reddit.com/r/WutbotPosts/)* | *[source](https://reddit.com/r/wallstreetbets/comments/bgb3o9/why_dont_more_people_just_buy_amzn_calls/eljqavv/)*"
136,wallstreetbets,"Re-Post: Because being a retard requires proof these days. In short, I went long on leveraged calls for SPY/QQQ in early Jan. That didn't work out well. Then I attempted to YOLO swing trade the close for a quick pop/squeeze. My ending balance was around ~$1000. Deleted the app/closed account.",0.0,ti61u2,2022-03-20T19:24:50Z,You should get a Gold membership card.
137,wallstreetbets,QQQ waiting for a decision,1.0,txx67d,2022-04-06T21:47:10Z,"
**User Report**| | | |
:--|:--|:--|:--
**Total Submissions**|12|**First Seen In WSB**|1 year ago
**Total Comments**|194|**Previous DD**|
**Account Age**|1 year|[^scan ^comment ](https://www.reddit.com/message/compose/?to=VisualMod&subject=scan_comment&message=Replace%20this%20text%20with%20a%20comment%20ID%20(which%20looks%20like%20h26cq3k\)%20to%20have%20the%20bot%20scan%20your%20comment%20and%20correct%20your%20first%20seen%20date.)|[^scan ^submission ](https://www.reddit.com/message/compose/?to=VisualMod&subject=scan_submission&message=Replace%20this%20text%20with%20a%20submission%20ID%20(which%20looks%20like%20h26cq3k\)%20to%20have%20the%20bot%20scan%20your%20submission%20and%20correct%20your%20first%20seen%20date.)
**Vote Spam (NEW)**|[Click to Vote](https://www.reddit.com/message/compose/?to=VisualMod&subject=vote_spam&message=txx67d)|**Vote Approve (NEW)**|[Click to Vote](https://www.reddit.com/message/compose/?to=VisualMod&subject=vote_approve&message=txx67d)"
138,wallstreetbets,QQQ waiting for a decision,6.0,txx67d,2022-04-06T23:38:26Z,bought some Tqqq calls today when it was near the low. could have sold for 25%gain and then it dropped back down to even. hoping for a bounce rally the next couple days before it heads lower.
139,wallstreetbets,QQQ waiting for a decision,7.0,txx67d,2022-04-06T22:31:11Z,Let it drop another 10% and then go all in.
140,wallstreetbets,QQQ waiting for a decision,2.0,txx67d,2022-04-07T00:13:08Z,Nice dogi
141,wallstreetbets,QQQ waiting for a decision,4.0,txx67d,2022-04-06T21:59:25Z,"Sideways tomorrow, small rally Friday. Bearish for the near term. What is that catalyst and what could possibly be bullish if Jpow broke the fucken money printer."
142,wallstreetbets,QQQ waiting for a decision,2.0,txx67d,2022-04-06T22:10:35Z,Selling deep itm calls
143,wallstreetbets,QQQ waiting for a decision,2.0,txx67d,2022-04-06T22:23:39Z,"I had a trade on in case it made it‚Äôs way past 351 toward 350. Unwound it because it didn‚Äôt go and I couldn‚Äôt babysit it or be bothered.

Watching Apple hold up the Qs with both sides drawing the line in the sand at $170 was fun though."
144,wallstreetbets,QQQ waiting for a decision,-7.0,txx67d,2022-04-06T22:44:00Z,Zoom out bud
145,wallstreetbets,"QQQ 50DMA coming up, then $331 according to this HF manager, Godspeed everyone",1.0,tygxbw,2022-04-07T16:32:42Z,"
**User Report**| | | |
:--|:--|:--|:--
**Total Submissions**|9|**First Seen In WSB**|1 year ago
**Total Comments**|12|**Previous DD**|
**Account Age**|5 years|[^scan ^comment ](https://www.reddit.com/message/compose/?to=VisualMod&subject=scan_comment&message=Replace%20this%20text%20with%20a%20comment%20ID%20(which%20looks%20like%20h26cq3k\)%20to%20have%20the%20bot%20scan%20your%20comment%20and%20correct%20your%20first%20seen%20date.)|[^scan ^submission ](https://www.reddit.com/message/compose/?to=VisualMod&subject=scan_submission&message=Replace%20this%20text%20with%20a%20submission%20ID%20(which%20looks%20like%20h26cq3k\)%20to%20have%20the%20bot%20scan%20your%20submission%20and%20correct%20your%20first%20seen%20date.)
**Vote Spam (NEW)**|[Click to Vote](https://www.reddit.com/message/compose/?to=VisualMod&subject=vote_spam&message=tygxbw)|**Vote Approve (NEW)**|[Click to Vote](https://www.reddit.com/message/compose/?to=VisualMod&subject=vote_approve&message=tygxbw)"
146,wallstreetbets,"QQQ 50DMA coming up, then $331 according to this HF manager, Godspeed everyone",9.0,tygxbw,2022-04-07T16:34:07Z,We about start climbing in days to come new ATH across the board
147,wallstreetbets,"QQQ 50DMA coming up, then $331 according to this HF manager, Godspeed everyone",5.0,tygxbw,2022-04-07T16:34:36Z,That‚Äôs a lot of lines
148,wallstreetbets,"QQQ 50DMA coming up, then $331 according to this HF manager, Godspeed everyone",3.0,tygxbw,2022-04-07T16:53:04Z,Where did you get this coloring book?
149,wallstreetbets,"QQQ 50DMA coming up, then $331 according to this HF manager, Godspeed everyone",3.0,tygxbw,2022-04-07T16:59:06Z,It's because I bought long dated calls at 410 that expire on May 6th. Every damn time I buy calls on QQQ. I need to do the opposite and buy Puts to watch QQQ rise.
150,wallstreetbets,"QQQ 50DMA coming up, then $331 according to this HF manager, Godspeed everyone",2.0,tygxbw,2022-04-07T17:46:46Z,I have the dumb.  Does that mean it will bottom out at $331 soon?
151,wallstreetbets,Technical analysis for QQQ,1.0,tjvpqq,2022-03-22T05:26:25Z,"
**User Report**| | | |
:--|:--|:--|:--
**Total Submissions**|1|**First Seen In WSB**|1 month ago
**Total Comments**|27|**Previous DD**|
**Account Age**|1 month|[^scan ^comment ](https://www.reddit.com/message/compose/?to=VisualMod&subject=scan_comment&message=Replace%20this%20text%20with%20a%20comment%20ID%20(which%20looks%20like%20h26cq3k\)%20to%20have%20the%20bot%20scan%20your%20comment%20and%20correct%20your%20first%20seen%20date.)|[^scan ^submission ](https://www.reddit.com/message/compose/?to=VisualMod&subject=scan_submission&message=Replace%20this%20text%20with%20a%20submission%20ID%20(which%20looks%20like%20h26cq3k\)%20to%20have%20the%20bot%20scan%20your%20submission%20and%20correct%20your%20first%20seen%20date.)
**Vote Spam (NEW)**|[Click to Vote](https://www.reddit.com/message/compose/?to=VisualMod&subject=vote_spam&message=tjvpqq)|**Vote Approve (NEW)**|[Click to Vote](https://www.reddit.com/message/compose/?to=VisualMod&subject=vote_approve&message=tjvpqq)"
152,wallstreetbets,Technical analysis for QQQ,27.0,tjvpqq,2022-03-22T05:29:38Z,"Don‚Äôt be a bear, just be a bull for $SQQQ"
153,wallstreetbets,Technical analysis for QQQ,8.0,tjvpqq,2022-03-22T06:03:11Z,Stop trying to convince us that people are born bears. You chose this life >:C
154,wallstreetbets,Technical analysis for QQQ,2.0,tjvpqq,2022-03-22T05:48:31Z,"Agreed, I think retracement is coming, especially after looking at bond prices"
155,wallstreetbets,Technical analysis for QQQ,2.0,tjvpqq,2022-03-22T15:15:10Z,How could the official ETF of March Madness go down?
156,wallstreetbets,Technical analysis for QQQ,2.0,tjvpqq,2022-03-22T23:04:42Z,recovering a few percent after huge selloffs for the last month is a bull run to you? i would suggest to stop using technical analysis on the nasdaq because it‚Äôs going to be meaningless
157,wallstreetbets,Technical analysis for QQQ,2.0,tjvpqq,2022-03-22T05:56:24Z,It's going past 400.  People are fucked.  I bet 18000-18500.  That was my bet in 2020 between feb and June this year.  close enough.. SPY 500...
158,wallstreetbets,Technical analysis for QQQ,1.0,tjvpqq,2022-03-22T06:10:53Z,"Still a few gaps to be filled on the downside, so you may be right on this (about halfway down most recent)..."
159,wallstreetbets,Technical analysis for QQQ,1.0,tjvpqq,2022-03-22T07:03:11Z,"It does look overextended and also hit resistance so a pull back is likely. After whatever pull back it does, I think it's going up to the 380s."
160,wallstreetbets,Technical analysis for QQQ,1.0,tjvpqq,2022-03-22T07:12:11Z,You are not alone
161,wallstreetbets,Technical analysis for QQQ,1.0,tjvpqq,2022-03-22T07:16:05Z,"Yes, absolutely right. Everyone else is a bull. ![img](emote|t5_2th52|4271)"
162,wallstreetbets,Technical analysis for QQQ,1.0,tjvpqq,2022-03-22T12:45:04Z,"Every index jumped up to 50SMA on the 1 month chart.  Looks like resistance across the board.  S&P overshot a bit, but will come down today I reckon."
163,wallstreetbets,Technical analysis for QQQ,1.0,tjvpqq,2022-03-22T13:05:40Z,"Nah, we will break out of 50 SMA pulling you and others in. Everyone will declare bear market over. That‚Äôs when you go short because Q2 and rest of this year earnings is going to hell!"
164,wallstreetbets,Technical analysis for QQQ,1.0,tjvpqq,2022-03-22T21:25:59Z,still the same opinion?
165,wallstreetbets,"QQQ DMA is right there, then look out below, 4/8 expiries and 4/14 expiries are all cheap",6.0,tyh0en,2022-04-07T16:43:58Z,Yoloing fd puts into couple week out index funds. Oh good its march of 2020 again.
166,wallstreetbets,"QQQ DMA is right there, then look out below, 4/8 expiries and 4/14 expiries are all cheap",2.0,tyh0en,2022-04-07T16:52:14Z,Cramer calls the bottom; former Fed gov. Bill Dudley says that the Fed must ‚Äòinflict more losses‚Äô on the stock market to fight inflation‚Ä¶.hmmm-whom to believe?
167,wallstreetbets,"QQQ DMA is right there, then look out below, 4/8 expiries and 4/14 expiries are all cheap",1.0,tyh0en,2022-04-07T17:10:02Z,How many more times is this going to get posted
168,wallstreetbets,"QQQ DMA is right there, then look out below, 4/8 expiries and 4/14 expiries are all cheap",1.0,tyh0en,2022-04-07T19:34:35Z,You've posted already. Stop spamming!
169,wallstreetbets,"QQQ DMA is right there, then look out below, 4/8 expiries and 4/14 expiries are all cheap",0.0,tyh0en,2022-04-07T16:36:31Z,"Hey, if you haven't already, please reply to this comment with your positions and what led you to enter or exit them!

*I am a bot, and this action was performed automatically. Please [contact the moderators of this subreddit](/message/compose/?to=/r/wallstreetbets) if you have any questions or concerns.*"
170,wallstreetbets,"I was down 12k yesterday, now up 40 grand. SQQQ",43.0,twz95y,2022-04-05T16:48:51Z,thats what i call yolo.. 99.96% üëçüèª
171,wallstreetbets,"I was down 12k yesterday, now up 40 grand. SQQQ",20.0,twz95y,2022-04-05T18:09:36Z,"Fuck. I totally forgot about sqqq. Bought a bunch of qqq puts this morning (yay!), but sqqq would've been the beast mode play. Well done,  OP."
172,wallstreetbets,"I was down 12k yesterday, now up 40 grand. SQQQ",14.0,twz95y,2022-04-05T16:57:34Z,I have to live vicariously through all you psychopaths.
173,wallstreetbets,"I was down 12k yesterday, now up 40 grand. SQQQ",9.0,twz95y,2022-04-05T18:17:40Z,Nice.  Was up 8% yesterday. Down 10% today.
174,wallstreetbets,"I was down 12k yesterday, now up 40 grand. SQQQ",16.0,twz95y,2022-04-05T16:50:16Z,Yoy have to tell me in time for me to join you wtf
175,wallstreetbets,"I was down 12k yesterday, now up 40 grand. SQQQ",4.0,twz95y,2022-04-06T01:39:00Z,Nice congrats but just wondering how you decided to casually drop pretty much your entire account on weekly SQQQ calls
176,wallstreetbets,"I was down 12k yesterday, now up 40 grand. SQQQ",5.0,twz95y,2022-04-05T17:14:16Z,Sell and enjoy
177,wallstreetbets,"I was down 12k yesterday, now up 40 grand. SQQQ",3.0,twz95y,2022-04-05T21:09:47Z,Is there an advantage to buying SQQQ calls instead of TQQQ puts?
178,wallstreetbets,"I was down 12k yesterday, now up 40 grand. SQQQ",2.0,twz95y,2022-04-05T16:46:16Z,"Hey, if you haven't already, please reply to this comment with your positions and what led you to enter or exit them!

*I am a bot, and this action was performed automatically. Please [contact the moderators of this subreddit](/message/compose/?to=/r/wallstreetbets) if you have any questions or concerns.*"
179,wallstreetbets,"I was down 12k yesterday, now up 40 grand. SQQQ",2.0,twz95y,2022-04-05T16:49:04Z,Good shit
180,wallstreetbets,"I was down 12k yesterday, now up 40 grand. SQQQ",2.0,twz95y,2022-04-05T17:22:28Z,Can u teach my squiggles to do this
181,wallstreetbets,"I was down 12k yesterday, now up 40 grand. SQQQ",2.0,twz95y,2022-04-05T22:40:29Z,Seems to be an ongoing debate about options and SQQQ/QQQ. From the numbers I‚Äôve crunched they‚Äôre about the same. But starts to tilt one way or another the longer you hold. Any reason you play SQQQ? I play both regularly. Just curious to hear what others think.
182,wallstreetbets,"I was down 12k yesterday, now up 40 grand. SQQQ",2.0,twz95y,2022-04-06T00:44:35Z,You only belong here if you hold on and dont cash out the profits haha
183,wallstreetbets,"I was down 12k yesterday, now up 40 grand. SQQQ",2.0,twz95y,2022-04-06T02:45:01Z,"This looks like a gain post that hasn‚Äôt been closed out.

Good enough to screenshot? Good enough to sell."
184,wallstreetbets,"I was down 12k yesterday, now up 40 grand. SQQQ",2.0,twz95y,2022-04-06T05:58:08Z,Fuck you
185,wallstreetbets,"I was down 12k yesterday, now up 40 grand. SQQQ",2.0,twz95y,2022-04-06T07:44:31Z,"Congrats and fuck you, never dumps when I need it"
186,wallstreetbets,"I was down 12k yesterday, now up 40 grand. SQQQ",2.0,twz95y,2022-04-05T17:58:10Z,Im long tqqq. Tech only goes up
187,wallstreetbets,"I was down 12k yesterday, now up 40 grand. SQQQ",1.0,twz95y,2022-04-05T16:52:43Z,Nice ü¶ç
188,wallstreetbets,"I was down 12k yesterday, now up 40 grand. SQQQ",1.0,twz95y,2022-04-05T17:24:56Z,"About the same for me i hold put,  do you sell today ?"
189,wallstreetbets,"I was down 12k yesterday, now up 40 grand. SQQQ",1.0,twz95y,2022-04-05T17:28:50Z,Take some profits before someone else takes them from you.
190,wallstreetbets,"I was down 12k yesterday, now up 40 grand. SQQQ",1.0,twz95y,2022-04-05T18:00:04Z,Heard that holding for >1 day isn‚Äôt advised in SQQQ among other leveraged ETFs. Do you plan to sell today?
191,wallstreetbets,"I was down 12k yesterday, now up 40 grand. SQQQ",1.0,twz95y,2022-04-05T20:45:20Z,Bet you can't do it again!
192,wallstreetbets,"I was down 12k yesterday, now up 40 grand. SQQQ",1.0,twz95y,2022-04-05T22:22:27Z,If its good enough to screenshot...
193,wallstreetbets,"I was down 12k yesterday, now up 40 grand. SQQQ",1.0,twz95y,2022-04-06T01:57:20Z,That is absolutely insane.
194,wallstreetbets,"I was down 12k yesterday, now up 40 grand. SQQQ",1.0,twz95y,2022-04-06T08:21:17Z,Which app is this? It looks really fucking clean.
195,wallstreetbets,"I was down 12k yesterday, now up 40 grand. SQQQ",1.0,twz95y,2022-04-06T11:32:00Z,"Futures are blood red, chances are those calls will print even more....."
196,wallstreetbets,"I was down 12k yesterday, now up 40 grand. SQQQ",1.0,twz95y,2022-04-12T23:27:45Z,Kicking yourself rn
197,wallstreetbets,Either you have a large cock or you dont wheel tqqq. Best option to wheel in the market par none. Infinite money glitch. Guaranteed.,1.0,tytbvs,2022-04-08T02:35:20Z,"
**User Report**| | | |
:--|:--|:--|:--
**Total Submissions**|13|**First Seen In WSB**|6 months ago
**Total Comments**|32|**Previous DD**|
**Account Age**|2 years|[^scan ^comment ](https://www.reddit.com/message/compose/?to=VisualMod&subject=scan_comment&message=Replace%20this%20text%20with%20a%20comment%20ID%20(which%20looks%20like%20h26cq3k\)%20to%20have%20the%20bot%20scan%20your%20comment%20and%20correct%20your%20first%20seen%20date.)|[^scan ^submission ](https://www.reddit.com/message/compose/?to=VisualMod&subject=scan_submission&message=Replace%20this%20text%20with%20a%20submission%20ID%20(which%20looks%20like%20h26cq3k\)%20to%20have%20the%20bot%20scan%20your%20submission%20and%20correct%20your%20first%20seen%20date.)
**Vote Spam (NEW)**|[Click to Vote](https://www.reddit.com/message/compose/?to=VisualMod&subject=vote_spam&message=tytbvs)|**Vote Approve (NEW)**|[Click to Vote](https://www.reddit.com/message/compose/?to=VisualMod&subject=vote_approve&message=tytbvs)"
198,wallstreetbets,Either you have a large cock or you dont wheel tqqq. Best option to wheel in the market par none. Infinite money glitch. Guaranteed.,31.0,tytbvs,2022-04-08T02:37:09Z,Someone smarter than me explain how this is a bad idea
199,wallstreetbets,Either you have a large cock or you dont wheel tqqq. Best option to wheel in the market par none. Infinite money glitch. Guaranteed.,22.0,tytbvs,2022-04-08T02:37:01Z,"Good advice. I'll mortgage the house, sell the two cars, empty the kids college fund and see what happens."
200,wallstreetbets,Either you have a large cock or you dont wheel tqqq. Best option to wheel in the market par none. Infinite money glitch. Guaranteed.,18.0,tytbvs,2022-04-08T02:44:56Z,You had me at large cock
201,wallstreetbets,Either you have a large cock or you dont wheel tqqq. Best option to wheel in the market par none. Infinite money glitch. Guaranteed.,12.0,tytbvs,2022-04-08T04:48:28Z,I mean you are accepting all the downside risk and capping the upside at a dollar above your basis.  Its a high probability trade and I also sell options in TQQQ but don‚Äôt fool yourself into thinking you found a money printer. You are picking up pennies in front of a steamroller.
202,wallstreetbets,Either you have a large cock or you dont wheel tqqq. Best option to wheel in the market par none. Infinite money glitch. Guaranteed.,10.0,tytbvs,2022-04-08T02:41:42Z,"I mean, he did say ""guaranteed."
203,wallstreetbets,Either you have a large cock or you dont wheel tqqq. Best option to wheel in the market par none. Infinite money glitch. Guaranteed.,8.0,tytbvs,2022-04-08T02:37:25Z,Translation for the retarded please?
204,wallstreetbets,Either you have a large cock or you dont wheel tqqq. Best option to wheel in the market par none. Infinite money glitch. Guaranteed.,8.0,tytbvs,2022-04-08T03:24:35Z,"Anytime it's 'guaranteed' it should ring warning bells in your brains.

It's not guaranteed, it's just highly unlikely to get assigned. But if you do get assigned, you can kiss your entire account goodbye."
205,wallstreetbets,Either you have a large cock or you dont wheel tqqq. Best option to wheel in the market par none. Infinite money glitch. Guaranteed.,6.0,tytbvs,2022-04-08T02:48:02Z,this is full retard.. I‚Äôm in!!
206,wallstreetbets,Either you have a large cock or you dont wheel tqqq. Best option to wheel in the market par none. Infinite money glitch. Guaranteed.,5.0,tytbvs,2022-04-08T02:55:15Z,8.5 inches.
207,wallstreetbets,Either you have a large cock or you dont wheel tqqq. Best option to wheel in the market par none. Infinite money glitch. Guaranteed.,3.0,tytbvs,2022-04-08T02:36:17Z,I feel retarded reading this. Niiiiice‚Ä¶
208,wallstreetbets,Either you have a large cock or you dont wheel tqqq. Best option to wheel in the market par none. Infinite money glitch. Guaranteed.,3.0,tytbvs,2022-04-08T02:44:36Z,"Stop. You‚Äôre going to scare apes with logic and reasoning. 

But I actually did Just started doing this last month actually because my long positions were shit for the past year. Just not currently using margin to do this."
209,wallstreetbets,Either you have a large cock or you dont wheel tqqq. Best option to wheel in the market par none. Infinite money glitch. Guaranteed.,3.0,tytbvs,2022-04-08T06:34:40Z,How long have you been running it and what‚Äôs your portfolio % return?
210,wallstreetbets,Either you have a large cock or you dont wheel tqqq. Best option to wheel in the market par none. Infinite money glitch. Guaranteed.,3.0,tytbvs,2022-04-08T08:17:55Z,"You keep making posts about this, you really wanna get the message out don't you"
211,wallstreetbets,Either you have a large cock or you dont wheel tqqq. Best option to wheel in the market par none. Infinite money glitch. Guaranteed.,2.0,tytbvs,2022-04-08T02:57:25Z,"Might as well sell condors on it and SQQQ, i like it."
212,wallstreetbets,Either you have a large cock or you dont wheel tqqq. Best option to wheel in the market par none. Infinite money glitch. Guaranteed.,2.0,tytbvs,2022-04-08T03:04:17Z,"So it's at $54, what strike are you selling the puts at?"
213,wallstreetbets,Either you have a large cock or you dont wheel tqqq. Best option to wheel in the market par none. Infinite money glitch. Guaranteed.,2.0,tytbvs,2022-04-08T16:09:41Z," I do this same exact strategy but on pro shares ultra Bloomberg crude oil UCO. Those premiums are an infinite money printer, it‚Äôs also only 2x leveraged instead of 3, so way less risky. I‚Äôm also bullish on oil thanks to my fiend Vladimir."
214,wallstreetbets,Either you have a large cock or you dont wheel tqqq. Best option to wheel in the market par none. Infinite money glitch. Guaranteed.,2.0,tytbvs,2022-04-08T11:31:14Z,I can tell you‚Äôre new to the wheel strategy by how optimistic you are about it. I challenge you to think about it a little more than just a binary event.
215,wallstreetbets,Either you have a large cock or you dont wheel tqqq. Best option to wheel in the market par none. Infinite money glitch. Guaranteed.,1.0,tytbvs,2022-04-08T03:11:09Z,positions or ban you goober
216,wallstreetbets,Either you have a large cock or you dont wheel tqqq. Best option to wheel in the market par none. Infinite money glitch. Guaranteed.,1.0,tytbvs,2022-04-08T10:46:24Z,"Why not just do some tech analysis on /nq or /es? , one good swing can net you $5k monthly"
217,wallstreetbets,Either you have a large cock or you dont wheel tqqq. Best option to wheel in the market par none. Infinite money glitch. Guaranteed.,1.0,tytbvs,2022-04-08T15:35:51Z,"If the market goes up 1%, then down 1%, then up 1%, then down 1%, then up 1%, then down 1%...

TQQQ loses money.

Do the math on a $10,000 investment that moves 3% in either direction each day."
218,wallstreetbets,Either you have a large cock or you dont wheel tqqq. Best option to wheel in the market par none. Infinite money glitch. Guaranteed.,1.0,tytbvs,2022-04-08T15:36:15Z,"Prefer running the wheel on QQQ or SPY or something else rather than a leveraged stock, premiums are still good and less risk of bagholding"
219,wallstreetbets,Either you have a large cock or you dont wheel tqqq. Best option to wheel in the market par none. Infinite money glitch. Guaranteed.,1.0,tytbvs,2022-04-08T17:00:33Z,I have thought about TQQQ many times. IMO it might seem logical to allocate 10% of your portfolio but only after a substantial tech crush. So far it is only 50% from ATH. Not good enough. I would start considering only after it is about 80%-85% from all time high .
220,wallstreetbets,"Wheel TQQQ with double margin or you're a fucking retard. Updated, positions.",1.0,tyv2wy,2022-04-08T04:13:01Z,"
**User Report**| | | |
:--|:--|:--|:--
**Total Submissions**|14|**First Seen In WSB**|6 months ago
**Total Comments**|37|**Previous DD**|
**Account Age**|2 years|[^scan ^comment ](https://www.reddit.com/message/compose/?to=VisualMod&subject=scan_comment&message=Replace%20this%20text%20with%20a%20comment%20ID%20(which%20looks%20like%20h26cq3k\)%20to%20have%20the%20bot%20scan%20your%20comment%20and%20correct%20your%20first%20seen%20date.)|[^scan ^submission ](https://www.reddit.com/message/compose/?to=VisualMod&subject=scan_submission&message=Replace%20this%20text%20with%20a%20submission%20ID%20(which%20looks%20like%20h26cq3k\)%20to%20have%20the%20bot%20scan%20your%20submission%20and%20correct%20your%20first%20seen%20date.)
**Vote Spam (NEW)**|[Click to Vote](https://www.reddit.com/message/compose/?to=VisualMod&subject=vote_spam&message=tyv2wy)|**Vote Approve (NEW)**|[Click to Vote](https://www.reddit.com/message/compose/?to=VisualMod&subject=vote_approve&message=tyv2wy)"
221,wallstreetbets,"Wheel TQQQ with double margin or you're a fucking retard. Updated, positions.",21.0,tyv2wy,2022-04-08T04:20:36Z,"It‚Äôs literally free money, that‚Äôs why I tell 9M strangers for free online!"
222,wallstreetbets,"Wheel TQQQ with double margin or you're a fucking retard. Updated, positions.",15.0,tyv2wy,2022-04-08T04:44:40Z,You‚Äôre a puss for not 3x
223,wallstreetbets,"Wheel TQQQ with double margin or you're a fucking retard. Updated, positions.",4.0,tyv2wy,2022-04-08T04:18:39Z,Was the dog autistic also?
224,wallstreetbets,"Wheel TQQQ with double margin or you're a fucking retard. Updated, positions.",5.0,tyv2wy,2022-04-08T06:08:19Z,Most of my account is in TQQQ. But ask anyone on r/thetagang who has been doing this for a while. None of them beat the potential returns if they just bought and held TQQQ.
225,wallstreetbets,"Wheel TQQQ with double margin or you're a fucking retard. Updated, positions.",2.0,tyv2wy,2022-04-08T04:23:29Z,I‚Äôm in
226,wallstreetbets,"Wheel TQQQ with double margin or you're a fucking retard. Updated, positions.",2.0,tyv2wy,2022-04-08T06:32:40Z,What‚Äôs your post for tomorrow
227,wallstreetbets,"Wheel TQQQ with double margin or you're a fucking retard. Updated, positions.",2.0,tyv2wy,2022-04-08T10:27:28Z,Average soxl wheel enjoyer ![img](emote|t5_2th52|8882)
228,wallstreetbets,"Wheel TQQQ with double margin or you're a fucking retard. Updated, positions.",2.0,tyv2wy,2022-04-08T14:36:58Z,"I sold both testicles, one kidney, an arm, and three legs to buy the TQQQ dip. Once I make gains I can buy my organs back."
229,wallstreetbets,"Wheel TQQQ with double margin or you're a fucking retard. Updated, positions.",5.0,tyv2wy,2022-04-08T04:56:50Z,delet dis
230,wallstreetbets,"Wheel TQQQ with double margin or you're a fucking retard. Updated, positions.",2.0,tyv2wy,2022-04-08T04:21:07Z,Lol gonna be funny when a bunch of retards do this and we get a dotcom level bust and the Nasdaq takes 15 years to get back to where it was.
231,wallstreetbets,"Wheel TQQQ with double margin or you're a fucking retard. Updated, positions.",1.0,tyv2wy,2022-04-08T04:20:51Z,Jebus..
232,wallstreetbets,Good Ole Fashioned 3X Inverse ETF Gainz...SQQQ,1.0,te5z4p,2022-03-14T19:45:11Z,"
**User Report**| | | |
:--|:--|:--|:--
**Total Submissions**|94|**First Seen In WSB**|1 year ago
**Total Comments**|270|**Previous DD**|[x](https://www.reddit.com/r/wallstreetbets/comments/lt1f1v/rkt_check_the_short_interest_zero_borrow_can_you/) 
**Account Age**|1 year|[^scan ^comment ](https://www.reddit.com/message/compose/?to=VisualMod&subject=scan_comment&message=Replace%20this%20text%20with%20a%20comment%20ID%20(which%20looks%20like%20h26cq3k\)%20to%20have%20the%20bot%20scan%20your%20comment%20and%20correct%20your%20first%20seen%20date.)|[^scan ^submission ](https://www.reddit.com/message/compose/?to=VisualMod&subject=scan_submission&message=Replace%20this%20text%20with%20a%20submission%20ID%20(which%20looks%20like%20h26cq3k\)%20to%20have%20the%20bot%20scan%20your%20submission%20and%20correct%20your%20first%20seen%20date.)
**Vote Spam (NEW)**|[Click to Vote](https://www.reddit.com/message/compose/?to=VisualMod&subject=vote_spam&message=te5z4p)|**Vote Approve (NEW)**|[Click to Vote](https://www.reddit.com/message/compose/?to=VisualMod&subject=vote_approve&message=te5z4p)"
233,wallstreetbets,Good Ole Fashioned 3X Inverse ETF Gainz...SQQQ,28.0,te5z4p,2022-03-14T19:52:57Z,man fuk u. but congrats.
234,wallstreetbets,Good Ole Fashioned 3X Inverse ETF Gainz...SQQQ,14.0,te5z4p,2022-03-14T20:23:52Z,Buy me lunch. We're all in this together
235,wallstreetbets,Good Ole Fashioned 3X Inverse ETF Gainz...SQQQ,11.0,te5z4p,2022-03-14T23:12:47Z,"Wow that‚Äôs impressive, and in the ROTH.  Congrats and fuck you"
236,wallstreetbets,Good Ole Fashioned 3X Inverse ETF Gainz...SQQQ,5.0,te5z4p,2022-03-14T23:06:14Z,Hope you stub your toe in the middle of the night and the cat freaks out and claws your nutsack while your sprawled out on the cold floor already in agony. But congrats or whatever
237,wallstreetbets,Good Ole Fashioned 3X Inverse ETF Gainz...SQQQ,5.0,te5z4p,2022-03-14T21:35:08Z,I sold my SQQQ shares today
238,wallstreetbets,Good Ole Fashioned 3X Inverse ETF Gainz...SQQQ,1.0,te5z4p,2022-03-15T16:04:22Z,Which SQQQ option contract did you buy to get the 6200%?
239,StockMarket,SPY & QQQ analysis for tomorrow's session,0.0,tqpztc,2022-03-29T03:28:21Z,"So GME to the moon and SPY to the floor?

/s"
240,StockMarket,SPY & QQQ analysis for tomorrow's session,1.0,tqpztc,2022-03-29T05:00:28Z,"Chip day tomorrow.

US Senate Votes 68-28 To Advance $52 Billion Chips Subsidy Bill In Effort To Reach Compromise With US House - RTRS"
241,stocks,QQQ and SCHD,29.0,tqar6s,2022-03-28T15:25:16Z,"Yes.  These two etf's have very different, and excellent holdings."
242,stocks,QQQ and SCHD,6.0,tqar6s,2022-03-28T16:44:29Z,"Both are good, but SCHD is on sale right now at an almost 1% discount."
243,stocks,QQQ and SCHD,4.0,tqar6s,2022-03-28T20:59:22Z,"SCHD is an anchor holding.  Similar funds are DGRO & VYM.

Just keep accumulating shares and don't think twice if it has a bad week/month/year.  And reinvest dividends, obviously.  

= profit long-term."
244,stocks,QQQ and SCHD,3.0,tqar6s,2022-03-29T06:02:55Z,"I don't understand the purpose of investing in the QQQ when they charge a high expense ratio (relative to Vanguard products). It's also not really diversification since 2 of the stocks = \~20% of the total. It's done great over the last 5 years, but I have a feeling a truly long-term oriented investor will do better with something like the VOO."
245,stocks,QQQ and SCHD,4.0,tqar6s,2022-03-28T18:55:42Z,"I do something similar, but instead of QQQ, I invest in SCHG, which is almost the same, but smaller expense ratio (.04 vs .20)"
246,stocks,QQQ and SCHD,1.0,tqar6s,2022-03-28T15:32:18Z,"Sure but you‚Äôll be all in on US stocks, you might want to diversify some into International."
247,stocks,QQQ and SCHD,0.0,tqar6s,2022-03-28T15:16:09Z,Not clear to me how this differs in practice from just buying VOO or SPY.
248,stocks,QQQ and SCHD,1.0,tqar6s,2022-03-28T18:22:09Z,Including SCHD would diversify you away from tech into more value/dividend paying industries.  I also recommend VTI for value
249,stocks,QQQ and SCHD,1.0,tqar6s,2022-03-28T19:54:41Z,"I'm personally holding \~30% SPY + \~30% QQQ + \~20% SCHD + \~20% IWV

I like SCHD for its dividend and to balance out QQQ."
250,stocks,QQQ and SCHD,1.0,tqar6s,2022-03-28T20:37:56Z,Look up the returns and risk factors.  This may not be a great year invest in QQQ.
251,stocks,"Invesco is spending a lot of money advertising QQQ as ""access to innovation"". Does that claim hold up?",46.0,tp56y9,2022-03-26T22:13:36Z,"This post reminds me of a dude I knew in high school, who was probably autistic--back before autism was a widely-known diagnosis.

He was quite intelligent (we shared a few advanced-placement classes), but he was absolutely obsessed with making top-100 lists of various things and ranking them 1 to 100.  I went over to his house maybe once, and he had stacks of notebooks full of top-100 lists."
252,stocks,"Invesco is spending a lot of money advertising QQQ as ""access to innovation"". Does that claim hold up?",7.0,tp56y9,2022-03-26T22:38:38Z,Just hype. Companies will always represent themselves as 'innovative' or 'groundbreaking' or 'paradigm shifting'.
253,stocks,"Invesco is spending a lot of money advertising QQQ as ""access to innovation"". Does that claim hold up?",6.0,tp56y9,2022-03-26T22:32:25Z,Do an analysis on Geiko's little talking gecko saying I can save 15% on car insurance...  I'm not sure it holds up either
254,stocks,"Invesco is spending a lot of money advertising QQQ as ""access to innovation"". Does that claim hold up?",3.0,tp56y9,2022-03-26T22:45:03Z,"Good write up. I think you are too hard on big tech; I wager that they will make the most innovative products over the next decade either organically or via acquisitions. They simply have the sea of cash and the best talent to do it.

I don't even read marketing BS for any stocks/funds."
255,stocks,"Invesco is spending a lot of money advertising QQQ as ""access to innovation"". Does that claim hold up?",3.0,tp56y9,2022-03-26T23:00:55Z,QQQ's chart holds up and that's what really matters
256,stocks,"Invesco is spending a lot of money advertising QQQ as ""access to innovation"". Does that claim hold up?",1.0,tp56y9,2022-03-27T03:45:26Z,"I stopped reading when I found Tesla at a rating of 1 with a nearly 5% weighting of QQQ. 

I understand you're wanting to lump them into categories for the sake of your argument but the problem is they're far from just a car company. 

I'm not going to get into an argument on Reddit about Tesla because it becomes political but I'll just say Tesla's mission has shifted from just car manufacturing to AI and obviously mass energy storage with the goal of replacing centralized utilities. 

Ironically if Tesla was just a car company it wouldn't be valued at $1 trillion market cap and almost 5% QQQ. To drive my point home, why would ARK have Tesla as it's largest holding if it's just a car company? 

Given the purpose of your post and the market cap I think this should be reconsidered."
257,stocks,"Invesco is spending a lot of money advertising QQQ as ""access to innovation"". Does that claim hold up?",1.0,tp56y9,2022-03-26T22:53:35Z,Bag holding unfortunately.
258,stocks,"Invesco is spending a lot of money advertising QQQ as ""access to innovation"". Does that claim hold up?",1.0,tp56y9,2022-03-26T23:09:24Z,"I‚Äôm going to push back on ABNB not being innovative. They get talked about at all sort of housing conferences (even affordable housing). People in housing realize that one day ABNB will get into more traditional rental markets (one year leases or more).

Not all innovations are completely new products."
259,stocks,"Invesco is spending a lot of money advertising QQQ as ""access to innovation"". Does that claim hold up?",1.0,tp56y9,2022-03-27T02:05:24Z,"I would say no simply because the Nasdaq index has no objective related to innovation. There might be some innovative companies in there now, but are there any missing? And will it continue to hold innovative companies over time? The only way they can advertise as investing in innovation is if innovation is explicitly an objective of the index construction."
260,stocks,"Invesco is spending a lot of money advertising QQQ as ""access to innovation"". Does that claim hold up?",1.0,tp56y9,2022-03-27T03:07:47Z,No.  It's access to the companies that try to control access to innovation.  Access to investments in true innovation can be found only through the research and DD required to find companies that are seeking seed capital.
261,stocks,"Invesco is spending a lot of money advertising QQQ as ""access to innovation"". Does that claim hold up?",1.0,tp56y9,2022-03-27T08:10:37Z,Might as well power rank the Round of 64 or something
262,stocks,"Invesco is spending a lot of money advertising QQQ as ""access to innovation"". Does that claim hold up?",1.0,tp56y9,2022-03-27T10:49:01Z,QQQ is more innovative than ARKK.
263,stocks,"Invesco is spending a lot of money advertising QQQ as ""access to innovation"". Does that claim hold up?",1.0,tp56y9,2022-03-27T11:57:39Z,Imagine thinking a company that spends 41 BILLION on R&D isn't bringing any innovation to the table ( AMZN)
264,stocks,"Invesco is spending a lot of money advertising QQQ as ""access to innovation"". Does that claim hold up?",1.0,tp56y9,2022-03-27T12:58:51Z,I buy SPYG and MSFT. same thing.
265,stocks,"Invesco is spending a lot of money advertising QQQ as ""access to innovation"". Does that claim hold up?",-2.0,tp56y9,2022-03-27T02:31:36Z,TLDR - QQQ expense ratio is 0.2 %.  It is a shitty investment unless you are using it to cover options positions - its only positive is that it has huge volume.
266,stocks,"Invesco is spending a lot of money advertising QQQ as ""access to innovation"". Does that claim hold up?",0.0,tp56y9,2022-03-26T23:59:01Z,It‚Äôs the most liquid way to get exposure to tech.
267,stocks,I have been DCA'ing blindly in VOO and QQQ in my Roth ever since this year started. Is there a word of caution you'd like to give?,59.0,u2wcj2,2022-04-13T18:02:52Z,Keep it up
268,stocks,I have been DCA'ing blindly in VOO and QQQ in my Roth ever since this year started. Is there a word of caution you'd like to give?,26.0,u2wcj2,2022-04-13T18:06:34Z,">is QQQ a risky index

Some of the most progressive and innovative companies in the world including Microsoft, Amazon, Tesla, Nivida, Apple, Meta, Costco, Cisco, Verizon and Pepsi? I think you'll be okay."
269,stocks,I have been DCA'ing blindly in VOO and QQQ in my Roth ever since this year started. Is there a word of caution you'd like to give?,11.0,u2wcj2,2022-04-13T18:44:38Z,"Do exactly what you're doing, it'll seem like you're throwing money away in a downturn but you'll be very glad you bought when things eventually head back up. If you want to overexpose to tech, buy QQQM rather than QQQ. The maintenance fee is lower."
270,stocks,I have been DCA'ing blindly in VOO and QQQ in my Roth ever since this year started. Is there a word of caution you'd like to give?,16.0,u2wcj2,2022-04-13T18:37:11Z,Don't stop in 2022. Keep going for another 20 years.
271,stocks,I have been DCA'ing blindly in VOO and QQQ in my Roth ever since this year started. Is there a word of caution you'd like to give?,3.0,u2wcj2,2022-04-13T18:17:19Z,"QQQ isn't ""risky"" like a single stock is risky, but it has a bigger portion allocated to not-yet-profitable companies, technology, and smaller capitalizations, while lacking the sector diversity of the S&P (by some fairly accepted measures). 

That being said, you're doing great, and you have no reason for concern with QQQ. It's a great index that captures good components of US stocks left out of the S&P

If there were one single improvement, I'd say maybe add some more international exposure, like emerging markets, as you're currently quite concentrated in the states."
272,stocks,I have been DCA'ing blindly in VOO and QQQ in my Roth ever since this year started. Is there a word of caution you'd like to give?,2.0,u2wcj2,2022-04-13T22:17:49Z,"There is something to worry about, and that is listening to and reading too much online persons/communities. A lot of doomsayers naysayers self-proclaimed oracles will talk a lot in all directions. Just don't listen, you're young be frugal keep buying that's it.

QQQ isn't risky, it's more volatile. Not the same thing essentially. Since you're young you can stomach volatility, in the long run QQQ might outperform SPX. So wise idea to buy into it as well."
273,stocks,I have been DCA'ing blindly in VOO and QQQ in my Roth ever since this year started. Is there a word of caution you'd like to give?,2.0,u2wcj2,2022-04-13T18:49:02Z,Qqq tracks the nasdaq 100 and historically the nasdaq lists mainly tech stocks. Tech is and has been at historic highs as of late and has been falling. Take that as you will.
274,stocks,I have been DCA'ing blindly in VOO and QQQ in my Roth ever since this year started. Is there a word of caution you'd like to give?,1.0,u2wcj2,2022-04-13T18:53:10Z,You might lose money in the short term but it's definitely a good strategy
275,stocks,I have been DCA'ing blindly in VOO and QQQ in my Roth ever since this year started. Is there a word of caution you'd like to give?,1.0,u2wcj2,2022-04-13T19:05:51Z,Don't stop or sell
276,stocks,I have been DCA'ing blindly in VOO and QQQ in my Roth ever since this year started. Is there a word of caution you'd like to give?,1.0,u2wcj2,2022-04-13T19:10:32Z,"Is there a word of caution you'd like to give?

If u don't hold it, then u don't own it

Good Luck!"
277,stocks,I have been DCA'ing blindly in VOO and QQQ in my Roth ever since this year started. Is there a word of caution you'd like to give?,1.0,u2wcj2,2022-04-13T19:50:49Z,keep it up and don't look at it in the short term
278,stocks,I have been DCA'ing blindly in VOO and QQQ in my Roth ever since this year started. Is there a word of caution you'd like to give?,1.0,u2wcj2,2022-04-13T20:24:42Z,Word of caution: careful not to invest too little in the coming decades
279,stocks,I have been DCA'ing blindly in VOO and QQQ in my Roth ever since this year started. Is there a word of caution you'd like to give?,1.0,u2wcj2,2022-04-13T20:50:14Z,Ignore the noise. Keep investing. And don‚Äôt keep looking at your account
280,stocks,I have been DCA'ing blindly in VOO and QQQ in my Roth ever since this year started. Is there a word of caution you'd like to give?,1.0,u2wcj2,2022-04-13T22:17:35Z,"No.  It's a retirement account. Buying and holding an index fund is the safest thing you can do. It's also the best at returns compared to a stock picker or mutual fund or managed account.  Your horizon is retirement in 10, 20, 30 years not what the market did this week or today."
281,stocks,I have been DCA'ing blindly in VOO and QQQ in my Roth ever since this year started. Is there a word of caution you'd like to give?,1.0,u2wcj2,2022-04-13T23:15:19Z,"Get out of QQQ. High expense ratio. Doesn't make sense if you want to compound for decade. Also not true diversification. The VOO gives you plenty of tech exposure. The top positions in VOO are Apple, Microsoft, Alphabet, Amazon, Tesla, NVIDIA, Meta, etc"
282,stocks,I have been DCA'ing blindly in VOO and QQQ in my Roth ever since this year started. Is there a word of caution you'd like to give?,1.0,u2wcj2,2022-04-13T23:32:59Z,"You're not late. I'm 37 and just barely getting my nest egg started here.

Shit happens. In my case the Great Recession and COVID really fucked up our finances.

I couldn't find rewarding work during the Recession for several years, so I went into debt. Nobody was hiring fresh college grads so I had to work in a call center and it didn't pay the bills.

During the COVID crisis the employer I was with at the time cut our salaries 20%.

I also had a son with chronic health issues which wasn't cheap for quite some time.

I'm doing fine now, as I found a better job. I'm able to put in as much in one year as I could in the last 10, but anyway the point is shit happens. Life is random and unfair and it's not always a person's fault they didn't have an investment account by the time they're in their late 20s.

I'd go as far as to argue people with investment accounts in their late 20s are way ahead of the game considering 50% of the US population lives paycheck to paycheck."
283,stocks,I have been DCA'ing blindly in VOO and QQQ in my Roth ever since this year started. Is there a word of caution you'd like to give?,1.0,u2wcj2,2022-04-14T02:57:23Z,"At your age dont even worry about it, the up and down you see in the next 2-3 years will be nothing in comparison of you gains long term. Qqq tend to go lower and higher than VOO but there curves are quite similar."
284,stocks,I have been DCA'ing blindly in VOO and QQQ in my Roth ever since this year started. Is there a word of caution you'd like to give?,1.0,u2wcj2,2022-04-14T03:16:15Z,"Might look at equal weighted nasdaq funds to be less concentrated in the largest caps, look at large cap corporate debt funds like VCSH and/or  indexes that sell covered calls like JEPI or QYLD"
285,stocks,I have been DCA'ing blindly in VOO and QQQ in my Roth ever since this year started. Is there a word of caution you'd like to give?,1.0,u2wcj2,2022-04-14T03:25:39Z,Is VOO a better choice than VTI?
286,stocks,I have been DCA'ing blindly in VOO and QQQ in my Roth ever since this year started. Is there a word of caution you'd like to give?,1.0,u2wcj2,2022-04-14T03:43:01Z,add some schd as you get older
287,stocks,I have been DCA'ing blindly in VOO and QQQ in my Roth ever since this year started. Is there a word of caution you'd like to give?,1.0,u2wcj2,2022-04-14T03:52:59Z,"Please just make sure you don‚Äôt exceed that $6,000 threshold if this is a ROTH (IRA) for each calendar year! Just please don‚Äôt do it!"
288,stocks,I have been DCA'ing blindly in VOO and QQQ in my Roth ever since this year started. Is there a word of caution you'd like to give?,1.0,u2wcj2,2022-04-14T04:56:13Z,Id consider QQQ/VOO/CAPD equal. But could totally leave it and accumulate as much as you can. CAPD has beat VOO with reinvested dividend like 9 of 11 years in this runup and its a value ETN. The returns were practical same on that portfolio as yours during 11 years of printing.
289,stocks,I have been DCA'ing blindly in VOO and QQQ in my Roth ever since this year started. Is there a word of caution you'd like to give?,1.0,u2wcj2,2022-04-14T06:04:52Z,I would add some VT
290,stocks,I have been DCA'ing blindly in VOO and QQQ in my Roth ever since this year started. Is there a word of caution you'd like to give?,1.0,u2wcj2,2022-04-14T06:24:54Z,XLE PAVE
291,stocks,I have been DCA'ing blindly in VOO and QQQ in my Roth ever since this year started. Is there a word of caution you'd like to give?,1.0,u2wcj2,2022-04-14T06:39:14Z,You might do 5-10% into VNQ (an ETF for REITs)
292,stocks,I have been DCA'ing blindly in VOO and QQQ in my Roth ever since this year started. Is there a word of caution you'd like to give?,1.0,u2wcj2,2022-04-14T08:44:06Z,QQQM has a cheaper expense ratio. Will pay off long term.
293,stocks,I have been DCA'ing blindly in VOO and QQQ in my Roth ever since this year started. Is there a word of caution you'd like to give?,-2.0,u2wcj2,2022-04-13T21:58:07Z,"TQQQ + VOO would give you a better risk parity at 27.  Either way, good going and good luck!"
294,stocks,Is it silly to hold both QQQ and FTEC (or VGT) at the same time?,12.0,tfva8y,2022-03-16T22:57:43Z,It's not silly. As long as you understand the overlap and weight accordingly.
295,stocks,Is it silly to hold both QQQ and FTEC (or VGT) at the same time?,6.0,tfva8y,2022-03-16T23:59:31Z,Not dumb if your bullish on large cap tech.
296,stocks,Is it silly to hold both QQQ and FTEC (or VGT) at the same time?,2.0,tfva8y,2022-03-17T15:37:27Z,"I love this site.

https://www.etfrc.com/funds/overlap.php

Says QQQ and VGT have a 49% overlap. VGT is overweight AAPL and MSFT and doesn't include GOOGL or AMZN."
297,stocks,Is it silly to hold both QQQ and FTEC (or VGT) at the same time?,1.0,tfva8y,2022-03-16T23:13:42Z,it's not silly but the possible problem is the ETFs will tend to move in tandem because they're dominated by the same stocks. FTEC doesn't give you as much of a hedge as something completely different from QQQ ... emerging market high-dividend stocks or Japanese small caps
298,stocks,Is it silly to hold both QQQ and FTEC (or VGT) at the same time?,1.0,tfva8y,2022-03-17T23:42:06Z,"If one falls  just take the loss and put it in the other one. Tax deduction, No wash sale, same stocks."
299,stocks,Different types of QQQ and are fractional shares possible to invest in,1.0,tnr0cc,2022-03-25T17:02:30Z,"Welcome to r/stocks!

For stock recommendations please see our portfolio sticky, sort by hot, it's the first sticky, or see [past portfolio stickies here.](https://www.reddit.com/r/stocks/search?q=author%3Aautomoderator+title%3A%22Rate+My+Portfolio%22&restrict_sr=on&sort=new&t=all)

For beginner advice, brokerage info, book recommendations, even advanced topics and more, please read our [Wiki here.](https://www.reddit.com/r/stocks/wiki/index)

If you're wondering **why a stock moved** a certain way, check out [Finviz](https://finviz.com/quote.ashx?t=spy) which aggregates the most news for almost every stock, but also see [Reuters](https://www.reuters.com/), and even [Yahoo Finance](https://finance.yahoo.com/).

Also include *some* [due diligence](https://www.investopedia.com/terms/d/duediligence.asp) to this post or it may be removed if it's low effort.

*I am a bot, and this action was performed automatically. Please [contact the moderators of this subreddit](/message/compose/?to=/r/stocks) if you have any questions or concerns.*"
300,stocks,Different types of QQQ and are fractional shares possible to invest in,4.0,tnr0cc,2022-03-25T17:29:53Z,"QQQ is the nasdaq ticker of the Invesco QQQ Trust Series 1 ETF. There‚Äôs only one QQQ but there are many companies that offer products with a similar allocation. 

I‚Äôd stick with the original and definitely ignore any leveraged versions (TQQQ is a 3x leveraged offering from proshares). 

Most major brokerages allow for fractional etf investing."
301,stocks,Different types of QQQ and are fractional shares possible to invest in,4.0,tnr0cc,2022-03-25T19:14:25Z,"I'm now buying QQQM, which is basically the same thing as QQQ but with a lower MER, lower volume, and extremely small differences in composition."
302,investing,SCHD/QQQM for the long term?,15.0,tsgjln,2022-03-30T20:14:05Z,"Is the portfolio tax advantaged or not?

I like SCHD but only have it in my Roth Ira"
303,investing,SCHD/QQQM for the long term?,12.0,tsgjln,2022-03-30T20:28:30Z,"Large cap value + large cap growth = broad large cap (with some slippage in the specific products you mention because dividend style =/= value style). So you could buy VOO, cut your fees, and simplify the portfolio. 

Same goes for adding small cap or international, buy a US all-cap ETF or developed world or ACWI product and let the market do the rest. You may be creating work for yourself by assembling the pieces by hand."
304,investing,SCHD/QQQM for the long term?,2.0,tsgjln,2022-03-30T23:53:48Z,"SCHD, SCHV and SCHG are a good way to diversify. Also like some real estate names for income like ADC, O, STAG. These 3 all pay a monthly dividend that i drip to compound. Income will double by the time i retire without adding any new money."
305,investing,SCHD/QQQM for the long term?,2.0,tsgjln,2022-03-31T10:07:51Z,"I'm not familiar with those other funds, but I really like SCHD. Basically tracks the market and pays dividends. There's also SCHY for international dividends. I go all in on Schwab funds though. The expense ratios are too low not too."
306,investing,SCHD/QQQM for the long term?,3.0,tsgjln,2022-03-30T22:48:24Z,Just do a mix of QQQ and VOO and call it a day. I‚Äôm about 80/20 in my portfolio
