Unnamed: 0,stock,subreddit,type,post_title,selftext,ups,id,time,day
0,nflx,wallstreetbets,POST,NFLX | 5/20 280P 6 Bagger | Sold at Open,,24.0,u8e4tf,2022-04-21T03:25:45Z,2022-04-21
1,nflx,wallstreetbets,COMMENT,NFLX | 5/20 280P 6 Bagger | Sold at Open,"Yes. This is a casino, take it when it comes.",4.0,u8e4tf,2022-04-21T03:36:14Z,2022-04-21
2,nflx,wallstreetbets,COMMENT,NFLX | 5/20 280P 6 Bagger | Sold at Open,Good job broðŸ™ðŸ¾ðŸ™ðŸ¾ðŸ™ðŸ¾,3.0,u8e4tf,2022-04-21T03:31:58Z,2022-04-21
3,nflx,wallstreetbets,COMMENT,NFLX | 5/20 280P 6 Bagger | Sold at Open,"Hey, if you haven't already, please reply to this comment with your positions and what led you to enter or exit them!

*I am a bot, and this action was performed automatically. Please [contact the moderators of this subreddit](/message/compose/?to=/r/wallstreetbets) if you have any questions or concerns.*",1.0,u8e4tf,2022-04-21T03:25:45Z,2022-04-21
4,nflx,wallstreetbets,COMMENT,NFLX | 5/20 280P 6 Bagger | Sold at Open,I've been researching this for two weeks and I still can't wrap my head around options trading. Seems like little money and big rewards. Plus it's it hard to get into? Approved? Etc?,0.0,u8e4tf,2022-04-21T03:30:07Z,2022-04-21
10,nflx,wallstreetbets,COMMENT,Did #NFLX split its stock?,If they keep this up they will be doing a reverse split...,2.0,u89c8d,2022-04-21T00:36:05Z,2022-04-21
14,nflx,wallstreetbets,COMMENT,Yolo $nflx puts,You bastard. Congrats and fuck you.,7.0,u89baj,2022-04-21T00:05:08Z,2022-04-21
17,nflx,wallstreetbets,COMMENT,Yolo $nflx puts,Are u still holding ? do U really think the price will still go down,1.0,u89baj,2022-04-21T02:04:11Z,2022-04-21
23,nflx,wallstreetbets,COMMENT,I think $NFLX is ok to buy now. Will get in $TSLA after this happens there too.,Tesla aint going nowhere,10.0,u879m4,2022-04-21T00:25:52Z,2022-04-21
27,nflx,wallstreetbets,COMMENT,I think $NFLX is ok to buy now. Will get in $TSLA after this happens there too.,The next time Tesla dips this low will be when the stock splits. Good luck assuming it will drop to $200 per share. Way too many hands in that cookie jar for it to happen.,5.0,u879m4,2022-04-21T01:56:07Z,2022-04-21
29,nflx,wallstreetbets,COMMENT,I think $NFLX is ok to buy now. Will get in $TSLA after this happens there too.,Just wait for the Cramer redlight to go,3.0,u879m4,2022-04-21T01:10:20Z,2022-04-21
30,nflx,wallstreetbets,COMMENT,I think $NFLX is ok to buy now. Will get in $TSLA after this happens there too.,I think a p/e of 15 is reasonable for Netflix. Wouldnâ€™t touch until then,3.0,u879m4,2022-04-21T02:58:57Z,2022-04-21
36,nflx,wallstreetbets,COMMENT,I think $NFLX is ok to buy now. Will get in $TSLA after this happens there too.,I bought the dips dip,2.0,u879m4,2022-04-21T01:48:28Z,2022-04-21
37,nflx,wallstreetbets,COMMENT,I think $NFLX is ok to buy now. Will get in $TSLA after this happens there too.,Now put your hands up on my hip!,2.0,u879m4,2022-04-21T01:56:06Z,2022-04-21
38,nflx,wallstreetbets,COMMENT,I think $NFLX is ok to buy now. Will get in $TSLA after this happens there too.,"The chart looks to continue falling, getting in right now is gambling",2.0,u879m4,2022-04-21T02:27:46Z,2022-04-21
39,nflx,wallstreetbets,COMMENT,I think $NFLX is ok to buy now. Will get in $TSLA after this happens there too.,Agreed with Gretzki99.,2.0,u879m4,2022-04-21T02:28:29Z,2022-04-21
40,nflx,wallstreetbets,COMMENT,I think $NFLX is ok to buy now. Will get in $TSLA after this happens there too.,Buy the dipshit,2.0,u879m4,2022-04-21T02:40:13Z,2022-04-21
41,nflx,wallstreetbets,COMMENT,I think $NFLX is ok to buy now. Will get in $TSLA after this happens there too.,The price matches what it was in December 2018. I'm in if it drops to $100.,2.0,u879m4,2022-04-21T02:54:34Z,2022-04-21
42,nflx,wallstreetbets,COMMENT,I think $NFLX is ok to buy now. Will get in $TSLA after this happens there too.,Buying at $70ish.,2.0,u879m4,2022-04-21T03:23:20Z,2022-04-21
43,nflx,wallstreetbets,COMMENT,I think $NFLX is ok to buy now. Will get in $TSLA after this happens there too.,It's going lower still,2.0,u879m4,2022-04-21T04:35:24Z,2022-04-21
66,nflx,wallstreetbets,COMMENT,State of California lost approximately $685M on NFLX position,"The budget cuts have begun and Netflix is getting dumber. Their thinking must have been, ""Well, kids don't have money. Let's start cutting in animation."" Little do they realize that probably half of their subscribers are parents who don't watch, but have it for their kids. This is going to get much worse. Sourced Article [HERE](https://ca.movies.yahoo.com/netflix-animation-erased-executives-fired-220251819.html?guccounter=1&guce_referrer=aHR0cHM6Ly93d3cucmVkZGl0LmNvbS8&guce_referrer_sig=AQAAANseaSjRvuNosrPZOiXHpU_umK2QOotXEeGI8MaGOl4MjeBYGiSLKs_0noDuUEcXH0ALKS7VGD7g1-OqbIk9Ig7emyZ-JkVf-d9EuHz4DT51pnX1mbS3Wu5vRLrtZbiXLhTPgkNeltwIv_F21v6ITwQlEkkAa1Q45KmnoSpZwCAF)",2.0,u8745q,2022-04-21T01:12:52Z,2022-04-21
78,nflx,wallstreetbets,COMMENT,State of California lost approximately $685M on NFLX position,Go woke go broke,1.0,u8745q,2022-04-21T00:39:26Z,2022-04-21
92,nflx,wallstreetbets,COMMENT,State of California lost approximately $685M on NFLX position,"ONE
OF 
US",1.0,u8745q,2022-04-21T00:04:30Z,2022-04-21
93,nflx,wallstreetbets,COMMENT,State of California lost approximately $685M on NFLX position,This aint good for me. I work for a school districtâ€¦ I hope we get a year free of Netflix at least.,1.0,u8745q,2022-04-21T00:09:19Z,2022-04-21
94,nflx,wallstreetbets,COMMENT,State of California lost approximately $685M on NFLX position,I can't wait for the next episode of Chad Money.,1.0,u8745q,2022-04-21T00:14:44Z,2022-04-21
95,nflx,wallstreetbets,COMMENT,State of California lost approximately $685M on NFLX position,Yeah but at what purchase price? If they got in pre IPO theyâ€™re probably still hedging against the position.,1.0,u8745q,2022-04-21T00:22:56Z,2022-04-21
96,nflx,wallstreetbets,COMMENT,State of California lost approximately $685M on NFLX position,https://www.entireweb.com/?a=Piffgreen,1.0,u8745q,2022-04-21T00:29:52Z,2022-04-21
97,nflx,wallstreetbets,COMMENT,State of California lost approximately $685M on NFLX position,Calpers wanted Warren Buffet to lose his job for some reason.,1.0,u8745q,2022-04-21T00:31:13Z,2022-04-21
98,nflx,wallstreetbets,COMMENT,State of California lost approximately $685M on NFLX position,There goes our gas rebate ðŸ˜¤,1.0,u8745q,2022-04-21T00:33:05Z,2022-04-21
99,nflx,wallstreetbets,COMMENT,State of California lost approximately $685M on NFLX position,Lol,1.0,u8745q,2022-04-21T00:35:59Z,2022-04-21
100,nflx,wallstreetbets,COMMENT,State of California lost approximately $685M on NFLX position,As a California state worker I'm not sure if I'm proud or not.,1.0,u8745q,2022-04-21T00:52:29Z,2022-04-21
101,nflx,wallstreetbets,COMMENT,State of California lost approximately $685M on NFLX position,Those dummies threw money at retirees in 1999 creating a never-ending shortfall since.,1.0,u8745q,2022-04-21T01:17:33Z,2022-04-21
102,nflx,wallstreetbets,COMMENT,State of California lost approximately $685M on NFLX position,Today boot loose when you sell :p,1.0,u8745q,2022-04-21T01:17:40Z,2022-04-21
103,nflx,wallstreetbets,COMMENT,State of California lost approximately $685M on NFLX position,Shouldn't have divested from gun manufacturers.,1.0,u8745q,2022-04-21T01:22:28Z,2022-04-21
104,nflx,wallstreetbets,COMMENT,State of California lost approximately $685M on NFLX position,LMAO the thought of some junior accountant having to play FD's this week to make sure a million boomers don't lose everything they put into retirement.,1.0,u8745q,2022-04-21T01:29:46Z,2022-04-21
105,nflx,wallstreetbets,COMMENT,State of California lost approximately $685M on NFLX position,They will just blame this on the illuminati or some other boogeyman,1.0,u8745q,2022-04-21T01:37:38Z,2022-04-21
106,nflx,wallstreetbets,COMMENT,State of California lost approximately $685M on NFLX position,FUCK NETFLIX,1.0,u8745q,2022-04-21T01:50:56Z,2022-04-21
107,nflx,wallstreetbets,COMMENT,State of California lost approximately $685M on NFLX position,Should have yolo'd on TSLA ðŸ¤·ðŸ¼,1.0,u8745q,2022-04-21T01:53:52Z,2022-04-21
108,nflx,wallstreetbets,COMMENT,State of California lost approximately $685M on NFLX position,Position or ban,1.0,u8745q,2022-04-21T01:54:10Z,2022-04-21
109,nflx,wallstreetbets,COMMENT,State of California lost approximately $685M on NFLX position,"Just heard the price is right ""lose horn"" in my head when I saw this.",1.0,u8745q,2022-04-21T01:54:42Z,2022-04-21
110,nflx,wallstreetbets,COMMENT,State of California lost approximately $685M on NFLX position,But Buffett is the problem Calpers?,1.0,u8745q,2022-04-21T01:58:05Z,2022-04-21
111,nflx,wallstreetbets,COMMENT,State of California lost approximately $685M on NFLX position,god i canâ€™t wait till i canâ€™t retire. thanks daddy gav,1.0,u8745q,2022-04-21T01:58:21Z,2022-04-21
112,nflx,wallstreetbets,COMMENT,State of California lost approximately $685M on NFLX position,Couldn't happen to a nicer bunch of fellas,1.0,u8745q,2022-04-21T02:05:43Z,2022-04-21
113,nflx,wallstreetbets,COMMENT,State of California lost approximately $685M on NFLX position,This is why I don't think we are going to see a crash. Tech stocks have been getting crushed for over a year. A lot of them have lost like 50-80 percent already. Idk how much more bears want these stocks to go down.,1.0,u8745q,2022-04-21T02:11:34Z,2022-04-21
114,nflx,wallstreetbets,COMMENT,State of California lost approximately $685M on NFLX position,Good. Fuck the California government and its employees.,1.0,u8745q,2022-04-21T02:25:01Z,2022-04-21
115,nflx,wallstreetbets,COMMENT,State of California lost approximately $685M on NFLX position,I bet their oil stocks are way up right now though...,1.0,u8745q,2022-04-21T02:38:30Z,2022-04-21
116,nflx,wallstreetbets,COMMENT,State of California lost approximately $685M on NFLX position,Anybody else YOLO in?,1.0,u8745q,2022-04-21T02:38:37Z,2022-04-21
117,nflx,wallstreetbets,COMMENT,State of California lost approximately $685M on NFLX position,Watch the woke states and companies self-immolate muahahahaha!!,1.0,u8745q,2022-04-21T03:07:38Z,2022-04-21
118,nflx,wallstreetbets,COMMENT,State of California lost approximately $685M on NFLX position,Deerr,1.0,u8745q,2022-04-21T03:14:16Z,2022-04-21
119,nflx,wallstreetbets,COMMENT,State of California lost approximately $685M on NFLX position,I'm gonna just Hulu and Chill,1.0,u8745q,2022-04-21T03:29:12Z,2022-04-21
120,nflx,wallstreetbets,COMMENT,State of California lost approximately $685M on NFLX position,It's only a loss when you sell,1.0,u8745q,2022-04-21T03:32:15Z,2022-04-21
121,nflx,wallstreetbets,COMMENT,State of California lost approximately $685M on NFLX position,"But JimmyChill said ""BUY NETFLIX!"" Jan. 3rd, 2022 @ 9:12am.

https://twitter.com/jimcramer/status/1478006335253929987?t=L66YevYKqkBU7m5ON2cYNg&s=19

So he gave the Boomers 3 months to load up and then they dumped their bags on em. Fuck your retirement, right? It's just another 08 but it's Russia, right?

Jimmy, Jimmy, Jimmy...",1.0,u8745q,2022-04-21T03:33:27Z,2022-04-21
122,nflx,wallstreetbets,COMMENT,State of California lost approximately $685M on NFLX position,Source?,1.0,u8745q,2022-04-21T03:46:52Z,2022-04-21
123,nflx,wallstreetbets,COMMENT,State of California lost approximately $685M on NFLX position,"Ok. What relevance does this hold to this sub? Cool, CA lost a little money on NFLX, so puts on CA? GTFO with posting stupid recycled news stories with the hope for some upvotes.",1.0,u8745q,2022-04-21T04:22:16Z,2022-04-21
124,nflx,wallstreetbets,COMMENT,State of California lost approximately $685M on NFLX position,Good thing i dont have a job,1.0,u8745q,2022-04-21T04:27:14Z,2022-04-21
125,nflx,wallstreetbets,COMMENT,State of California lost approximately $685M on NFLX position,"In before the State of California tweets out 

â€œðŸ’ŽðŸ™Œâ€",1.0,u8745q,2022-04-21T04:32:26Z,2022-04-21
146,nflx,wallstreetbets,COMMENT,3.6k to 55k overnight 10 NFLX $300P 4/22,the jealousy is real,2.0,u85v4j,2022-04-21T00:29:33Z,2022-04-21
153,nflx,wallstreetbets,COMMENT,3.6k to 55k overnight 10 NFLX $300P 4/22,I don't understand how you make money off a falling stock,1.0,u85v4j,2022-04-21T00:38:29Z,2022-04-21
154,nflx,wallstreetbets,COMMENT,3.6k to 55k overnight 10 NFLX $300P 4/22,"I wasnâ€™t paying attention, how did everyone predict the puts? When did Netflix do their earnings call?",1.0,u85v4j,2022-04-21T01:38:03Z,2022-04-21
155,nflx,wallstreetbets,COMMENT,3.6k to 55k overnight 10 NFLX $300P 4/22,Can u explain why you thought this would tank? Or was it just a gamble?,1.0,u85v4j,2022-04-21T02:47:26Z,2022-04-21
164,nflx,wallstreetbets,COMMENT,NFLX update:$704 to just shy of $14k,How have you made profit from Netflix stock drop?,1.0,u84cse,2022-04-21T00:12:19Z,2022-04-21
188,nflx,wallstreetbets,COMMENT,$17K loss overnight selling NFLX putsâ€¦ easy money right? Didnâ€™t buy the long and got smackedâ€¦,Thatâ€™s why you donâ€™t write naked puts,1.0,u835w1,2022-04-21T00:51:22Z,2022-04-21
212,nflx,wallstreetbets,COMMENT,Love you NFLX!! 1k to 27K,>Risk Level: Safe,3.0,u81rrj,2022-04-21T00:45:01Z,2022-04-21
217,nflx,wallstreetbets,COMMENT,Love you NFLX!! 1k to 27K,"What how??
Whatâ€™s this type of investment called?",1.0,u81rrj,2022-04-21T02:35:45Z,2022-04-21
218,nflx,wallstreetbets,COMMENT,Love you NFLX!! 1k to 27K,What strike did you buy and how many DTE? Did you hedge using long calls?,1.0,u81rrj,2022-04-21T04:44:26Z,2022-04-21
269,nflx,wallstreetbets,COMMENT,NFLX PUTS 18X BAGGER 200k GAINS BRAND NEW PATEK PHILIPPE COMONG,"great work

congrats",1.0,u7yjtt,2022-04-21T00:00:07Z,2022-04-21
270,nflx,wallstreetbets,COMMENT,NFLX PUTS 18X BAGGER 200k GAINS BRAND NEW PATEK PHILIPPE COMONG,"I can easily do the same, but in reverse ðŸ˜‰  congrats",1.0,u7yjtt,2022-04-21T00:28:34Z,2022-04-21
271,nflx,wallstreetbets,COMMENT,NFLX PUTS 18X BAGGER 200k GAINS BRAND NEW PATEK PHILIPPE COMONG,Fuck you asshole congrats,1.0,u7yjtt,2022-04-21T00:58:54Z,2022-04-21
272,nflx,wallstreetbets,COMMENT,NFLX PUTS 18X BAGGER 200k GAINS BRAND NEW PATEK PHILIPPE COMONG, How much did you buy the contract for you fuck?,1.0,u7yjtt,2022-04-21T01:02:27Z,2022-04-21
273,nflx,wallstreetbets,COMMENT,NFLX PUTS 18X BAGGER 200k GAINS BRAND NEW PATEK PHILIPPE COMONG,Lol sweet Jesus,1.0,u7yjtt,2022-04-21T02:13:07Z,2022-04-21
274,nflx,wallstreetbets,COMMENT,NFLX PUTS 18X BAGGER 200k GAINS BRAND NEW PATEK PHILIPPE COMONG,Can u explain why you thought this would tank? Or was it just a gamble?,1.0,u7yjtt,2022-04-21T02:45:29Z,2022-04-21
275,nflx,wallstreetbets,COMMENT,NFLX PUTS 18X BAGGER 200k GAINS BRAND NEW PATEK PHILIPPE COMONG,Nice papertrade,1.0,u7yjtt,2022-04-21T03:17:02Z,2022-04-21
276,nflx,wallstreetbets,COMMENT,NFLX PUTS 18X BAGGER 200k GAINS BRAND NEW PATEK PHILIPPE COMONG,Trust me I can turn that into **five grand** for you. DM me.,1.0,u7yjtt,2022-04-21T03:57:10Z,2022-04-21
277,nflx,wallstreetbets,COMMENT,NFLX PUTS 18X BAGGER 200k GAINS BRAND NEW PATEK PHILIPPE COMONG,Were you hedged using long calls? Or just YOLOâ€™d on puts?,1.0,u7yjtt,2022-04-21T04:38:05Z,2022-04-21
301,nflx,wallstreetbets,COMMENT,Was about to sleep but I said f*** it NFLX gain,Sold at 4.20 boss!,1.0,u7xzne,2022-04-21T02:01:28Z,2022-04-21
313,nflx,wallstreetbets,COMMENT,NFLX saved my portfolio,Is it too late to buy puts on NFLX?,1.0,u7xvfc,2022-04-21T00:23:10Z,2022-04-21
329,nflx,wallstreetbets,COMMENT,10k on $225 NFLX puts would have netted $1.3M. Letâ€™s see if TSLA doesnâ€™t do the same,![img](emote|t5_2th52|4640),3.0,u7xr6b,2022-04-21T00:54:17Z,2022-04-21
353,nflx,wallstreetbets,COMMENT,10k on $225 NFLX puts would have netted $1.3M. Letâ€™s see if TSLA doesnâ€™t do the same,I really thought shares on Tesla were going to go down more in ah,1.0,u7xr6b,2022-04-21T00:00:55Z,2022-04-21
354,nflx,wallstreetbets,COMMENT,10k on $225 NFLX puts would have netted $1.3M. Letâ€™s see if TSLA doesnâ€™t do the same,Rip. Hopefully you'd hedged.,1.0,u7xr6b,2022-04-21T00:52:49Z,2022-04-21
355,nflx,wallstreetbets,COMMENT,10k on $225 NFLX puts would have netted $1.3M. Letâ€™s see if TSLA doesnâ€™t do the same,Never bet against Elon,1.0,u7xr6b,2022-04-21T03:57:55Z,2022-04-21
596,nflx,wallstreetbets,COMMENT,"Ah yes, $NFLX is a buy","Sound like your mother, who subscribes to my only fams",1.0,u7l2v1,2022-04-21T00:05:43Z,2022-04-21
597,nflx,wallstreetbets,COMMENT,"Ah yes, $NFLX is a buy","Sound like your mother, who subscribes to my only fans",1.0,u7l2v1,2022-04-21T00:05:49Z,2022-04-21
598,nflx,wallstreetbets,COMMENT,"Ah yes, $NFLX is a buy",Ah yes.   I will PUT the information down to buy NFLX,1.0,u7l2v1,2022-04-21T00:13:40Z,2022-04-21
599,nflx,wallstreetbets,COMMENT,"Ah yes, $NFLX is a buy",Breaking news ðŸ“° You forgot to jack off,1.0,u7l2v1,2022-04-21T00:35:41Z,2022-04-21
600,nflx,wallstreetbets,COMMENT,"Ah yes, $NFLX is a buy",Itâ€™s going to drop more,1.0,u7l2v1,2022-04-21T00:57:01Z,2022-04-21
601,nflx,wallstreetbets,COMMENT,"Ah yes, $NFLX is a buy",Cancelled mine a few weeks ago. I canâ€™t justify the cost and the mostly crap content they keep providing,1.0,u7l2v1,2022-04-21T01:15:53Z,2022-04-21
602,nflx,wallstreetbets,COMMENT,"Ah yes, $NFLX is a buy",Go woke go broke,1.0,u7l2v1,2022-04-21T01:27:21Z,2022-04-21
603,nflx,wallstreetbets,COMMENT,"Ah yes, $NFLX is a buy","They should flip the script, embrace password sharing and figure out another way to make money.",1.0,u7l2v1,2022-04-21T01:37:41Z,2022-04-21
604,nflx,wallstreetbets,COMMENT,"Ah yes, $NFLX is a buy","Exactly! And they borrowed a chunk of change to make more shows. Most are a series that are usually only watched once. And they wonâ€™t load foreign shows from Scandinavia or Europe, but half the available shows are from India or Mexico/Spain. When are they gonna learn most people in the USA donâ€™t want to watch the stuff coming out of Bollywood?

I believe we are on the cusp of a paradigm change where more people will subscribe to one maybe two streaming channels watch what you like then cancel the sub and move to another one. There is no benefit for being a 20 year Netflix subscriber, so why not replace it with HBO, Amazon Plus, Disney+, Skin-a-max, Peacock, Hulu, etcâ€¦ watch all the stuff you like and bounce when you find yourself spending too long looking for something you want to watch.",1.0,u7l2v1,2022-04-21T03:00:23Z,2022-04-21
605,nflx,wallstreetbets,COMMENT,"Ah yes, $NFLX is a buy",I sat there thought about shorting it changed my mind and shorted spy,1.0,u7l2v1,2022-04-21T03:33:04Z,2022-04-21
889,nflx,stocks,COMMENT,Bill Ackman's Pershing Square has exited the entirety of its 3.1m share stake in NFLX today,$430 million goes poof!,100.0,u89ewn,2022-04-21T00:01:53Z,2022-04-21
890,nflx,stocks,COMMENT,Bill Ackman's Pershing Square has exited the entirety of its 3.1m share stake in NFLX today,Lol Didnâ€™t wait to see if there was at least a dead cat bounce he was so disgusted.,63.0,u89ewn,2022-04-21T00:13:44Z,2022-04-21
892,nflx,stocks,COMMENT,Bill Ackman's Pershing Square has exited the entirety of its 3.1m share stake in NFLX today,"Sucks. Doesnâ€™t it 
- someone who bought PSTH",96.0,u89ewn,2022-04-21T00:04:14Z,2022-04-21
893,nflx,stocks,COMMENT,Bill Ackman's Pershing Square has exited the entirety of its 3.1m share stake in NFLX today,"I like it. You were wrong, move on. Take your loss and get in the next winner.",50.0,u89ewn,2022-04-21T00:01:49Z,2022-04-21
894,nflx,stocks,COMMENT,Bill Ackman's Pershing Square has exited the entirety of its 3.1m share stake in NFLX today,Well this is a nice turn after he profited so much by selling doomsday on CNBC while buying a shit ton of depressed calls,11.0,u89ewn,2022-04-21T01:09:22Z,2022-04-21
895,nflx,stocks,COMMENT,Bill Ackman's Pershing Square has exited the entirety of its 3.1m share stake in NFLX today,Wait didnâ€™t he buy a shitload last time Netflix shat the bed? Wow Iâ€™d be pissed if I have money invested with him.,28.0,u89ewn,2022-04-21T00:04:01Z,2022-04-21
897,nflx,stocks,COMMENT,Bill Ackman's Pershing Square has exited the entirety of its 3.1m share stake in NFLX today,"Well, that at least current holders don't have to worry about those shares anymore.  Those shares are sold and gone.  A very large dump.  I don't directly own NFLX but I own NASADQ 100 ETF.  I expect with this info that NFLX will have some degree of bounce tomorrow after maybe an initial decline.",8.0,u89ewn,2022-04-21T00:17:40Z,2022-04-21
899,nflx,stocks,COMMENT,Bill Ackman's Pershing Square has exited the entirety of its 3.1m share stake in NFLX today,I had so much  PSTH back in the day.  Happy to see this fuckface lose money.,24.0,u89ewn,2022-04-21T00:45:53Z,2022-04-21
900,nflx,stocks,COMMENT,Bill Ackman's Pershing Square has exited the entirety of its 3.1m share stake in NFLX today,Schadenfreude right here,5.0,u89ewn,2022-04-21T00:55:02Z,2022-04-21
901,nflx,stocks,COMMENT,Bill Ackman's Pershing Square has exited the entirety of its 3.1m share stake in NFLX today,What a fucking clown lmao,14.0,u89ewn,2022-04-21T00:31:25Z,2022-04-21
903,nflx,stocks,COMMENT,Bill Ackman's Pershing Square has exited the entirety of its 3.1m share stake in NFLX today,Dumb fuck,12.0,u89ewn,2022-04-21T00:05:49Z,2022-04-21
904,nflx,stocks,COMMENT,Bill Ackman's Pershing Square has exited the entirety of its 3.1m share stake in NFLX today,Fuck the spacman,9.0,u89ewn,2022-04-21T00:34:30Z,2022-04-21
905,nflx,stocks,COMMENT,Bill Ackman's Pershing Square has exited the entirety of its 3.1m share stake in NFLX today,Lmao what a clown,7.0,u89ewn,2022-04-21T00:53:55Z,2022-04-21
906,nflx,stocks,COMMENT,Bill Ackman's Pershing Square has exited the entirety of its 3.1m share stake in NFLX today,"ah this explains the selloff.

Edit: 

3.1 million shares at $400 =  $1.24 Billion

Sell 3.1 million shares at $220  = $560 million dollar loss and subsidizing shares for the entire market by 50%

If you bought NFLX thank that guy.",9.0,u89ewn,2022-04-21T00:55:15Z,2022-04-21
907,nflx,stocks,COMMENT,Bill Ackman's Pershing Square has exited the entirety of its 3.1m share stake in NFLX today,Thank goodness this guy didn't put those 430m in real estate.,3.0,u89ewn,2022-04-21T00:42:54Z,2022-04-21
908,nflx,stocks,COMMENT,Bill Ackman's Pershing Square has exited the entirety of its 3.1m share stake in NFLX today,Ackman the hack man.,7.0,u89ewn,2022-04-21T00:25:18Z,2022-04-21
909,nflx,stocks,COMMENT,Bill Ackman's Pershing Square has exited the entirety of its 3.1m share stake in NFLX today,He probably sent a text to Cathy asking if he was doing it right,9.0,u89ewn,2022-04-21T00:14:52Z,2022-04-21
910,nflx,stocks,COMMENT,Bill Ackman's Pershing Square has exited the entirety of its 3.1m share stake in NFLX today,What a moron,4.0,u89ewn,2022-04-21T00:38:54Z,2022-04-21
911,nflx,stocks,COMMENT,Bill Ackman's Pershing Square has exited the entirety of its 3.1m share stake in NFLX today,This looks really bad imo. Fwiw I hate bill lol,5.0,u89ewn,2022-04-21T00:50:13Z,2022-04-21
913,nflx,stocks,COMMENT,Bill Ackman's Pershing Square has exited the entirety of its 3.1m share stake in NFLX today,"Don't forget valeant pharmaceuticals

He's always been one of us",2.0,u89ewn,2022-04-21T00:53:04Z,2022-04-21
914,nflx,stocks,COMMENT,Bill Ackman's Pershing Square has exited the entirety of its 3.1m share stake in NFLX today,"Yâ€™all were praising him when he bought the dip last time, and shat on Cathie for selling out of it",2.0,u89ewn,2022-04-21T01:21:13Z,2022-04-21
915,nflx,stocks,COMMENT,Bill Ackman's Pershing Square has exited the entirety of its 3.1m share stake in NFLX today,"Some of these moves in context are just....wow. It's like a lot of these guys never heard of Netflix before 2020 or something. They aren't innovative, they were. The innovation is complete, copied, and improved now. The binge model can't work I don't think.",2.0,u89ewn,2022-04-21T01:38:41Z,2022-04-21
916,nflx,stocks,COMMENT,Bill Ackman's Pershing Square has exited the entirety of its 3.1m share stake in NFLX today,On 1/27/2022 here is an article about how that was a horrible buy for ackman https://www.reddit.com/r/UltimateTraders/comments/sdy0hj/1272022_daily_plays_experience_matters_as_posted/?utm_medium=android_app&utm_source=share,2.0,u89ewn,2022-04-21T00:52:52Z,2022-04-21
917,nflx,stocks,COMMENT,Bill Ackman's Pershing Square has exited the entirety of its 3.1m share stake in NFLX today,He seems to always loose.,2.0,u89ewn,2022-04-21T01:13:36Z,2022-04-21
918,nflx,stocks,COMMENT,Bill Ackman's Pershing Square has exited the entirety of its 3.1m share stake in NFLX today,This is probably going to collapse the stock price further,2.0,u89ewn,2022-04-21T01:42:01Z,2022-04-21
919,nflx,stocks,COMMENT,Bill Ackman's Pershing Square has exited the entirety of its 3.1m share stake in NFLX today,Dayum itâ€™s gonna be redder tomorrow,1.0,u89ewn,2022-04-21T01:37:04Z,2022-04-21
920,nflx,stocks,COMMENT,Bill Ackman's Pershing Square has exited the entirety of its 3.1m share stake in NFLX today,Haha ooof,1.0,u89ewn,2022-04-21T00:02:34Z,2022-04-21
921,nflx,stocks,COMMENT,Bill Ackman's Pershing Square has exited the entirety of its 3.1m share stake in NFLX today,Wow props to Bill for cutting his losses.,1.0,u89ewn,2022-04-21T02:22:54Z,2022-04-21
922,nflx,stocks,COMMENT,Bill Ackman's Pershing Square has exited the entirety of its 3.1m share stake in NFLX today,Weak pull out game.,1.0,u89ewn,2022-04-21T02:42:24Z,2022-04-21
923,nflx,stocks,COMMENT,Bill Ackman's Pershing Square has exited the entirety of its 3.1m share stake in NFLX today,That hair turned from grey to silver during that sale.,1.0,u89ewn,2022-04-21T03:04:23Z,2022-04-21
924,nflx,stocks,COMMENT,Bill Ackman's Pershing Square has exited the entirety of its 3.1m share stake in NFLX today,Oh no. Anyways,1.0,u89ewn,2022-04-21T03:14:04Z,2022-04-21
925,nflx,stocks,COMMENT,Bill Ackman's Pershing Square has exited the entirety of its 3.1m share stake in NFLX today,When the falling knife turns out to be a guillotine.,1.0,u89ewn,2022-04-21T03:20:17Z,2022-04-21
926,nflx,stocks,COMMENT,Bill Ackman's Pershing Square has exited the entirety of its 3.1m share stake in NFLX today,Heâ€™s probably selling puts now. Either way he earns money,1.0,u89ewn,2022-04-21T03:26:41Z,2022-04-21
927,nflx,stocks,COMMENT,Bill Ackman's Pershing Square has exited the entirety of its 3.1m share stake in NFLX today,Elon gonna buy out Netflix,1.0,u89ewn,2022-04-21T03:45:01Z,2022-04-21
928,nflx,stocks,COMMENT,Bill Ackman's Pershing Square has exited the entirety of its 3.1m share stake in NFLX today,Buy AAPL bill cmon,1.0,u89ewn,2022-04-21T03:59:54Z,2022-04-21
929,nflx,stocks,COMMENT,Bill Ackman's Pershing Square has exited the entirety of its 3.1m share stake in NFLX today,Fucking moron. Fully deserved.,1.0,u89ewn,2022-04-21T04:05:17Z,2022-04-21
930,nflx,stocks,COMMENT,Bill Ackman's Pershing Square has exited the entirety of its 3.1m share stake in NFLX today,I don't know why this made me laugh lmao!,1.0,u89ewn,2022-04-21T04:28:59Z,2022-04-21
931,nflx,stocks,COMMENT,Bill Ackman's Pershing Square has exited the entirety of its 3.1m share stake in NFLX today,Time to buy,0.0,u89ewn,2022-04-21T02:44:02Z,2022-04-21
951,nflx,stocks,COMMENT,"NFLX plummeted 35%, and its teammates, who were as stupid as pigs, dragged down FB, DIS, ROKU, and AMZN by themselves.",F and N are dead. There is just AAG,1.0,u7yu86,2022-04-21T00:18:32Z,2022-04-21
952,nflx,stocks,COMMENT,"NFLX plummeted 35%, and its teammates, who were as stupid as pigs, dragged down FB, DIS, ROKU, and AMZN by themselves.",Down -5% today and didnt even have Netflix :(,1.0,u7yu86,2022-04-21T00:31:16Z,2022-04-21
953,nflx,stocks,COMMENT,"NFLX plummeted 35%, and its teammates, who were as stupid as pigs, dragged down FB, DIS, ROKU, and AMZN by themselves.",I bought a share of shop at 530. Been watching it bounce for a while and wanted to grab it pre split.,1.0,u7yu86,2022-04-21T00:47:42Z,2022-04-21
989,nflx,stocks,COMMENT,Anyone else think -29% on NFLX is a bit overdone?!?,"Timing is debatable but I would agree this selloff is well overdone.  I bought a bit today.   If it goes lower I might buy more.

There is more to Netflix then it's raw net sub numbers.",3.0,u7w8nr,2022-04-21T00:02:41Z,2022-04-21
1000,nflx,stocks,COMMENT,Anyone else think -29% on NFLX is a bit overdone?!?,"Netflix has lost its way over the years. Originally, it was a disruptor bringing unlimited DVD rentals to consumers via mail for a super low price. Then, disrupting the industry more by moving to streaming. Sadly, a lot of the larger studios whose films likely account for more than HALF of all popular films in existence got smart and decided to launch their own platforms. To combat this, Netflix has been forced to invest HEAVILY in new, original content. While this has worked for the past couple years, the amount of new content (as well as the demand) just cannot keep up with the amount of lost content to other streaming services. If we look back on Netflix's origins with 20/20 hindsight, there really was no ""secret sauce"" so while they were the first to pave the way to affordable, unlimited streaming content, they are also the first to be sacrificed for the other studios/content providers to survive.",2.0,u7w8nr,2022-04-21T00:33:12Z,2022-04-21
1001,nflx,stocks,COMMENT,Anyone else think -29% on NFLX is a bit overdone?!?,"Have you ever heard of the stock market being heavily manipulated ? u/Aegabberty 

Yeah. Spreading classic FUD on a stock is normal tactics. Maybe and hopefully not being cellar boxed. Like the whole Netflix sentiment went 180 degrees on nothing else than rumors and little to no facts. 

Anyways thought Iâ€™d chime in â€¦ no one gives af about this comment",2.0,u7w8nr,2022-04-21T02:06:55Z,2022-04-21
1002,nflx,stocks,COMMENT,Anyone else think -29% on NFLX is a bit overdone?!?,Yep. So I bought at 217.,2.0,u7w8nr,2022-04-21T02:09:02Z,2022-04-21
1003,nflx,stocks,COMMENT,Anyone else think -29% on NFLX is a bit overdone?!?,Netflix is trash. Everyone knows it.,2.0,u7w8nr,2022-04-21T02:54:45Z,2022-04-21
1004,nflx,stocks,COMMENT,Anyone else think -29% on NFLX is a bit overdone?!?,no. it's still overvalued,2.0,u7w8nr,2022-04-21T03:27:25Z,2022-04-21
1005,nflx,stocks,COMMENT,Anyone else think -29% on NFLX is a bit overdone?!?,"No, the growth train has come to a full stop. Investors have revalued the stock from growth to value.",2.0,u7w8nr,2022-04-21T03:31:24Z,2022-04-21
1006,nflx,stocks,COMMENT,Anyone else think -29% on NFLX is a bit overdone?!?,"Nah, I've been thinking for the past couple of years that a >$150BN market cap was what was ""overdone"".

They're still overvalued, and they're probably never gonna be cashflow positive.

Only bag-holders will disagree.",2.0,u7w8nr,2022-04-21T03:33:35Z,2022-04-21
1007,nflx,stocks,COMMENT,Anyone else think -29% on NFLX is a bit overdone?!?,"a bargain? sure. go ahead and buy it. it's ATH was what $700+? now it's like 2 something? Netflix is going the way of Blockbuster. charging extra for sharing a fucking password, making a lower tier WITH ADS? yeah if $NFLX doesn't change something soon, they will disappear within 5y. I wouldn't dream of buying a single share of this greedy fucking company. they fucked up. hence, why they lost subscribers.

AND they lost them before even announcing this whole password sharing restriction. every movie on Netflix is some lame ass no name bullshit. fuck Netflix, I cancelled them a long time ago. shit will be <$100 within a year, I bet.",2.0,u7w8nr,2022-04-21T03:35:43Z,2022-04-21
1008,nflx,stocks,COMMENT,Anyone else think -29% on NFLX is a bit overdone?!?,There is no growth left in streaming its tapped out.,2.0,u7w8nr,2022-04-21T03:38:00Z,2022-04-21
1024,nflx,stocks,COMMENT,Anyone else think -29% on NFLX is a bit overdone?!?,"Netflix will bounce back remember Reed Hastings runs the company- they find way of tightening subscriber password sharing, content and advertising- everyone dumps and three month later buys back",1.0,u7w8nr,2022-04-21T00:11:50Z,2022-04-21
1333,tsla,wallstreetbets,COMMENT,I think $NFLX is ok to buy now. Will get in $TSLA after this happens there too.,Tesla aint going nowhere,9.0,u879m4,2022-04-21T00:25:52Z,2022-04-21
1337,tsla,wallstreetbets,COMMENT,I think $NFLX is ok to buy now. Will get in $TSLA after this happens there too.,The next time Tesla dips this low will be when the stock splits. Good luck assuming it will drop to $200 per share. Way too many hands in that cookie jar for it to happen.,5.0,u879m4,2022-04-21T01:56:07Z,2022-04-21
1339,tsla,wallstreetbets,COMMENT,I think $NFLX is ok to buy now. Will get in $TSLA after this happens there too.,Just wait for the Cramer redlight to go,3.0,u879m4,2022-04-21T01:10:20Z,2022-04-21
1340,tsla,wallstreetbets,COMMENT,I think $NFLX is ok to buy now. Will get in $TSLA after this happens there too.,I think a p/e of 15 is reasonable for Netflix. Wouldnâ€™t touch until then,3.0,u879m4,2022-04-21T02:58:57Z,2022-04-21
1346,tsla,wallstreetbets,COMMENT,I think $NFLX is ok to buy now. Will get in $TSLA after this happens there too.,I bought the dips dip,2.0,u879m4,2022-04-21T01:48:28Z,2022-04-21
1347,tsla,wallstreetbets,COMMENT,I think $NFLX is ok to buy now. Will get in $TSLA after this happens there too.,Now put your hands up on my hip!,2.0,u879m4,2022-04-21T01:56:06Z,2022-04-21
1348,tsla,wallstreetbets,COMMENT,I think $NFLX is ok to buy now. Will get in $TSLA after this happens there too.,"The chart looks to continue falling, getting in right now is gambling",2.0,u879m4,2022-04-21T02:27:46Z,2022-04-21
1349,tsla,wallstreetbets,COMMENT,I think $NFLX is ok to buy now. Will get in $TSLA after this happens there too.,Agreed with Gretzki99.,2.0,u879m4,2022-04-21T02:28:29Z,2022-04-21
1350,tsla,wallstreetbets,COMMENT,I think $NFLX is ok to buy now. Will get in $TSLA after this happens there too.,Buy the dipshit,2.0,u879m4,2022-04-21T02:40:13Z,2022-04-21
1351,tsla,wallstreetbets,COMMENT,I think $NFLX is ok to buy now. Will get in $TSLA after this happens there too.,The price matches what it was in December 2018. I'm in if it drops to $100.,2.0,u879m4,2022-04-21T02:54:34Z,2022-04-21
1352,tsla,wallstreetbets,COMMENT,I think $NFLX is ok to buy now. Will get in $TSLA after this happens there too.,Buying at $70ish.,2.0,u879m4,2022-04-21T03:23:20Z,2022-04-21
1353,tsla,wallstreetbets,COMMENT,I think $NFLX is ok to buy now. Will get in $TSLA after this happens there too.,It's going lower still,2.0,u879m4,2022-04-21T04:35:24Z,2022-04-21
1366,tsla,wallstreetbets,COMMENT,$TSLA BULLS RISE UP!!,Deebo Samuel knows hype,1.0,u86dg6,2022-04-21T00:30:09Z,2022-04-21
1367,tsla,wallstreetbets,COMMENT,$TSLA BULLS RISE UP!!,the competition is coming!,1.0,u86dg6,2022-04-21T01:04:52Z,2022-04-21
1399,tsla,wallstreetbets,COMMENT,$TSLA GANG TO VALHALLA,Those archers might be worse then the storm troopers.,2.0,u85f92,2022-04-21T00:29:20Z,2022-04-21
1400,tsla,wallstreetbets,COMMENT,$TSLA GANG TO VALHALLA,how does this not have 40k upvotes ?   ![gif](emote|free_emotes_pack|rage),1.0,u85f92,2022-04-21T02:17:33Z,2022-04-21
1401,tsla,wallstreetbets,COMMENT,$TSLA GANG TO VALHALLA,Can't fux with Elon,1.0,u85f92,2022-04-21T02:33:59Z,2022-04-21
1402,tsla,wallstreetbets,COMMENT,$TSLA GANG TO VALHALLA,I couldn't afford a full share so I just bought $50 worth. I made $3.,1.0,u85f92,2022-04-21T02:40:17Z,2022-04-21
1403,tsla,wallstreetbets,COMMENT,$TSLA GANG TO VALHALLA,TSLA bears GET FUKT,1.0,u85f92,2022-04-21T02:47:25Z,2022-04-21
1404,tsla,wallstreetbets,COMMENT,$TSLA GANG TO VALHALLA,Fuck Michael Burry! Fuck David Einhorn as well!,1.0,u85f92,2022-04-21T04:22:24Z,2022-04-21
1449,tsla,wallstreetbets,COMMENT,u/GlideOutsideâ€™s $140K TSLA earnings play: 30 contracts 9DTE ~ATM,Buying puts in the am thanks buddy,1.0,u84q1t,2022-04-21T00:15:18Z,2022-04-21
1460,tsla,wallstreetbets,COMMENT,"$TSLA , which one, wait for the asw","Itâ€™s like you used a double ended dildo on yourself, OP gr8 play ðŸ‘ðŸ‘",1.0,u83vl2,2022-04-21T00:38:03Z,2022-04-21
1461,tsla,wallstreetbets,COMMENT,"$TSLA , which one, wait for the asw",Youâ€™re fucked,1.0,u83vl2,2022-04-21T00:54:54Z,2022-04-21
1525,tsla,wallstreetbets,COMMENT,10k on $225 NFLX puts would have netted $1.3M. Letâ€™s see if TSLA doesnâ€™t do the same,![img](emote|t5_2th52|4640),3.0,u7xr6b,2022-04-21T00:54:17Z,2022-04-21
1549,tsla,wallstreetbets,COMMENT,10k on $225 NFLX puts would have netted $1.3M. Letâ€™s see if TSLA doesnâ€™t do the same,I really thought shares on Tesla were going to go down more in ah,1.0,u7xr6b,2022-04-21T00:00:55Z,2022-04-21
1550,tsla,wallstreetbets,COMMENT,10k on $225 NFLX puts would have netted $1.3M. Letâ€™s see if TSLA doesnâ€™t do the same,Rip. Hopefully you'd hedged.,1.0,u7xr6b,2022-04-21T00:52:49Z,2022-04-21
1551,tsla,wallstreetbets,COMMENT,10k on $225 NFLX puts would have netted $1.3M. Letâ€™s see if TSLA doesnâ€™t do the same,Never bet against Elon,1.0,u7xr6b,2022-04-21T03:57:55Z,2022-04-21
1803,tsla,StockMarket,COMMENT,"Nasdaq is taking off, please fasten your seatbelt.Tsla earnings are great ,Netflix earnings delayed the rally.We have double dip and reverse head and shoulders formations.Plus ichimoku cloud and 100 weekly ema supported the price.Short term sentiment ,supports and formations are well enough.","The funny thing is spy is down like 5-7% and people think the world is ending. 

Rate hikes have been worked in. If the fed does their suggested plan or backs off at all then we should see movement up. 

Or if the war ends or has a resolution.",1.0,u87nb6,2022-04-21T00:56:56Z,2022-04-21
1804,tsla,StockMarket,COMMENT,"Nasdaq is taking off, please fasten your seatbelt.Tsla earnings are great ,Netflix earnings delayed the rally.We have double dip and reverse head and shoulders formations.Plus ichimoku cloud and 100 weekly ema supported the price.Short term sentiment ,supports and formations are well enough.",I donâ€™t care if you got a Pikachu chart there we are not going up anytime soon.  Granted lots of money on sidelines but the fear is just beginning. Market will not stabilize until Dow has bottomed confirming entire markets have adjusted,1.0,u87nb6,2022-04-21T01:12:49Z,2022-04-21
1805,tsla,StockMarket,COMMENT,"Nasdaq is taking off, please fasten your seatbelt.Tsla earnings are great ,Netflix earnings delayed the rally.We have double dip and reverse head and shoulders formations.Plus ichimoku cloud and 100 weekly ema supported the price.Short term sentiment ,supports and formations are well enough.","Watch the daily net inflowâ€¦Negative huge amounts almost everyday, no matter green or redâ€¦MM are draining NASDAQ to support NYSE these days.",1.0,u87nb6,2022-04-21T01:29:58Z,2022-04-21
1806,tsla,StockMarket,COMMENT,"Nasdaq is taking off, please fasten your seatbelt.Tsla earnings are great ,Netflix earnings delayed the rally.We have double dip and reverse head and shoulders formations.Plus ichimoku cloud and 100 weekly ema supported the price.Short term sentiment ,supports and formations are well enough.",I just rolled a seven. It must be true!!,1.0,u87nb6,2022-04-21T03:08:40Z,2022-04-21
2423,gme,GME,COMMENT,"Refreshing new in the GME subs is non stop tit jacking, so here's a special clip for a special day 4/20",SEC has entered the chatâ€¦,20.0,u87d7e,2022-04-21T00:23:12Z,2022-04-21
2440,gme,GME,COMMENT,"Refreshing new in the GME subs is non stop tit jacking, so here's a special clip for a special day 4/20",Gary Gensler reporting to work!,3.0,u87d7e,2022-04-21T00:51:20Z,2022-04-21
2441,gme,GME,COMMENT,"Refreshing new in the GME subs is non stop tit jacking, so here's a special clip for a special day 4/20","Real question, how does it bounce like that?",3.0,u87d7e,2022-04-21T01:22:40Z,2022-04-21
2443,gme,GME,COMMENT,"Refreshing new in the GME subs is non stop tit jacking, so here's a special clip for a special day 4/20",r/UpvotedBecauseBoobs,5.0,u87d7e,2022-04-21T00:48:52Z,2022-04-21
2446,gme,GME,COMMENT,"Refreshing new in the GME subs is non stop tit jacking, so here's a special clip for a special day 4/20",Nice,2.0,u87d7e,2022-04-21T00:57:13Z,2022-04-21
2447,gme,GME,COMMENT,"Refreshing new in the GME subs is non stop tit jacking, so here's a special clip for a special day 4/20","You know, Ryan Cohen or someone who reports to RC saw this...",2.0,u87d7e,2022-04-21T01:43:50Z,2022-04-21
2448,gme,GME,COMMENT,"Refreshing new in the GME subs is non stop tit jacking, so here's a special clip for a special day 4/20",This is awesome! I watched the video several times in a row nowâ€¦,2.0,u87d7e,2022-04-21T01:54:41Z,2022-04-21
2449,gme,GME,COMMENT,"Refreshing new in the GME subs is non stop tit jacking, so here's a special clip for a special day 4/20",I'll be in my bunk....,2.0,u87d7e,2022-04-21T02:28:42Z,2022-04-21
2450,gme,GME,COMMENT,"Refreshing new in the GME subs is non stop tit jacking, so here's a special clip for a special day 4/20",ðŸ˜³ðŸ˜³ðŸ˜³ðŸ˜³,2.0,u87d7e,2022-04-21T02:38:48Z,2022-04-21
2451,gme,GME,COMMENT,"Refreshing new in the GME subs is non stop tit jacking, so here's a special clip for a special day 4/20",Solid DD.,2.0,u87d7e,2022-04-21T03:21:42Z,2022-04-21
2452,gme,GME,COMMENT,"Refreshing new in the GME subs is non stop tit jacking, so here's a special clip for a special day 4/20",She looks desperate,-1.0,u87d7e,2022-04-21T01:39:21Z,2022-04-21
2456,gme,GME,COMMENT,"Refreshing new in the GME subs is non stop tit jacking, so here's a special clip for a special day 4/20",How in the bouncy bouncy does that happen. I donâ€™t care I am just glad they did.,1.0,u87d7e,2022-04-21T00:38:31Z,2022-04-21
2457,gme,GME,COMMENT,"Refreshing new in the GME subs is non stop tit jacking, so here's a special clip for a special day 4/20",This is not difficult to learn how to do,1.0,u87d7e,2022-04-21T00:41:35Z,2022-04-21
2458,gme,GME,COMMENT,"Refreshing new in the GME subs is non stop tit jacking, so here's a special clip for a special day 4/20",Her music looks nice.,1.0,u87d7e,2022-04-21T03:26:57Z,2022-04-21
2459,gme,GME,COMMENT,"Refreshing new in the GME subs is non stop tit jacking, so here's a special clip for a special day 4/20",Her tits are acting like the market...,1.0,u87d7e,2022-04-21T03:28:29Z,2022-04-21
2460,gme,GME,COMMENT,"Refreshing new in the GME subs is non stop tit jacking, so here's a special clip for a special day 4/20","I need 5 times recap of the clip, before I read the message.. thatâ€™s normal? ðŸ™„",1.0,u87d7e,2022-04-21T03:32:53Z,2022-04-21
2461,gme,GME,COMMENT,"Refreshing new in the GME subs is non stop tit jacking, so here's a special clip for a special day 4/20",Happy cake day to me,1.0,u87d7e,2022-04-21T03:49:23Z,2022-04-21
2462,gme,GME,COMMENT,"Refreshing new in the GME subs is non stop tit jacking, so here's a special clip for a special day 4/20",Are subwoofers + fake tittys my new fetish?,1.0,u87d7e,2022-04-21T04:17:10Z,2022-04-21
2463,gme,GME,COMMENT,"Refreshing new in the GME subs is non stop tit jacking, so here's a special clip for a special day 4/20",This is amazing. Iâ€™ve stared at this for like 4 hours.,1.0,u87d7e,2022-04-21T04:31:30Z,2022-04-21
2464,gme,GME,COMMENT,"Refreshing new in the GME subs is non stop tit jacking, so here's a special clip for a special day 4/20",If I had tits like that Iâ€™d bounce like that just walking around my house.,1.0,u87d7e,2022-04-21T04:36:05Z,2022-04-21
2465,gme,GME,COMMENT,"Refreshing new in the GME subs is non stop tit jacking, so here's a special clip for a special day 4/20",Must. Know. Her. Name.,1.0,u87d7e,2022-04-21T04:42:44Z,2022-04-21
2466,gme,GME,COMMENT,"Refreshing new in the GME subs is non stop tit jacking, so here's a special clip for a special day 4/20",Moar,1.0,u87d7e,2022-04-21T04:51:39Z,2022-04-21
2467,gme,GME,COMMENT,"Refreshing new in the GME subs is non stop tit jacking, so here's a special clip for a special day 4/20",Whereâ€™s my free award when I need one!!,0.0,u87d7e,2022-04-21T00:33:25Z,2022-04-21
2483,gme,GME,COMMENT,Can we get a positions or ban rule for posts with calls to action? Why is someone unwilling to show their positions telling GME investors what to do?,"All Calls To Action should be banned, in my humble opinion.  

I'm here precisely to get away from people telling me what to do.",4.0,u8462f,2022-04-21T00:01:24Z,2022-04-21
2486,gme,GME,COMMENT,Can we get a positions or ban rule for posts with calls to action? Why is someone unwilling to show their positions telling GME investors what to do?,"Lol fedsmoker. ""Here's a cool guy""",2.0,u8462f,2022-04-21T03:08:03Z,2022-04-21
2492,gme,GME,COMMENT,Can we get a positions or ban rule for posts with calls to action? Why is someone unwilling to show their positions telling GME investors what to do?,"Yeah Iâ€™m down for this rule. Call to action, prove youâ€™re an ape",1.0,u8462f,2022-04-21T00:41:21Z,2022-04-21
2494,gme,GME,COMMENT,Can we get a positions or ban rule for posts with calls to action? Why is someone unwilling to show their positions telling GME investors what to do?,"Calls to action are something that came up last year shortly after the sec gamestop report. If I remember correctly it was something about anonymously reporting the illegal naked shorting and market manipulation to the sec so they were forced to forward it to the doj. Can't find the post, must be deleted. Seeing all those new actions taken by apes I am happy because we are beginning to stand up and raise our voices in a fashion that uses our power in numbers in such a way to force change from within the system. 
Try to look at it this way: those shf and their lawyers never dared to dream about the nightmare we are for their entire system of crime because we learned to use their own system against them while creating more and more pressure with drs and attracting great minds like dlauer, pulte and so on for our great cause.
Their entire mindset was that apes are stupid and crazy but apes proofed that retail is more powerful and smart than their entire network of crime and manipulation can ever be when showed the right direction. Apes already began remodeling the market and system and with moass apes will rebuild it and monitor i5 as it should have been from the get go. One ape showed a tool to the other apes, it worked, and is being refined and used as time goes on. First we learned to buy, then hodl, then we learned to drs, and now we learned how to use the same power that made the tools mentioned before so incredible powerful to complain and shape the rules for a better and fairer market.

Imagine how useful this toolkit will be after moass for the future of the stock market.",0.0,u8462f,2022-04-21T01:51:15Z,2022-04-21
2506,gme,GME,COMMENT,Pulte with the fat 4:20 GME giveaway ðŸ‘Œ,GME should do somethin with mr beast on youtube maybe a giveaway but get some young kids interested in gamestop and make it their store like it used to be all ours when we were younger!,1.0,u83nf7,2022-04-21T02:05:06Z,2022-04-21
2507,gme,GME,COMMENT,Pulte with the fat 4:20 GME giveaway ðŸ‘Œ,Link?,1.0,u83nf7,2022-04-21T03:10:34Z,2022-04-21
2522,gme,GME,COMMENT,My Tits are so friggin Jacked rn for gme,I just need the price to drop below $100 just 1 more time.,2.0,u81qq9,2022-04-21T00:44:44Z,2022-04-21
2523,gme,GME,COMMENT,My Tits are so friggin Jacked rn for gme,"Got my shares, not quitting my day job.",2.0,u81qq9,2022-04-21T01:28:27Z,2022-04-21
2527,gme,GME,COMMENT,My Tits are so friggin Jacked rn for gme,"That's what I think too! We'll get right back to all the hard-hitting ""SeLl GaMeStOp!"" pieces by the MSM tomorrow morning when the stock moves 5 cents in either direction! ðŸ¤£ðŸ˜‚ðŸ¤ªðŸ˜‚ðŸ¤£ðŸ˜‚",1.0,u81qq9,2022-04-21T04:08:20Z,2022-04-21
2531,gme,GME,COMMENT,so I found this on the GAME (UK version of GameStop not sure if it's connected to gme),Looks bootlegged.  Puts on fake gme merch.,1.0,u7ww6s,2022-04-21T03:56:32Z,2022-04-21
2582,gme,GME,COMMENT,"r/GME Megathread for April 20, 2022",Light it up green and you will see moons and stars and planets from other worlds!ðŸŒ¿ðŸ¸ðŸŸ¢ðŸŸ©,2.0,u7orm2,2022-04-21T01:00:42Z,2022-04-21
2607,gme,GME,COMMENT,Have you guys mentioned about GME stonks with family?,"I gifted some shares... actions louder than words, money where my mouth is, etc.

I get a touch of grief about it, but they also hold on... easier when it was someone else's money.

I have contemplated gifting via CS once price hits 4 digits, but with the split I feel like their broker shares are fine... it'll depend on how brokers react... as long as I can submit to CS fast enough to execute while price is far from gift limits.",1.0,u7j97r,2022-04-21T01:19:37Z,2022-04-21
2857,gme,Superstonk,POST,ðŸŽ¯ THE INFLATION BLAME GAME ðŸŽ¯ ðŸ’ŽðŸ¤²ðŸš€ @ $GME,,2.0,u8fhdr,2022-04-21T04:43:33Z,2022-04-21
2858,gme,Superstonk,COMMENT,ðŸŽ¯ THE INFLATION BLAME GAME ðŸŽ¯ ðŸ’ŽðŸ¤²ðŸš€ @ $GME,"
**IMPORTANT POST LINKS**

[What is GME and why should you consider investing?](https://www.reddit.com/r/Superstonk/comments/qig65g/welcome_rall_looking_to_catch_up_on_the_gme_saga/) || [What is DRS and why should you care?](https://www.reddit.com/r/Superstonk/comments/ptvaka/when_you_wish_upon_a_star_a_complete_guide_to/) || [Low karma but still want to feed the DRS bot? Post on r/gmeorphans here](https://www.reddit.com/r/GMEOrphans/comments/qlvour/welcome_to_gmeorphans_read_this_post/) ||

------------------------------------------------------------------------

Please help us determine if this post deserves a place on /r/Superstonk. [Learn more about this bot and why we are using it here](https://www.reddit.com/r/Superstonk/comments/poa6zy/introducing_uqualityvote_bot_a_democratic_tool_to/)

If this post deserves a place on /r/Superstonk, **UPVOTE** this comment!!

If this post should not be here or or is a repost, **DOWNVOTE** This comment!",1.0,u8fhdr,2022-04-21T04:43:38Z,2022-04-21
2859,gme,Superstonk,POST,I can stay retard longer than you stay solvent. GME to the moon ðŸš€ðŸš€ðŸš€,,52.0,u8ep1j,2022-04-21T03:57:28Z,2022-04-21
2860,gme,Superstonk,COMMENT,I can stay retard longer than you stay solvent. GME to the moon ðŸš€ðŸš€ðŸš€,"
**IMPORTANT POST LINKS**

[What is GME and why should you consider investing?](https://www.reddit.com/r/Superstonk/comments/qig65g/welcome_rall_looking_to_catch_up_on_the_gme_saga/) || [What is DRS and why should you care?](https://www.reddit.com/r/Superstonk/comments/ptvaka/when_you_wish_upon_a_star_a_complete_guide_to/) || [Low karma but still want to feed the DRS bot? Post on r/gmeorphans here](https://www.reddit.com/r/GMEOrphans/comments/qlvour/welcome_to_gmeorphans_read_this_post/) ||

------------------------------------------------------------------------

Please help us determine if this post deserves a place on /r/Superstonk. [Learn more about this bot and why we are using it here](https://www.reddit.com/r/Superstonk/comments/poa6zy/introducing_uqualityvote_bot_a_democratic_tool_to/)

If this post deserves a place on /r/Superstonk, **UPVOTE** this comment!!

If this post should not be here or or is a repost, **DOWNVOTE** This comment!",1.0,u8ep1j,2022-04-21T03:57:47Z,2022-04-21
2861,gme,Superstonk,POST,High Scores Day 208: What it's like when your homie buys into GME,,97.0,u8dj8s,2022-04-21T02:53:58Z,2022-04-21
2862,gme,Superstonk,COMMENT,High Scores Day 208: What it's like when your homie buys into GME,"
**IMPORTANT POST LINKS**

[What is GME and why should you consider investing?](https://www.reddit.com/r/Superstonk/comments/qig65g/welcome_rall_looking_to_catch_up_on_the_gme_saga/) || [What is DRS and why should you care?](https://www.reddit.com/r/Superstonk/comments/ptvaka/when_you_wish_upon_a_star_a_complete_guide_to/) || [Low karma but still want to feed the DRS bot? Post on r/gmeorphans here](https://www.reddit.com/r/GMEOrphans/comments/qlvour/welcome_to_gmeorphans_read_this_post/) ||

------------------------------------------------------------------------

Please help us determine if this post deserves a place on /r/Superstonk. [Learn more about this bot and why we are using it here](https://www.reddit.com/r/Superstonk/comments/poa6zy/introducing_uqualityvote_bot_a_democratic_tool_to/)

If this post deserves a place on /r/Superstonk, **UPVOTE** this comment!!

If this post should not be here or or is a repost, **DOWNVOTE** This comment!",1.0,u8dj8s,2022-04-21T02:54:09Z,2022-04-21
2863,gme,Superstonk,COMMENT,High Scores Day 208: What it's like when your homie buys into GME,date is wrong. says 2020 instead of 2022,8.0,u8dj8s,2022-04-21T03:08:41Z,2022-04-21
2864,gme,Superstonk,COMMENT,High Scores Day 208: What it's like when your homie buys into GME,Is that Double Dragon?,3.0,u8dj8s,2022-04-21T03:01:30Z,2022-04-21
2865,gme,Superstonk,COMMENT,High Scores Day 208: What it's like when your homie buys into GME,2020 yesterday and today.,3.0,u8dj8s,2022-04-21T03:49:39Z,2022-04-21
2866,gme,Superstonk,COMMENT,High Scores Day 208: What it's like when your homie buys into GME,"My apologies to everyone, especially u/JustinD123. He often mentions this post is all he has to look forward to, so I really try and give it my all. I'm sorry that I missed it, especially to u/LeftHandedWave, and more especially to u/JustinD123",2.0,u8dj8s,2022-04-21T02:59:00Z,2022-04-21
2871,gme,Superstonk,COMMENT,Pulte's giveaway winner bought GME through ComputerShare,Congrats Dofey,73.0,u89pba,2022-04-21T00:04:14Z,2022-04-21
2872,gme,Superstonk,COMMENT,Pulte's giveaway winner bought GME through ComputerShare,So glad Dofey bought straight from Computershare! This is the way!,55.0,u89pba,2022-04-21T00:42:11Z,2022-04-21
2877,gme,Superstonk,COMMENT,Pulte's giveaway winner bought GME through ComputerShare,and that was the last share purchased before MOASS. The End.,40.0,u89pba,2022-04-21T00:43:38Z,2022-04-21
2878,gme,Superstonk,COMMENT,Pulte's giveaway winner bought GME through ComputerShare,421 is .... TOMORROW (audibly gasps),51.0,u89pba,2022-04-21T00:07:33Z,2022-04-21
2879,gme,Superstonk,COMMENT,Pulte's giveaway winner bought GME through ComputerShare,Boy that escalated quickly!,11.0,u89pba,2022-04-21T00:48:17Z,2022-04-21
2880,gme,Superstonk,COMMENT,Pulte's giveaway winner bought GME through ComputerShare,how was the process? did he send you the money and you bought it? that's really cool!!,9.0,u89pba,2022-04-21T00:50:13Z,2022-04-21
2881,gme,Superstonk,COMMENT,Pulte's giveaway winner bought GME through ComputerShare,Love how that came full circle.,7.0,u89pba,2022-04-21T01:12:18Z,2022-04-21
2882,gme,Superstonk,COMMENT,Pulte's giveaway winner bought GME through ComputerShare,"Man and I just gave my free award to isaybullish for saying ""hi bryan""...",5.0,u89pba,2022-04-21T01:16:08Z,2022-04-21
2883,gme,Superstonk,COMMENT,Pulte's giveaway winner bought GME through ComputerShare,THIS IS THE WAY!,20.0,u89pba,2022-04-21T00:06:24Z,2022-04-21
2884,gme,Superstonk,COMMENT,Pulte's giveaway winner bought GME through ComputerShare,This is the way,4.0,u89pba,2022-04-21T01:01:38Z,2022-04-21
2885,gme,Superstonk,COMMENT,Pulte's giveaway winner bought GME through ComputerShare,This is the way.  This is the effing way!,6.0,u89pba,2022-04-21T01:01:47Z,2022-04-21
2886,gme,Superstonk,COMMENT,Pulte's giveaway winner bought GME through ComputerShare,ðŸ’œðŸ’œðŸ’œðŸ’œðŸ’œ,7.0,u89pba,2022-04-21T01:17:21Z,2022-04-21
2887,gme,Superstonk,COMMENT,Pulte's giveaway winner bought GME through ComputerShare,Nioce,7.0,u89pba,2022-04-21T01:39:31Z,2022-04-21
2888,gme,Superstonk,COMMENT,Pulte's giveaway winner bought GME through ComputerShare,Nice,7.0,u89pba,2022-04-21T01:52:14Z,2022-04-21
2889,gme,Superstonk,COMMENT,Pulte's giveaway winner bought GME through ComputerShare,Nice grass to the lucky sob!,6.0,u89pba,2022-04-21T00:55:01Z,2022-04-21
2890,gme,Superstonk,COMMENT,Pulte's giveaway winner bought GME through ComputerShare,The best place to buy it!,3.0,u89pba,2022-04-21T01:01:01Z,2022-04-21
2891,gme,Superstonk,COMMENT,Pulte's giveaway winner bought GME through ComputerShare,"Beep boop -- this looks like a screenshot of a tweet! Let me grab a [link to the tweet](https://twitter.com/dofeydofe/status/1516923269848391680) for ya :) 

 ^(Twitter Screenshot Bot)",4.0,u89pba,2022-04-21T01:07:10Z,2022-04-21
2892,gme,Superstonk,COMMENT,Pulte's giveaway winner bought GME through ComputerShare,ðŸŸ£ðŸŸ£ðŸŸ£ðŸ´â€â˜ ï¸,4.0,u89pba,2022-04-21T01:48:15Z,2022-04-21
2893,gme,Superstonk,COMMENT,Pulte's giveaway winner bought GME through ComputerShare,Thou shall giveâ€¦and receiveâ€¦ ðŸ´â€â˜ ï¸,5.0,u89pba,2022-04-21T01:50:50Z,2022-04-21
2894,gme,Superstonk,COMMENT,Pulte's giveaway winner bought GME through ComputerShare,Who tf cutting onions?,8.0,u89pba,2022-04-21T00:29:21Z,2022-04-21
2895,gme,Superstonk,COMMENT,Pulte's giveaway winner bought GME through ComputerShare,Crazy how Pulte gave away 700 million just like that,11.0,u89pba,2022-04-21T01:40:28Z,2022-04-21
2896,gme,Superstonk,COMMENT,Pulte's giveaway winner bought GME through ComputerShare,Holy Apes!  This is awesome.,3.0,u89pba,2022-04-21T02:23:53Z,2022-04-21
2897,gme,Superstonk,COMMENT,Pulte's giveaway winner bought GME through ComputerShare,THIS IS THE WAY,3.0,u89pba,2022-04-21T02:24:06Z,2022-04-21
2898,gme,Superstonk,COMMENT,Pulte's giveaway winner bought GME through ComputerShare,Puts his money where his mouth is.,3.0,u89pba,2022-04-21T02:38:20Z,2022-04-21
2899,gme,Superstonk,COMMENT,Pulte's giveaway winner bought GME through ComputerShare,Ok so he fucks,3.0,u89pba,2022-04-21T02:41:51Z,2022-04-21
2900,gme,Superstonk,COMMENT,Pulte's giveaway winner bought GME through ComputerShare,He was asking apes how to gift shares on CS a few days ago IIRC. Looks like he followed through!,6.0,u89pba,2022-04-21T01:46:06Z,2022-04-21
2901,gme,Superstonk,COMMENT,Pulte's giveaway winner bought GME through ComputerShare,Get fucked shf,2.0,u89pba,2022-04-21T03:15:37Z,2022-04-21
2902,gme,Superstonk,COMMENT,Pulte's giveaway winner bought GME through ComputerShare,"This is becoming surreal, I can feel my the energy in the air!",2.0,u89pba,2022-04-21T03:19:07Z,2022-04-21
2903,gme,Superstonk,COMMENT,Pulte's giveaway winner bought GME through ComputerShare,I'd definitely do the same!,2.0,u89pba,2022-04-21T03:53:37Z,2022-04-21
2904,gme,Superstonk,COMMENT,Pulte's giveaway winner bought GME through ComputerShare,How can i sleep after coming home from work and seeing all of this beauty,2.0,u89pba,2022-04-21T03:57:50Z,2022-04-21
2905,gme,Superstonk,COMMENT,Pulte's giveaway winner bought GME through ComputerShare,[so close](https://camo.githubusercontent.com/d13bc7f8b8b9a3466e83d8043f3f0a2aacf9b972d93ef04a8ae56e6dfe0d28d7/68747470733a2f2f7062732e7477696d672e636f6d2f70726f66696c655f696d616765732f3437323832323031323533373039343134342f52714d46614c744b2e6a706567),1.0,u89pba,2022-04-21T02:45:17Z,2022-04-21
2906,gme,Superstonk,COMMENT,Pulte's giveaway winner bought GME through ComputerShare,This is the way,1.0,u89pba,2022-04-21T02:48:14Z,2022-04-21
2907,gme,Superstonk,COMMENT,Pulte's giveaway winner bought GME through ComputerShare,So does it mean now Pulte knows dofeyâ€™s real ID or can money be transferred with that?,0.0,u89pba,2022-04-21T03:13:37Z,2022-04-21
2911,gme,Superstonk,COMMENT,"Is there a list of GME inspired beers? Because if not, there should be.",Second this! I need that list.,2.0,u88cpw,2022-04-21T00:07:19Z,2022-04-21
2952,gme,Superstonk,COMMENT,You Two Have Been Selected To Receive A Free CS Share Of GME For My 4/20 Giveaway!,Congrats fellow apes!!!! ðŸš€ðŸ¥³ðŸ¥‚,6.0,u86jmz,2022-04-21T00:43:00Z,2022-04-21
2956,gme,Superstonk,COMMENT,You Two Have Been Selected To Receive A Free CS Share Of GME For My 4/20 Giveaway!,Sick!!!,2.0,u86jmz,2022-04-21T01:27:48Z,2022-04-21
2957,gme,Superstonk,COMMENT,You Two Have Been Selected To Receive A Free CS Share Of GME For My 4/20 Giveaway!,Legend,2.0,u86jmz,2022-04-21T01:28:03Z,2022-04-21
2958,gme,Superstonk,COMMENT,You Two Have Been Selected To Receive A Free CS Share Of GME For My 4/20 Giveaway!,"Everybody wins shopping at the greatest store, but You the real MVP",2.0,u86jmz,2022-04-21T02:46:32Z,2022-04-21
3022,gme,Superstonk,COMMENT,All users with year old accounts and words like â€œstonkâ€ â€œapeâ€ â€œGMEâ€ or any lingo in the username should be highly scrutinized.,Scrutinize me harder daddy!,1.0,u84ror,2022-04-21T00:11:39Z,2022-04-21
3074,gme,Superstonk,COMMENT,"A wee bit of a FIRE SALE on $GME related merchandise on GameStop website! Stock seems to be running out quick, get it while it lasts apes!! I hope we are still doing receipt porn",Wish we had those sales in Canada!,1.0,u80vjt,2022-04-21T01:04:14Z,2022-04-21
3107,gme,Superstonk,COMMENT,Pulte offering $420 of free $gme,Again....Twitter sucks,2.0,u7yxcv,2022-04-21T00:20:02Z,2022-04-21
3185,gme,Superstonk,COMMENT,Pulte offering $420 of free $gme,Lmao ðŸ—¿ðŸ‘ðŸ½,0.0,u7yxcv,2022-04-21T00:32:38Z,2022-04-21
3186,gme,Superstonk,COMMENT,Pulte offering $420 of free $gme,4/20 Stock Spliff,0.0,u7yxcv,2022-04-21T02:00:27Z,2022-04-21
3227,gme,Superstonk,COMMENT,"If Sears can have this kind of growth in 4 months, imagine what GME can do","To Anyone who doesent know , sears is a zombie stock that fell victim to shitadels short scheme. The jumps are them covering shorts they have had there for years",1.0,u7xji3,2022-04-21T02:02:22Z,2022-04-21
3251,gme,Superstonk,COMMENT,GME 100% Utilization - Day 50 (ðŸŽ‰) via Ortexâ³ðŸ§¨,How many days till boom boom last time?,1.0,u7xdjg,2022-04-21T02:24:46Z,2022-04-21
3252,gme,Superstonk,COMMENT,GME 100% Utilization - Day 50 (ðŸŽ‰) via Ortexâ³ðŸ§¨,ðŸŽ‰,1.0,u7xdjg,2022-04-21T03:04:24Z,2022-04-21
3338,gme,Superstonk,COMMENT,| $GME Daily Discussion | New to the sub? Start here!,Why would Russia do something like this?,24.0,u7qj81,2022-04-21T02:43:22Z,2022-04-21
3363,gme,Superstonk,COMMENT,| $GME Daily Discussion | New to the sub? Start here!,RC must be high with us lol,20.0,u7qj81,2022-04-21T00:50:13Z,2022-04-21
3364,gme,Superstonk,COMMENT,| $GME Daily Discussion | New to the sub? Start here!,"He is @'ing BCG

The chairman is fearless",21.0,u7qj81,2022-04-21T00:55:55Z,2022-04-21
3365,gme,Superstonk,COMMENT,| $GME Daily Discussion | New to the sub? Start here!,dad is fighting with the fed now,21.0,u7qj81,2022-04-21T02:19:18Z,2022-04-21
3384,gme,Superstonk,COMMENT,| $GME Daily Discussion | New to the sub? Start here!,"My favorite part of gamestop customer surveys is ""would you recommend gamestop to a friend?""   

Like yeah. That's pretty much all I do",20.0,u7qj81,2022-04-21T02:46:47Z,2022-04-21
3400,gme,Superstonk,COMMENT,| $GME Daily Discussion | New to the sub? Start here!,3 rc tweets holy shit is this a record,19.0,u7qj81,2022-04-21T00:23:46Z,2022-04-21
3401,gme,Superstonk,COMMENT,| $GME Daily Discussion | New to the sub? Start here!,"Once individual investors have DRSed enough of the float, can they vote to remove the stock from the DTC to perhaps a blockchain??",18.0,u7qj81,2022-04-21T01:53:24Z,2022-04-21
3419,gme,Superstonk,COMMENT,| $GME Daily Discussion | New to the sub? Start here!,If the Acid doesn't keep me up tonight RCs tweets will.,17.0,u7qj81,2022-04-21T02:21:19Z,2022-04-21
3420,gme,Superstonk,COMMENT,| $GME Daily Discussion | New to the sub? Start here!,Why is it that every law has iron clad rules for the poor and 10 loopholes for the rich?,18.0,u7qj81,2022-04-21T02:54:22Z,2022-04-21
3421,gme,Superstonk,COMMENT,| $GME Daily Discussion | New to the sub? Start here!,finally made it to 40 shares woot woot,17.0,u7qj81,2022-04-21T04:23:07Z,2022-04-21
3443,gme,Superstonk,COMMENT,| $GME Daily Discussion | New to the sub? Start here!,"BCG about to get wrecked with lawsuits.

But that's OK, I hear they like lawsuits",15.0,u7qj81,2022-04-21T00:34:35Z,2022-04-21
3444,gme,Superstonk,COMMENT,| $GME Daily Discussion | New to the sub? Start here!,"I literally have no friends IRL so I am telling you all because I am pumped!

My GPU (5700xt mech 8gb) failed on its last week of a 2 year warranty, out of the blue.

Just got informed that I am being replaced for **free** with an ASUS dual 6700xt 12GB.

I fucking love 4/20!",16.0,u7qj81,2022-04-21T00:38:43Z,2022-04-21
3445,gme,Superstonk,COMMENT,| $GME Daily Discussion | New to the sub? Start here!,"3 tweets.... I can't hide it anymore 

TITS ARE JACKED",17.0,u7qj81,2022-04-21T02:18:48Z,2022-04-21
3446,gme,Superstonk,COMMENT,| $GME Daily Discussion | New to the sub? Start here!,Fuck the FED...fuck the SEC and fuck Gensler.. this new rule is infuriating.... DRS everyone!!,16.0,u7qj81,2022-04-21T02:19:22Z,2022-04-21
3447,gme,Superstonk,COMMENT,| $GME Daily Discussion | New to the sub? Start here!,"Four RC Twitter posts in front page, I thought we was past dis. Love your guysâ€™ energy.",16.0,u7qj81,2022-04-21T02:37:05Z,2022-04-21
3448,gme,Superstonk,COMMENT,| $GME Daily Discussion | New to the sub? Start here!,At a shitty bar in AZ drinking mu ass off. All I have to say is I love you guys.,16.0,u7qj81,2022-04-21T03:57:33Z,2022-04-21
3475,gme,Superstonk,COMMENT,| $GME Daily Discussion | New to the sub? Start here!,So can anyone explain to me how this newly proposed rule isn't absolute balls to the wall proof that they are scared shitless about something coming?,16.0,u7qj81,2022-04-21T02:24:02Z,2022-04-21
3476,gme,Superstonk,COMMENT,| $GME Daily Discussion | New to the sub? Start here!,420 on 4/20 /u/realPulte you goddamn legend! ðŸ»,15.0,u7qj81,2022-04-21T02:31:37Z,2022-04-21
3477,gme,Superstonk,COMMENT,| $GME Daily Discussion | New to the sub? Start here!,I have to post on my cake day.  Power to the players.  The squeeze ainâ€™t squoze.  Hedgies r fuk. I can stay retarded longer than they can stay solvent. Wen Lamboat?,15.0,u7qj81,2022-04-21T02:34:02Z,2022-04-21
3478,gme,Superstonk,COMMENT,| $GME Daily Discussion | New to the sub? Start here!,Iâ€™m addicted to tiktok but Iâ€™ve been seeing a lot of BCG ads and commenting about how terrible of a company they are on every single one. Itâ€™s not much but itâ€™s honest work.,14.0,u7qj81,2022-04-21T02:40:26Z,2022-04-21
3479,gme,Superstonk,COMMENT,| $GME Daily Discussion | New to the sub? Start here!,I canâ€™t wait to use the gamestop wallet with assets that canâ€™t be inflated away,15.0,u7qj81,2022-04-21T02:57:59Z,2022-04-21
3480,gme,Superstonk,COMMENT,| $GME Daily Discussion | New to the sub? Start here!,"This sub has an insatiable curiosity and desire for knowledge 

Hedgies R Fuk",15.0,u7qj81,2022-04-21T03:50:25Z,2022-04-21
3521,gme,Superstonk,COMMENT,| $GME Daily Discussion | New to the sub? Start here!,Today has been weird on here ðŸ¤·â€â™‚ï¸,14.0,u7qj81,2022-04-21T00:15:53Z,2022-04-21
3522,gme,Superstonk,COMMENT,| $GME Daily Discussion | New to the sub? Start here!,"Just came to say Hi to all my fellow Apes, and to say fuck you to the SEC, BCG, Hedgefucks, Congress/Senate, Banks, DTCC, Finra. I am gonna keep Buying, Holding, and DRSing more.",14.0,u7qj81,2022-04-21T01:09:16Z,2022-04-21
3523,gme,Superstonk,COMMENT,| $GME Daily Discussion | New to the sub? Start here!,I'll be honest: I don't care about BCG. I care about MOASS.,15.0,u7qj81,2022-04-21T01:30:50Z,2022-04-21
3524,gme,Superstonk,COMMENT,| $GME Daily Discussion | New to the sub? Start here!,Damn RCâ€™s as fed up with the fed as we are. Manâ€™s on a tear tonight,14.0,u7qj81,2022-04-21T02:12:27Z,2022-04-21
3525,gme,Superstonk,COMMENT,| $GME Daily Discussion | New to the sub? Start here!,Get it RC!! ðŸ¦ ðŸŽ‰,13.0,u7qj81,2022-04-21T02:15:34Z,2022-04-21
3526,gme,Superstonk,COMMENT,| $GME Daily Discussion | New to the sub? Start here!,Warren Icahn by night???,14.0,u7qj81,2022-04-21T02:32:59Z,2022-04-21
3527,gme,Superstonk,COMMENT,| $GME Daily Discussion | New to the sub? Start here!,I think we'll wake up to Gamestop investor email ðŸš€,14.0,u7qj81,2022-04-21T03:45:51Z,2022-04-21
3528,gme,Superstonk,COMMENT,| $GME Daily Discussion | New to the sub? Start here!,Our guy stirring up trouble on Twitter hell yeah,14.0,u7qj81,2022-04-21T03:52:38Z,2022-04-21
3587,gme,Superstonk,COMMENT,| $GME Daily Discussion | New to the sub? Start here!,"Only person I have notifications for is RC 

RC: 2 replies today 

Twitter: ðŸ¦—ðŸ¦—ðŸ¦—",13.0,u7qj81,2022-04-21T00:06:36Z,2022-04-21
3588,gme,Superstonk,COMMENT,| $GME Daily Discussion | New to the sub? Start here!,"Vanguard terms of service updated today, specifically on FDIC insurance, handling of fractional shares, and market volatility.  LOL.",13.0,u7qj81,2022-04-21T00:22:53Z,2022-04-21
3589,gme,Superstonk,COMMENT,| $GME Daily Discussion | New to the sub? Start here!,Iâ€™m not selling my GME. I wonâ€™t.,13.0,u7qj81,2022-04-21T00:24:35Z,2022-04-21
3590,gme,Superstonk,COMMENT,| $GME Daily Discussion | New to the sub? Start here!,He said the thing!,13.0,u7qj81,2022-04-21T02:13:51Z,2022-04-21
3591,gme,Superstonk,COMMENT,| $GME Daily Discussion | New to the sub? Start here!,I am bullish because of the implication ðŸ˜,13.0,u7qj81,2022-04-21T02:27:43Z,2022-04-21
3592,gme,Superstonk,COMMENT,| $GME Daily Discussion | New to the sub? Start here!,Melvin capital â€œwinding downâ€ waiving the white flag before being liquidated,13.0,u7qj81,2022-04-21T02:43:20Z,2022-04-21
3593,gme,Superstonk,COMMENT,| $GME Daily Discussion | New to the sub? Start here!,Melvin Lowercase,13.0,u7qj81,2022-04-21T03:40:58Z,2022-04-21
3641,gme,Superstonk,COMMENT,| $GME Daily Discussion | New to the sub? Start here!,Sears up 56% today ðŸ§,12.0,u7qj81,2022-04-21T00:03:59Z,2022-04-21
3642,gme,Superstonk,COMMENT,| $GME Daily Discussion | New to the sub? Start here!,"Y'all ever used a library?  That shit's dope.  Plus, most of them have Libby these days so you can do audiobooks and ebooks. I think mine even has a free streaming movie service but I don't recall its name.

Yes, I do shill for Big Library.

Edit: and a library of things!  I forgot about the library of things that are literally every day objects that you might need but not have.  It's great.",13.0,u7qj81,2022-04-21T00:44:08Z,2022-04-21
3643,gme,Superstonk,COMMENT,| $GME Daily Discussion | New to the sub? Start here!,"Holy moly I didn't expect BCG to be even more shittier. 

Guess I was wrong, bastards blatantly plagiarizing other people's work.",12.0,u7qj81,2022-04-21T00:49:15Z,2022-04-21
3644,gme,Superstonk,COMMENT,| $GME Daily Discussion | New to the sub? Start here!,"Our madlad chairman is picking fight left and right, he knows we got his back and he got ours.",13.0,u7qj81,2022-04-21T02:20:34Z,2022-04-21
3645,gme,Superstonk,COMMENT,| $GME Daily Discussion | New to the sub? Start here!,I get my yearly bonus as a lump sum payment on Monday for all the hard work I did in 2021 and I can't wait to pour it all in to gme.,12.0,u7qj81,2022-04-21T02:46:41Z,2022-04-21
3646,gme,Superstonk,COMMENT,| $GME Daily Discussion | New to the sub? Start here!,"Plotkin going back to shorting because of his amazing abilities to do it. Problem is, we all know how the game is rigged and he can't cheat his way to the top this time. Welcome to reality Gabe.",12.0,u7qj81,2022-04-21T04:23:55Z,2022-04-21
3730,gme,Superstonk,COMMENT,| $GME Daily Discussion | New to the sub? Start here!,"Oh no, double people online!? Calls to action!? Petitions to remove people from jobs!? Twitter posts filling up front page on the daily that aren't from GameStop officials!?

Guess I'll just BUY, DRS, and HODL!",11.0,u7qj81,2022-04-21T00:43:45Z,2022-04-21
3731,gme,Superstonk,COMMENT,| $GME Daily Discussion | New to the sub? Start here!,My 5 year old TV is fucked. Gonna buy a new one through the GameStop app. Any recommendations fellas?,12.0,u7qj81,2022-04-21T00:56:43Z,2022-04-21
3732,gme,Superstonk,COMMENT,| $GME Daily Discussion | New to the sub? Start here!,Just saw my 20k IRS payment on my bank account withdrawal for my YOLO early distribution of GME shares from IRA to non-retirement acct -> DRS.  You only YOLO once.,11.0,u7qj81,2022-04-21T01:18:41Z,2022-04-21
3733,gme,Superstonk,COMMENT,| $GME Daily Discussion | New to the sub? Start here!,"# Ryu Cohen in Short Fighter II

# How do Ken?",11.0,u7qj81,2022-04-21T02:31:05Z,2022-04-21
3734,gme,Superstonk,COMMENT,| $GME Daily Discussion | New to the sub? Start here!,Congrats on the 12 mil DRSd :),10.0,u7qj81,2022-04-21T03:14:34Z,2022-04-21
3735,gme,Superstonk,COMMENT,| $GME Daily Discussion | New to the sub? Start here!,"RC is a fucking beast! I mean just put yourself in his shoes. He is going toe to toe against billionaires and not the good kind either . 

I am sure there are ðŸ‹ out there that see the upside on GME. I truly believe RC will make GameStop an Amazon basically but for gaming . Fuck Amazon btw",11.0,u7qj81,2022-04-21T03:37:37Z,2022-04-21
3881,gme,Superstonk,COMMENT,"+28 = 5,121 DRS. One car for sale. Going house shopping this weekend to downsize. All sale proceeds going to GME and will be DRS. www.DRSGME.org",#LFGLFGLFGLFGLFGLFGLFGLFGLFGLFGLFGLFGLFGLFGLFGLFGLFGLFGLFGLFGLFGLFGLFGLFGLFGLFGLFGLFGLFGLFGLFGLFGLFGLFGLFGLFGLFGLFGLFGLFGLFGLFGLFGLFGLFGLFGLFGLFGLFGLFGLFGLFGLFGLFGLFGLFGLFGLFGLFGLFGLFGLFGLFGLFGLFGLFGLFGLFGLFGLFGLFGLFGLFGLFGLFGLFGLFGLFGLFGLFGLFGLFGLFGLFGLFGLFGLFGLFGLFGLFGLFGLFGLFGLFGLFGLFGLFGLFGLFGLFGLFGLFGLFGLFGLFGLFGLFGLFGLFGLFGLFGLFGLFGLFGLFGLFGLFGLFGLFGLFGLFGLFGLFGLFGLFGLFGLFGLFGLFGLFGLFGLFGLFGLFGLFGLFGLFGLFGLFGLFGLFG,2.0,u7newe,2022-04-21T01:31:47Z,2022-04-21
4021,gme,Superstonk,COMMENT,Stock split tomorrow or I sell my fishin boat and DRS the proceeds in GME. 2k or so depending on the boat market. I love my boat but this is win win,Did you list the boat up for sale yet or no?,1.0,u7j9d7,2022-04-21T00:03:29Z,2022-04-21
4072,gme,Superstonk,COMMENT,if nothing happens tomorrow I will blow my entire first paycheck from my new job on gme.,Itâ€™s time to blow that paycheck buddy,2.0,u7hrxh,2022-04-21T00:08:27Z,2022-04-21
4129,gme,Superstonk,COMMENT,if nothing happens tomorrow I will blow my entire first paycheck from my new job on gme.,"OK. Since it was a reply tweet, I will imvest half the check on the 28th",1.0,u7hrxh,2022-04-21T00:10:32Z,2022-04-21
7189,twtr,wallstreetbets,POST,$TWTR - Act In Interest Of The Share Holders,,126.0,u8b7tx,2022-04-21T00:53:28Z,2022-04-21
7190,twtr,wallstreetbets,COMMENT,$TWTR - Act In Interest Of The Share Holders,Because heâ€™s a fucking villain. Thinks heâ€™s gonna take the world into the future for the elites. He also likes it up the pooper.,25.0,u8b7tx,2022-04-21T01:04:28Z,2022-04-21
7191,twtr,wallstreetbets,COMMENT,$TWTR - Act In Interest Of The Share Holders,Why is he dressed like a Star Trek villain?,24.0,u8b7tx,2022-04-21T01:02:17Z,2022-04-21
7192,twtr,wallstreetbets,COMMENT,$TWTR - Act In Interest Of The Share Holders,Klaus Schwab strikes me as the type of person who was most likely close Epstein ... very close,15.0,u8b7tx,2022-04-21T01:05:02Z,2022-04-21
7193,twtr,wallstreetbets,COMMENT,$TWTR - Act In Interest Of The Share Holders,Hallowed are the Orii,7.0,u8b7tx,2022-04-21T01:11:49Z,2022-04-21
7194,twtr,wallstreetbets,COMMENT,$TWTR - Act In Interest Of The Share Holders,Couldn't ring more true great meme!,7.0,u8b7tx,2022-04-21T01:32:21Z,2022-04-21
7195,twtr,wallstreetbets,COMMENT,$TWTR - Act In Interest Of The Share Holders,Level 5 laser lotus,4.0,u8b7tx,2022-04-21T01:23:38Z,2022-04-21
7196,twtr,wallstreetbets,COMMENT,$TWTR - Act In Interest Of The Share Holders,I will proxy my shares to Elon,1.0,u8b7tx,2022-04-21T02:11:53Z,2022-04-21
7210,twtr,wallstreetbets,COMMENT,$TWTR bears (are we screwed?),Lonely is the night. I bought puts for one simple reason. Too many powerful people donâ€™t want us plebes to say whatever we want on Twitter. Cynical? Probably. Smooth brained move? Definitely.,1.0,u7st27,2022-04-21T02:34:57Z,2022-04-21
8544,spy,wallstreetbets,COMMENT,"4-20-22 SPY, Apple, QQQ Daily TA (with p/l screenshots)",Thanks for sharing. What time frame are you watching? Also when you take a trade what time frame are you entering on?,1.0,u89ppa,2022-04-21T01:06:56Z,2022-04-21
8545,spy,wallstreetbets,COMMENT,"4-20-22 SPY, Apple, QQQ Daily TA (with p/l screenshots)",Show me your ways. Retardation hasn't been profitable for me recently (I'm big gay spy bear),1.0,u89ppa,2022-04-21T02:30:03Z,2022-04-21
8546,spy,wallstreetbets,COMMENT,"4-20-22 SPY, Apple, QQQ Daily TA (with p/l screenshots)",Spy go red?,1.0,u89ppa,2022-04-21T03:20:13Z,2022-04-21
8547,spy,wallstreetbets,COMMENT,"4-20-22 SPY, Apple, QQQ Daily TA (with p/l screenshots)",What do think of snap daddy ?,0.0,u89ppa,2022-04-21T01:43:43Z,2022-04-21
8986,fb,wallstreetbets,COMMENT,$FB Earnings Play. Gains = Imminent,I logged into my FB account recently and it was the saddest thing I have seen in a long time. People that used to be ridiculously active are still active but nobody is replying or interacting with them.,10.0,u89f6e,2022-04-21T00:13:13Z,2022-04-21
8987,fb,wallstreetbets,COMMENT,$FB Earnings Play. Gains = Imminent,"I'll be waiting to buy them on market open on 4/27 so theta doesn't decimate the premiums. Then, when the puts have grown over 1000% throughout the day in anticipation of earnings, just before close I'll sell them back for a sweet profit.

That way I win, regardless.",7.0,u89f6e,2022-04-21T02:29:38Z,2022-04-21
8989,fb,wallstreetbets,COMMENT,$FB Earnings Play. Gains = Imminent,[deleted],3.0,u89f6e,2022-04-21T01:10:59Z,2022-04-21
8990,fb,wallstreetbets,COMMENT,$FB Earnings Play. Gains = Imminent,"But yo what about the metaverse, is that something?  I mean maybe they could sue the Dr strange movie for copyright infringement?  Or sue Ron artest?  Gotta be a way to monetize it",3.0,u89f6e,2022-04-21T02:42:20Z,2022-04-21
8991,fb,wallstreetbets,COMMENT,$FB Earnings Play. Gains = Imminent,"You son of bitch, I am in.",5.0,u89f6e,2022-04-21T00:22:08Z,2022-04-21
8992,fb,wallstreetbets,COMMENT,$FB Earnings Play. Gains = Imminent,What if it doesnâ€™t print?,2.0,u89f6e,2022-04-21T00:13:43Z,2022-04-21
9011,fb,wallstreetbets,COMMENT,My $SNAP calls are gonna be over $100k by Friday! Of course $FB will give me another $100k ðŸ˜ðŸ¤‘ðŸ¤‘ðŸ¤‘,RIP to your snap calls â˜ ï¸,2.0,u81lpw,2022-04-21T01:58:16Z,2022-04-21
9017,fb,wallstreetbets,COMMENT,My $SNAP calls are gonna be over $100k by Friday! Of course $FB will give me another $100k ðŸ˜ðŸ¤‘ðŸ¤‘ðŸ¤‘,print me some money snap!!!!,1.0,u81lpw,2022-04-21T00:48:56Z,2022-04-21
9018,fb,wallstreetbets,COMMENT,My $SNAP calls are gonna be over $100k by Friday! Of course $FB will give me another $100k ðŸ˜ðŸ¤‘ðŸ¤‘ðŸ¤‘,Any Snap puts to hedge?,1.0,u81lpw,2022-04-21T00:59:23Z,2022-04-21
9019,fb,wallstreetbets,COMMENT,My $SNAP calls are gonna be over $100k by Friday! Of course $FB will give me another $100k ðŸ˜ðŸ¤‘ðŸ¤‘ðŸ¤‘,"How do you think your TSLA PUT will play out? Also, Iâ€™m dumb enough to follow your trades! Letâ€™s ðŸ¦ baby!",1.0,u81lpw,2022-04-21T02:17:23Z,2022-04-21
9111,fb,stocks,COMMENT,"NFLX plummeted 35%, and its teammates, who were as stupid as pigs, dragged down FB, DIS, ROKU, and AMZN by themselves.",F and N are dead. There is just AAG,1.0,u7yu86,2022-04-21T00:18:32Z,2022-04-21
9112,fb,stocks,COMMENT,"NFLX plummeted 35%, and its teammates, who were as stupid as pigs, dragged down FB, DIS, ROKU, and AMZN by themselves.",Down -5% today and didnt even have Netflix :(,1.0,u7yu86,2022-04-21T00:31:16Z,2022-04-21
9113,fb,stocks,COMMENT,"NFLX plummeted 35%, and its teammates, who were as stupid as pigs, dragged down FB, DIS, ROKU, and AMZN by themselves.",I bought a share of shop at 530. Been watching it bounce for a while and wanted to grab it pre split.,1.0,u7yu86,2022-04-21T00:47:42Z,2022-04-21
9279,amc,wallstreetbets,COMMENT,AMC holders when someone has a genuine argument,I haven't seen one DD against AMC here?,1.0,u7id6p,2022-04-21T00:12:45Z,2022-04-21
9410,dis,stocks,COMMENT,"NFLX plummeted 35%, and its teammates, who were as stupid as pigs, dragged down FB, DIS, ROKU, and AMZN by themselves.",F and N are dead. There is just AAG,1.0,u7yu86,2022-04-21T00:18:32Z,2022-04-21
9411,dis,stocks,COMMENT,"NFLX plummeted 35%, and its teammates, who were as stupid as pigs, dragged down FB, DIS, ROKU, and AMZN by themselves.",Down -5% today and didnt even have Netflix :(,1.0,u7yu86,2022-04-21T00:31:16Z,2022-04-21
9412,dis,stocks,COMMENT,"NFLX plummeted 35%, and its teammates, who were as stupid as pigs, dragged down FB, DIS, ROKU, and AMZN by themselves.",I bought a share of shop at 530. Been watching it bounce for a while and wanted to grab it pre split.,1.0,u7yu86,2022-04-21T00:47:42Z,2022-04-21
9741,amzn,wallstreetbets,POST,DD - $AMZN 2500 PUTS 4/29,"Amazon will tank on earnings due to 7 factors:

1. Price increase announced in February 16
2. Amazon stock buyback/split announced March 9, 2022
3. Amazon 5% fuel/inflation surcharge announced April 13
4. $JBHT last mile logistics company Q1 results
5. Valuation/growth issues
6. Competition hitting inflection point
7. $UPS earnings 4/26 TBD



1 - Amazon announced a price increase which reflects that internally they are seeing increases costs and likely new member stagnation. Market has likely reached saturation like $NFLX reached.

2 - This is a gambit to create short term hype. If you review FY21 financials they generate no free cash flow (cash from ops - capex - stock based comp). A $10 billion buyback ONLY keeps their share count flat at best. It does not reduce it. (509k -503k = 6k. 6k / 503k = 1.2% dilution. 1.2% dilution on 1.6 trillion market cap means it requires almost $20 billion free cash flow to buyback the stock comp. We know stock split means nothing in reality but it's used to pump up the market on your company.

3 - This is weird that it came out about a month and change after quarter end. Seems like management/board received draft financials and didn't like what they saw. A 5% surcharge is their ""fix"" for future quarters.

4 - $JBHT just had earnings with 33% revenue growth and huge earnings growth. Except ALL of that earnings growth is because they charge a fuel surcharge. Without it they had lower earnings than 2021.

5 - The valuation for a company growing operating cash flow 10-15% would be in the 20x -25x normally. This company hides the fact that they can't create real cash flow using stock based comp and they are granting so much that they now can't buy enough back to even stay at 0 dilution. We may see Amazon only grow high single digits (inflation rate) and the premium does not make sense. Same issue as Netflix.

6 - $TGT, $WMT, $COST and other retailers are doing a much better job of leveraging their local stores with delivery. They can share the delivery price burden with their retail store sales and absorb more costs. TGT is growing at the same revenue year over year as $AMZN as of FY 20 to FY 21.

7 - Watch $UPS earnings to get an idea of how the costs of delivery were in Q1. This will give us more insight into what to expect for $AMZN.

I am risk averse so putting like 1% of my boomer portfolio into $2500 Puts. If I am right I expect a COVID roundtrip back to $2100 by the end of the month. I expect $2400 to be the realistic initial sell-off. At $2400 you make $250-$300 into $10k so risk/reward is there. I will have a few thousand worth. Have $1k so far but will add as we get closer and likely after $UPS earnings.

Biggest risk is that I DO think AWS will continue to do well AND I think capex for AWS may be cheaper than expected (Check GPU/CPU prices dropping everywhere and becoming readily available).

For chart fiends there is NO volume between $3k and $2400.

For street cred on financials: My day job is income tax manager for 20+ billion revenue public company.

Edit: 2 new items brought to my attention. They will mark to market their Rivian loss which could trip up the algos that trade on headline #s. Also, $FDX earnings are out and guidance was not good.",78.0,u8atpk,2022-04-21T00:33:09Z,2022-04-21
9742,amzn,wallstreetbets,COMMENT,DD - $AMZN 2500 PUTS 4/29,"You identified the biggest risk correctly. 

AWS can single handedly carry $AMZN.",35.0,u8atpk,2022-04-21T01:26:50Z,2022-04-21
9743,amzn,wallstreetbets,COMMENT,DD - $AMZN 2500 PUTS 4/29,Getting rejected in comments. Can only mean one thing.... You are right ðŸ‘ I'm looking towards puts as well. Not sold either way yet.,39.0,u8atpk,2022-04-21T00:55:31Z,2022-04-21
9744,amzn,wallstreetbets,COMMENT,DD - $AMZN 2500 PUTS 4/29,"Wow, concise and well thought out DD. What a rarity these days. Whether or not you end up being right thank you for sharing your hypothesis in an intelligent and straightforward fashion. I will absolutely pick up at least a few puts near that strike for the opportunity cost.",10.0,u8atpk,2022-04-21T02:00:30Z,2022-04-21
9745,amzn,wallstreetbets,COMMENT,DD - $AMZN 2500 PUTS 4/29,Canâ€™t wait for the loss porn.,52.0,u8atpk,2022-04-21T00:37:26Z,2022-04-21
9746,amzn,wallstreetbets,COMMENT,DD - $AMZN 2500 PUTS 4/29,$123 DIS 4/22 PUTS much wower. It was too late in the day and minutes to closing bell before their bad news broke. Tomorrow is going to be a crap show in the Magical Kingdom and Iâ€™ll be there ready to post my loss porn.,6.0,u8atpk,2022-04-21T01:03:05Z,2022-04-21
9747,amzn,wallstreetbets,COMMENT,DD - $AMZN 2500 PUTS 4/29,Bringing coffee to the manager dosnt mean your actually the manager,19.0,u8atpk,2022-04-21T00:38:07Z,2022-04-21
9748,amzn,wallstreetbets,COMMENT,DD - $AMZN 2500 PUTS 4/29,This is too logical to work in this market. Earnings will be terrible and stock will climb.,7.0,u8atpk,2022-04-21T01:05:57Z,2022-04-21
9749,amzn,wallstreetbets,COMMENT,DD - $AMZN 2500 PUTS 4/29,And all their revenue was from their holding in another stock last earnings,8.0,u8atpk,2022-04-21T02:17:24Z,2022-04-21
9750,amzn,wallstreetbets,COMMENT,DD - $AMZN 2500 PUTS 4/29,"Iâ€™ll buy puts tomorrow, then Iâ€™ll read this post.",3.0,u8atpk,2022-04-21T03:36:12Z,2022-04-21
9751,amzn,wallstreetbets,COMMENT,DD - $AMZN 2500 PUTS 4/29,"I can add several other reasons, being an ""independent contractor"" not even counted in their system

But I won't. Or I'll lose my gig. 

Tldr: Value Amazon only on cloud; most else they take a loss on ""charity work"" employing anyone who can afford to run their car into the ground, customer subsidized",4.0,u8atpk,2022-04-21T00:39:54Z,2022-04-21
9752,amzn,wallstreetbets,COMMENT,DD - $AMZN 2500 PUTS 4/29,Smart person right here,5.0,u8atpk,2022-04-21T00:58:16Z,2022-04-21
9753,amzn,wallstreetbets,COMMENT,DD - $AMZN 2500 PUTS 4/29,"So itâ€™ll be $3,300 by then",2.0,u8atpk,2022-04-21T01:48:11Z,2022-04-21
9754,amzn,wallstreetbets,COMMENT,DD - $AMZN 2500 PUTS 4/29,So.. record earnings,2.0,u8atpk,2022-04-21T02:10:28Z,2022-04-21
9755,amzn,wallstreetbets,COMMENT,DD - $AMZN 2500 PUTS 4/29,Why does this post not show the number of votes? I updooted but there is no number.....weird.,2.0,u8atpk,2022-04-21T02:23:23Z,2022-04-21
9756,amzn,wallstreetbets,COMMENT,DD - $AMZN 2500 PUTS 4/29,Terrible DD,2.0,u8atpk,2022-04-21T03:36:49Z,2022-04-21
9757,amzn,wallstreetbets,COMMENT,DD - $AMZN 2500 PUTS 4/29,Thanks for the write up. Iâ€™m gonna do a put. And puts on Fb twitter and Disney (u concur? ) puts in all them.,2.0,u8atpk,2022-04-21T00:59:00Z,2022-04-21
9758,amzn,wallstreetbets,COMMENT,DD - $AMZN 2500 PUTS 4/29,Do they have anyone that worked at BCG before?,2.0,u8atpk,2022-04-21T00:35:36Z,2022-04-21
9759,amzn,wallstreetbets,COMMENT,DD - $AMZN 2500 PUTS 4/29,IV will give you 1k% and youâ€™ll hold to 0. Carry on retard,2.0,u8atpk,2022-04-21T00:37:20Z,2022-04-21
9760,amzn,wallstreetbets,COMMENT,DD - $AMZN 2500 PUTS 4/29,"AWS, Amazon is not just a retail, DIS is not just a park...and more... please stop ignoring other business of the company entirely and gambling on it.

Btw, real DD here: MSFT sells windows labtop and they are falling to take market share, they get hit by inflation, shipping, and raising labor cost short MSFT to get rich, their labtop business is dying MSFT 100 put!!!",0.0,u8atpk,2022-04-21T01:43:05Z,2022-04-21
9761,amzn,wallstreetbets,COMMENT,DD - $AMZN 2500 PUTS 4/29,LoL people think amazon makes money off delivering packages still? AWS is where they make money the rest is pretty much a customer subsidized marketing budget.,1.0,u8atpk,2022-04-21T01:13:53Z,2022-04-21
9762,amzn,wallstreetbets,COMMENT,DD - $AMZN 2500 PUTS 4/29,![img](emote|t5_2th52|4267),1.0,u8atpk,2022-04-21T02:00:35Z,2022-04-21
9763,amzn,wallstreetbets,COMMENT,DD - $AMZN 2500 PUTS 4/29,What about their marketing that crushed the last results? AWS carries the water over there for earnings and you see that as the only risk to your DDâ€¦ might want to get your 1% out now before you lose that crazy yolo,1.0,u8atpk,2022-04-21T00:40:01Z,2022-04-21
9764,amzn,wallstreetbets,COMMENT,DD - $AMZN 2500 PUTS 4/29,Papa Jeff wonâ€™t allow it,1.0,u8atpk,2022-04-21T01:04:42Z,2022-04-21
9765,amzn,wallstreetbets,COMMENT,DD - $AMZN 2500 PUTS 4/29,Ok boomer,-1.0,u8atpk,2022-04-21T00:36:43Z,2022-04-21
9766,amzn,wallstreetbets,COMMENT,DD - $AMZN 2500 PUTS 4/29,Iâ€™m confused about puts. Say I buy 1 put option and I bet that XYZ($210) is going to drop to $200. Letâ€™s say it drops to $203. Do I only lose $200 or so I also have to pay a larger price?,0.0,u8atpk,2022-04-21T01:49:13Z,2022-04-21
9767,amzn,wallstreetbets,COMMENT,DD - $AMZN 2500 PUTS 4/29,Ok. So calls it is.,-1.0,u8atpk,2022-04-21T00:53:13Z,2022-04-21
9768,amzn,wallstreetbets,COMMENT,DD - $AMZN 2500 PUTS 4/29,I don't see how that strike makes you any money when you're stuck with it until expiration,-1.0,u8atpk,2022-04-21T01:09:05Z,2022-04-21
9769,amzn,wallstreetbets,COMMENT,DD - $AMZN 2500 PUTS 4/29,So buy calls. Thanks bud.,-1.0,u8atpk,2022-04-21T01:10:58Z,2022-04-21
9770,amzn,wallstreetbets,COMMENT,DD - $AMZN 2500 PUTS 4/29,That's not how numbering works.,1.0,u8atpk,2022-04-21T01:26:53Z,2022-04-21
9771,amzn,wallstreetbets,COMMENT,DD - $AMZN 2500 PUTS 4/29,@2400 you make 270k off 27 contracts. 17 day old account but looks interesting ðŸ§ ðŸ¤¤,1.0,u8atpk,2022-04-21T01:39:04Z,2022-04-21
9772,amzn,wallstreetbets,COMMENT,DD - $AMZN 2500 PUTS 4/29,"Jeff Cuck might carry market high, what about the stock split?",1.0,u8atpk,2022-04-21T02:30:47Z,2022-04-21
9773,amzn,wallstreetbets,COMMENT,DD - $AMZN 2500 PUTS 4/29,If any one of you clowns really understand AWS is the single thing that made Amazon profitable in the first place. Listen to this and analyze your whole post again because AWS is not loosing any business any time soon ( mean next few years) . Adjust your strategy here and you are welcome clown,1.0,u8atpk,2022-04-21T02:39:06Z,2022-04-21
9774,amzn,wallstreetbets,COMMENT,DD - $AMZN 2500 PUTS 4/29,"I would hope that the 5% surcharge wouldn't be only to combat fuel price increases because if they weren't contracting fuel out 18-24 months last spring then they're dumber than I thought. 
Every tom, dick, and Harry in trucking or big farming operations was contracting fuel as far out as they could a year ago by the tanker load even if they had to increase their line of credit to do it.

Edit: I forget that they contract a lot of freight so forget everything I just said, I'm a moron.",1.0,u8atpk,2022-04-21T02:55:23Z,2022-04-21
9775,amzn,wallstreetbets,COMMENT,DD - $AMZN 2500 PUTS 4/29,#8 I own shares,1.0,u8atpk,2022-04-21T02:57:22Z,2022-04-21
9776,amzn,wallstreetbets,COMMENT,DD - $AMZN 2500 PUTS 4/29,Amazon and google both gonna hit hard. Canâ€™t stop the goats,1.0,u8atpk,2022-04-21T02:58:27Z,2022-04-21
9777,amzn,wallstreetbets,COMMENT,DD - $AMZN 2500 PUTS 4/29,Lots of words hope you're right puts going in!!!,1.0,u8atpk,2022-04-21T03:05:31Z,2022-04-21
9778,amzn,wallstreetbets,COMMENT,DD - $AMZN 2500 PUTS 4/29,Id feel better if you posted a position.,1.0,u8atpk,2022-04-21T03:14:55Z,2022-04-21
9779,amzn,wallstreetbets,COMMENT,DD - $AMZN 2500 PUTS 4/29,I am thinking about itâ€™s dominoâ€™s effect on BABA and JD. Calls on JD!,1.0,u8atpk,2022-04-21T03:33:47Z,2022-04-21
9780,amzn,wallstreetbets,COMMENT,DD - $AMZN 2500 PUTS 4/29,"You need to consider about the Amazon resolving its union issues, which is a big deal.. also Amazon has been trading at low volume last 10 days, no high  sell off.. and is it me or no one else spots the inverse head and shoulders in the daily chart? Also thy bought IMDB..so next step movies?",1.0,u8atpk,2022-04-21T03:37:56Z,2022-04-21
9781,amzn,wallstreetbets,COMMENT,DD - $AMZN 2500 PUTS 4/29,Amazon can't use unrealized Rivivian Gains like the did last Quarter. They are going to drop after earnings after Q4 raised expectations so much.,1.0,u8atpk,2022-04-21T03:57:44Z,2022-04-21
9782,amzn,wallstreetbets,COMMENT,DD - $AMZN 2500 PUTS 4/29,I thought the split would be a good thing,1.0,u8atpk,2022-04-21T04:40:04Z,2022-04-21
9783,amzn,wallstreetbets,COMMENT,DD - $AMZN 2500 PUTS 4/29,RemindMe! 10 days,1.0,u8atpk,2022-04-21T04:53:09Z,2022-04-21
9784,amzn,wallstreetbets,COMMENT,DD - $AMZN 2500 PUTS 4/29,So this IS financial advice?,-4.0,u8atpk,2022-04-21T00:44:11Z,2022-04-21
9829,amzn,stocks,COMMENT,"NFLX plummeted 35%, and its teammates, who were as stupid as pigs, dragged down FB, DIS, ROKU, and AMZN by themselves.",F and N are dead. There is just AAG,1.0,u7yu86,2022-04-21T00:18:32Z,2022-04-21
9830,amzn,stocks,COMMENT,"NFLX plummeted 35%, and its teammates, who were as stupid as pigs, dragged down FB, DIS, ROKU, and AMZN by themselves.",Down -5% today and didnt even have Netflix :(,1.0,u7yu86,2022-04-21T00:31:16Z,2022-04-21
9831,amzn,stocks,COMMENT,"NFLX plummeted 35%, and its teammates, who were as stupid as pigs, dragged down FB, DIS, ROKU, and AMZN by themselves.",I bought a share of shop at 530. Been watching it bounce for a while and wanted to grab it pre split.,1.0,u7yu86,2022-04-21T00:47:42Z,2022-04-21
9900,snap,wallstreetbets,COMMENT,$SNAP bull case for earnings rip,Idk man. Think about this. The market already knows about snapâ€™s user growth since last ER. It popped 58% but yet it is lower than that right now. If the sentiment is bullish then why would snap be lower than last ER and also underperform the market during that time period?,2.0,u82hmb,2022-04-21T04:11:55Z,2022-04-21
9901,snap,wallstreetbets,COMMENT,$SNAP bull case for earnings rip,"Just roughly see thru snap qr for q4 2021, there are not earning money from ads, nor do they have a good user growth projection, if it up tomorrow, i might get some put.

Always inverse WSB",1.0,u82hmb,2022-04-21T01:45:19Z,2022-04-21
9921,snap,wallstreetbets,COMMENT,My $SNAP calls are gonna be over $100k by Friday! Of course $FB will give me another $100k ðŸ˜ðŸ¤‘ðŸ¤‘ðŸ¤‘,RIP to your snap calls â˜ ï¸,2.0,u81lpw,2022-04-21T01:58:16Z,2022-04-21
9927,snap,wallstreetbets,COMMENT,My $SNAP calls are gonna be over $100k by Friday! Of course $FB will give me another $100k ðŸ˜ðŸ¤‘ðŸ¤‘ðŸ¤‘,print me some money snap!!!!,1.0,u81lpw,2022-04-21T00:48:56Z,2022-04-21
9928,snap,wallstreetbets,COMMENT,My $SNAP calls are gonna be over $100k by Friday! Of course $FB will give me another $100k ðŸ˜ðŸ¤‘ðŸ¤‘ðŸ¤‘,Any Snap puts to hedge?,1.0,u81lpw,2022-04-21T00:59:23Z,2022-04-21
9929,snap,wallstreetbets,COMMENT,My $SNAP calls are gonna be over $100k by Friday! Of course $FB will give me another $100k ðŸ˜ðŸ¤‘ðŸ¤‘ðŸ¤‘,"How do you think your TSLA PUT will play out? Also, Iâ€™m dumb enough to follow your trades! Letâ€™s ðŸ¦ baby!",1.0,u81lpw,2022-04-21T02:17:23Z,2022-04-21
10041,vix,wallstreetbets,COMMENT,The rogue VIX spike that leaked out today to spark that morning sell-off has happened three other times since Corona on green market days. In all three other instances the spike has been followed by a 20% volatility increase within two trading days afterwards.,"Anyone else find it odd that a lot of the market was red, sometimes by 5%+... yet VIX was *down* 5% for most the day?",2.0,u80by5,2022-04-21T00:11:25Z,2022-04-21
10079,qqq,wallstreetbets,COMMENT,"4-20-22 SPY, Apple, QQQ Daily TA (with p/l screenshots)",Thanks for sharing. What time frame are you watching? Also when you take a trade what time frame are you entering on?,1.0,u89ppa,2022-04-21T01:06:56Z,2022-04-21
10080,qqq,wallstreetbets,COMMENT,"4-20-22 SPY, Apple, QQQ Daily TA (with p/l screenshots)",Show me your ways. Retardation hasn't been profitable for me recently (I'm big gay spy bear),1.0,u89ppa,2022-04-21T02:30:03Z,2022-04-21
10081,qqq,wallstreetbets,COMMENT,"4-20-22 SPY, Apple, QQQ Daily TA (with p/l screenshots)",Spy go red?,1.0,u89ppa,2022-04-21T03:20:13Z,2022-04-21
10082,qqq,wallstreetbets,COMMENT,"4-20-22 SPY, Apple, QQQ Daily TA (with p/l screenshots)",What do think of snap daddy ?,0.0,u89ppa,2022-04-21T01:43:43Z,2022-04-21
10186,appl,wallstreetbets,COMMENT,"4-20-22 SPY, Apple, QQQ Daily TA (with p/l screenshots)",Thanks for sharing. What time frame are you watching? Also when you take a trade what time frame are you entering on?,1.0,u89ppa,2022-04-21T01:06:56Z,2022-04-21
10187,appl,wallstreetbets,COMMENT,"4-20-22 SPY, Apple, QQQ Daily TA (with p/l screenshots)",Show me your ways. Retardation hasn't been profitable for me recently (I'm big gay spy bear),1.0,u89ppa,2022-04-21T02:30:03Z,2022-04-21
10188,appl,wallstreetbets,COMMENT,"4-20-22 SPY, Apple, QQQ Daily TA (with p/l screenshots)",Spy go red?,1.0,u89ppa,2022-04-21T03:20:13Z,2022-04-21
10189,appl,wallstreetbets,COMMENT,"4-20-22 SPY, Apple, QQQ Daily TA (with p/l screenshots)",What do think of snap daddy ?,0.0,u89ppa,2022-04-21T01:43:43Z,2022-04-21
10601,tlry,wallstreetbets,COMMENT,4/20 TLRY rally?? Maybe..Bought some fun tickets expiring Friday,"Aaaaand it was down 7% today.

-fellow TLRY bagholder",1.0,u7mhnj,2022-04-21T02:38:29Z,2022-04-21
